indicatorId,source,outcomeId,geographyId,period,metricKind,value,count,denominator,ciLow,ciHigh,dataStatus,periodStatus,suppressed,manifestRef
sih-acute-bronchitis-bronchiolitis,SIH,acute_bronchitis_bronchiolitis,brazil_total,2008,crude_rate_per_100k,20.83667094603618,39509,189612823,20.631710390105972,21.04316052971353,source_observed,complete_annual,False,reports/quality/respiratory_rates_manifest.json
sih-acute-bronchitis-bronchiolitis,SIH,acute_bronchitis_bronchiolitis,rest_of_rj_excluding_vr,2008,crude_rate_per_100k,16.582812123399947,2589,15612551,15.950136485293491,17.23414910571993,source_observed,complete_annual,False,reports/quality/respiratory_rates_manifest.json
sih-acute-bronchitis-bronchiolitis,SIH,acute_bronchitis_bronchiolitis,rj_total,2008,crude_rate_per_100k,16.76499061702348,2661,15872362,16.13399411358102,17.41434135789181,source_observed,complete_annual,False,reports/quality/respiratory_rates_manifest.json
sih-acute-bronchitis-bronchiolitis,SIH,acute_bronchitis_bronchiolitis,volta_redonda,2008,crude_rate_per_100k,27.712452513557935,72,259811,21.683287347413444,34.89924754712385,source_observed,complete_annual,False,reports/quality/respiratory_rates_manifest.json
sih-acute-bronchitis-bronchiolitis,SIH,acute_bronchitis_bronchiolitis,brazil_total,2009,crude_rate_per_100k,24.433280797122926,46785,191480630,24.212376396930743,24.655699101697017,source_observed,complete_annual,False,reports/quality/respiratory_rates_manifest.json
sih-acute-bronchitis-bronchiolitis,SIH,acute_bronchitis_bronchiolitis,rest_of_rj_excluding_vr,2009,crude_rate_per_100k,17.156616542508722,2702,15749026,16.51575155861666,17.815978588537895,source_observed,complete_annual,False,reports/quality/respiratory_rates_manifest.json
sih-acute-bronchitis-bronchiolitis,SIH,acute_bronchitis_bronchiolitis,rj_total,2009,crude_rate_per_100k,17.12009091074324,2741,16010429,16.485113293998857,17.773262751162736,source_observed,complete_annual,False,reports/quality/respiratory_rates_manifest.json
sih-acute-bronchitis-bronchiolitis,SIH,acute_bronchitis_bronchiolitis,volta_redonda,2009,crude_rate_per_100k,14.919492125186014,39,261403,10.609217372959176,20.39543687939038,source_observed,complete_annual,False,reports/quality/respiratory_rates_manifest.json
sih-acute-bronchitis-bronchiolitis,SIH,acute_bronchitis_bronchiolitis,brazil_total,2010,crude_rate_per_100k,25.137374722746962,47951,190755799,24.91287857234016,25.36339050102895,source_observed,complete_annual,False,reports/quality/respiratory_rates_manifest.json
sih-acute-bronchitis-bronchiolitis,SIH,acute_bronchitis_bronchiolitis,rest_of_rj_excluding_vr,2010,crude_rate_per_100k,16.75552306153663,2636,15732126,16.12192798160404,17.407636556454612,source_observed,complete_annual,False,reports/quality/respiratory_rates_manifest.json
sih-acute-bronchitis-bronchiolitis,SIH,acute_bronchitis_bronchiolitis,rj_total,2010,crude_rate_per_100k,16.760549718513445,2680,15989929,16.13193923061229,17.407379073553784,source_observed,complete_annual,False,reports/quality/respiratory_rates_manifest.json
sih-acute-bronchitis-bronchiolitis,SIH,acute_bronchitis_bronchiolitis,volta_redonda,2010,crude_rate_per_100k,17.067295570648906,44,257803,12.40112308939164,22.9120476799369,source_observed,complete_annual,False,reports/quality/respiratory_rates_manifest.json
sih-acute-bronchitis-bronchiolitis,SIH,acute_bronchitis_bronchiolitis,brazil_total,2011,crude_rate_per_100k,28.260838704532677,54368,192379287,28.023777909625643,28.49940616176414,source_observed,complete_annual,False,reports/quality/respiratory_rates_manifest.json
sih-acute-bronchitis-bronchiolitis,SIH,acute_bronchitis_bronchiolitis,rest_of_rj_excluding_vr,2011,crude_rate_per_100k,18.071529954018207,2865,15853666,17.415794603311646,18.745636865814625,source_observed,complete_annual,False,reports/quality/respiratory_rates_manifest.json
sih-acute-bronchitis-bronchiolitis,SIH,acute_bronchitis_bronchiolitis,rj_total,2011,crude_rate_per_100k,18.116169143329248,2919,16112678,17.46486727791497,18.785546195882016,source_observed,complete_annual,False,reports/quality/respiratory_rates_manifest.json
sih-acute-bronchitis-bronchiolitis,SIH,acute_bronchitis_bronchiolitis,volta_redonda,2011,crude_rate_per_100k,20.84845489784257,54,259012,15.662000977771203,27.20271122330653,source_observed,complete_annual,False,reports/quality/respiratory_rates_manifest.json
sih-acute-bronchitis-bronchiolitis,SIH,acute_bronchitis_bronchiolitis,brazil_total,2012,crude_rate_per_100k,27.901968995779594,54115,193946886,27.66737317034363,28.13805931081447,source_observed,complete_annual,False,reports/quality/respiratory_rates_manifest.json
sih-acute-bronchitis-bronchiolitis,SIH,acute_bronchitis_bronchiolitis,rest_of_rj_excluding_vr,2012,crude_rate_per_100k,17.22477073554655,2751,15971185,16.58706190087294,17.880718288252623,source_observed,complete_annual,False,reports/quality/respiratory_rates_manifest.json
sih-acute-bronchitis-bronchiolitis,SIH,acute_bronchitis_bronchiolitis,rj_total,2012,crude_rate_per_100k,17.213586164811154,2794,16231365,16.581168712934446,17.863949093564496,source_observed,complete_annual,False,reports/quality/respiratory_rates_manifest.json
sih-acute-bronchitis-bronchiolitis,SIH,acute_bronchitis_bronchiolitis,volta_redonda,2012,crude_rate_per_100k,16.527019755553848,43,260180,11.960686144963942,22.26178715135046,source_observed,complete_annual,False,reports/quality/respiratory_rates_manifest.json
sih-acute-bronchitis-bronchiolitis,SIH,acute_bronchitis_bronchiolitis,brazil_total,2013,crude_rate_per_100k,28.494864771113818,57284,201032714,28.26199152747364,28.72917976915247,source_observed,complete_annual,False,reports/quality/respiratory_rates_manifest.json
sih-acute-bronchitis-bronchiolitis,SIH,acute_bronchitis_bronchiolitis,rest_of_rj_excluding_vr,2013,crude_rate_per_100k,16.07930936200094,2590,16107657,15.465960907536724,16.71074553825586,source_observed,complete_annual,False,reports/quality/respiratory_rates_manifest.json
sih-acute-bronchitis-bronchiolitis,SIH,acute_bronchitis_bronchiolitis,rj_total,2013,crude_rate_per_100k,16.164524806039445,2646,16369179,15.554422886754747,16.79242422438123,source_observed,complete_annual,False,reports/quality/respiratory_rates_manifest.json
sih-acute-bronchitis-bronchiolitis,SIH,acute_bronchitis_bronchiolitis,volta_redonda,2013,crude_rate_per_100k,21.41311247237326,56,261522,16.17523504050528,27.80670766038228,source_observed,complete_annual,False,reports/quality/respiratory_rates_manifest.json
sih-acute-bronchitis-bronchiolitis,SIH,acute_bronchitis_bronchiolitis,brazil_total,2014,crude_rate_per_100k,25.40926438093495,51522,202768562,25.1903282252665,25.629630058314905,source_observed,complete_annual,False,reports/quality/respiratory_rates_manifest.json
sih-acute-bronchitis-bronchiolitis,SIH,acute_bronchitis_bronchiolitis,rest_of_rj_excluding_vr,2014,crude_rate_per_100k,14.087364128237239,2282,16198914,13.51524359632146,14.677478207190743,source_observed,complete_annual,False,reports/quality/respiratory_rates_manifest.json
sih-acute-bronchitis-bronchiolitis,SIH,acute_bronchitis_bronchiolitis,rj_total,2014,crude_rate_per_100k,14.415740603661721,2373,16461173,13.841504798533503,15.007680884597402,source_observed,complete_annual,False,reports/quality/respiratory_rates_manifest.json
sih-acute-bronchitis-bronchiolitis,SIH,acute_bronchitis_bronchiolitis,volta_redonda,2014,crude_rate_per_100k,34.69852321559985,91,262259,27.937086428618688,42.60209751297293,source_observed,complete_annual,False,reports/quality/respiratory_rates_manifest.json
sih-acute-bronchitis-bronchiolitis,SIH,acute_bronchitis_bronchiolitis,brazil_total,2015,crude_rate_per_100k,27.273165388187316,55760,204450049,27.047257248674725,27.500491210660755,source_observed,complete_annual,False,reports/quality/respiratory_rates_manifest.json
sih-acute-bronchitis-bronchiolitis,SIH,acute_bronchitis_bronchiolitis,rest_of_rj_excluding_vr,2015,crude_rate_per_100k,18.30288031217923,2981,16287054,17.651682849919904,18.97195828300932,source_observed,complete_annual,False,reports/quality/respiratory_rates_manifest.json
sih-acute-bronchitis-bronchiolitis,SIH,acute_bronchitis_bronchiolitis,rj_total,2015,crude_rate_per_100k,18.259792251660784,3022,16550024,17.614510444211117,18.922669722733048,source_observed,complete_annual,False,reports/quality/respiratory_rates_manifest.json
sih-acute-bronchitis-bronchiolitis,SIH,acute_bronchitis_bronchiolitis,volta_redonda,2015,crude_rate_per_100k,15.591132068296762,41,262970,11.188465554418862,21.15113114261509,source_observed,complete_annual,False,reports/quality/respiratory_rates_manifest.json
sih-acute-bronchitis-bronchiolitis,SIH,acute_bronchitis_bronchiolitis,brazil_total,2016,crude_rate_per_100k,25.870841192524324,53315,206081432,25.651700346288532,26.091388544654816,source_observed,complete_annual,False,reports/quality/respiratory_rates_manifest.json
sih-acute-bronchitis-bronchiolitis,SIH,acute_bronchitis_bronchiolitis,rest_of_rj_excluding_vr,2016,crude_rate_per_100k,17.70669636228475,2899,16372337,17.067943517642266,18.363238107984785,source_observed,complete_annual,False,reports/quality/respiratory_rates_manifest.json
sih-acute-bronchitis-bronchiolitis,SIH,acute_bronchitis_bronchiolitis,rj_total,2016,crude_rate_per_100k,17.732632299262395,2950,16635996,17.098447264827026,18.38432335889779,source_observed,complete_annual,False,reports/quality/respiratory_rates_manifest.json
sih-acute-bronchitis-bronchiolitis,SIH,acute_bronchitis_bronchiolitis,volta_redonda,2016,crude_rate_per_100k,19.34316674189009,51,263659,14.402258158564951,25.43269199102014,source_observed,complete_annual,False,reports/quality/respiratory_rates_manifest.json
sih-acute-bronchitis-bronchiolitis,SIH,acute_bronchitis_bronchiolitis,brazil_total,2017,crude_rate_per_100k,29.642070993528108,61555,207660929,29.408360823608962,29.877176829726103,source_observed,complete_annual,False,reports/quality/respiratory_rates_manifest.json
sih-acute-bronchitis-bronchiolitis,SIH,acute_bronchitis_bronchiolitis,rest_of_rj_excluding_vr,2017,crude_rate_per_100k,20.232463653433516,3329,16453755,19.550948195669065,20.93167263447679,source_observed,complete_annual,False,reports/quality/respiratory_rates_manifest.json
sih-acute-bronchitis-bronchiolitis,SIH,acute_bronchitis_bronchiolitis,rj_total,2017,crude_rate_per_100k,20.318254321621517,3397,16718956,19.640675870133844,21.01324461962131,source_observed,complete_annual,False,reports/quality/respiratory_rates_manifest.json
sih-acute-bronchitis-bronchiolitis,SIH,acute_bronchitis_bronchiolitis,volta_redonda,2017,crude_rate_per_100k,25.640928955773166,68,265201,19.91118463076024,32.50598721574562,source_observed,complete_annual,False,reports/quality/respiratory_rates_manifest.json
sih-acute-bronchitis-bronchiolitis,SIH,acute_bronchitis_bronchiolitis,brazil_total,2018,crude_rate_per_100k,31.50292884861932,65682,208494900,31.26246179536608,31.744785925127385,source_observed,complete_annual,False,reports/quality/respiratory_rates_manifest.json
sih-acute-bronchitis-bronchiolitis,SIH,acute_bronchitis_bronchiolitis,rest_of_rj_excluding_vr,2018,crude_rate_per_100k,24.69806599517455,4171,16887962,23.95415679619061,25.459203125893552,source_observed,complete_annual,False,reports/quality/respiratory_rates_manifest.json
sih-acute-bronchitis-bronchiolitis,SIH,acute_bronchitis_bronchiolitis,rj_total,2018,crude_rate_per_100k,24.790267576381297,4254,17159960,24.050846501450714,25.54664264456281,source_observed,complete_annual,False,reports/quality/respiratory_rates_manifest.json
sih-acute-bronchitis-bronchiolitis,SIH,acute_bronchitis_bronchiolitis,volta_redonda,2018,crude_rate_per_100k,30.51493025684012,83,271998,24.30497161663067,37.827847189047745,source_observed,complete_annual,False,reports/quality/respiratory_rates_manifest.json
sih-acute-bronchitis-bronchiolitis,SIH,acute_bronchitis_bronchiolitis,brazil_total,2019,crude_rate_per_100k,32.18602205478661,67638,210147125,31.943912613195256,32.42951056447627,source_observed,complete_annual,False,reports/quality/respiratory_rates_manifest.json
sih-acute-bronchitis-bronchiolitis,SIH,acute_bronchitis_bronchiolitis,rest_of_rj_excluding_vr,2019,crude_rate_per_100k,20.40380225178645,3467,16991931,19.73021754210578,21.094518087912533,source_observed,complete_annual,False,reports/quality/respiratory_rates_manifest.json
sih-acute-bronchitis-bronchiolitis,SIH,acute_bronchitis_bronchiolitis,rj_total,2019,crude_rate_per_100k,20.76462111690725,3585,17264943,20.090407584694383,21.455693287557875,source_observed,complete_annual,False,reports/quality/respiratory_rates_manifest.json
sih-acute-bronchitis-bronchiolitis,SIH,acute_bronchitis_bronchiolitis,volta_redonda,2019,crude_rate_per_100k,43.221543375382765,118,273012,35.775613870557684,51.76018809571102,source_observed,complete_annual,False,reports/quality/respiratory_rates_manifest.json
sih-acute-bronchitis-bronchiolitis,SIH,acute_bronchitis_bronchiolitis,brazil_total,2020,crude_rate_per_100k,10.4686678268842,22168,211755692,10.331307077607272,10.607398495248033,source_observed,complete_annual,False,reports/quality/respiratory_rates_manifest.json
sih-acute-bronchitis-bronchiolitis,SIH,acute_bronchitis_bronchiolitis,rest_of_rj_excluding_vr,2020,crude_rate_per_100k,8.816886719270386,1507,17092201,8.377303444582692,9.273550631992798,source_observed,complete_annual,False,reports/quality/respiratory_rates_manifest.json
sih-acute-bronchitis-bronchiolitis,SIH,acute_bronchitis_bronchiolitis,rj_total,2020,crude_rate_per_100k,8.74112334030224,1518,17366189,8.306879224682588,9.192178087422516,source_observed,complete_annual,False,reports/quality/respiratory_rates_manifest.json
sih-acute-bronchitis-bronchiolitis,SIH,acute_bronchitis_bronchiolitis,volta_redonda,2020,crude_rate_per_100k,4.014774369680424,11,273988,2.0041609001988543,7.183540342387972,source_observed,complete_annual,False,reports/quality/respiratory_rates_manifest.json
sih-acute-bronchitis-bronchiolitis,SIH,acute_bronchitis_bronchiolitis,brazil_total,2021,crude_rate_per_100k,21.932082231605797,46785,213317639,21.733791485857523,22.13173190559914,source_observed,complete_annual,False,reports/quality/respiratory_rates_manifest.json
sih-acute-bronchitis-bronchiolitis,SIH,acute_bronchitis_bronchiolitis,rest_of_rj_excluding_vr,2021,crude_rate_per_100k,18.32046963700686,3149,17188424,17.686118005024813,18.971761305202698,source_observed,complete_annual,False,reports/quality/respiratory_rates_manifest.json
sih-acute-bronchitis-bronchiolitis,SIH,acute_bronchitis_bronchiolitis,rj_total,2021,crude_rate_per_100k,18.478700734893405,3227,17463349,17.84658310844661,19.127490501266415,source_observed,complete_annual,False,reports/quality/respiratory_rates_manifest.json
sih-acute-bronchitis-bronchiolitis,SIH,acute_bronchitis_bronchiolitis,volta_redonda,2021,crude_rate_per_100k,28.371374011093934,78,274925,22.426393818321483,35.40875877089017,source_observed,complete_annual,False,reports/quality/respiratory_rates_manifest.json
sih-acute-bronchitis-bronchiolitis,SIH,acute_bronchitis_bronchiolitis,brazil_total,2022,crude_rate_per_100k,39.91367847773819,81057,203080756,39.63937183349566,40.18941201556984,source_observed,complete_annual,False,reports/quality/respiratory_rates_manifest.json
sih-acute-bronchitis-bronchiolitis,SIH,acute_bronchitis_bronchiolitis,rest_of_rj_excluding_vr,2022,crude_rate_per_100k,35.14079205825697,5550,15793611,34.222290396855975,36.07770265332799,source_observed,complete_annual,False,reports/quality/respiratory_rates_manifest.json
sih-acute-bronchitis-bronchiolitis,SIH,acute_bronchitis_bronchiolitis,rj_total,2022,crude_rate_per_100k,35.259661464895984,5661,16055174,34.34707394876168,36.19035720123505,source_observed,complete_annual,False,reports/quality/respiratory_rates_manifest.json
sih-acute-bronchitis-bronchiolitis,SIH,acute_bronchitis_bronchiolitis,volta_redonda,2022,crude_rate_per_100k,42.437194863187834,111,261563,34.91064403993701,51.1053292669436,source_observed,complete_annual,False,reports/quality/respiratory_rates_manifest.json
sih-acute-bronchitis-bronchiolitis,SIH,acute_bronchitis_bronchiolitis,brazil_total,2024,crude_rate_per_100k,47.539381537864486,101061,212583750,47.24673138174214,47.83339463315439,source_observed,complete_annual,False,reports/quality/respiratory_rates_manifest.json
sih-acute-bronchitis-bronchiolitis,SIH,acute_bronchitis_bronchiolitis,rest_of_rj_excluding_vr,2024,crude_rate_per_100k,28.436022874203626,4817,16939781,27.638604530046823,29.250610253608812,source_observed,complete_annual,False,reports/quality/respiratory_rates_manifest.json
sih-acute-bronchitis-bronchiolitis,SIH,acute_bronchitis_bronchiolitis,rj_total,2024,crude_rate_per_100k,28.856519334651942,4969,17219679,28.059695505171142,29.670231865830328,source_observed,complete_annual,False,reports/quality/respiratory_rates_manifest.json
sih-acute-bronchitis-bronchiolitis,SIH,acute_bronchitis_bronchiolitis,volta_redonda,2024,crude_rate_per_100k,54.30549700247947,152,279898,46.01553941577811,63.657560380063344,source_observed,complete_annual,False,reports/quality/respiratory_rates_manifest.json
sih-acute-bronchitis-bronchiolitis,SIH,acute_bronchitis_bronchiolitis,brazil_total,2025,crude_rate_per_100k,56.30044802003282,120157,213421037,55.98255630525836,56.61969720729422,provisional,provisional_2025,False,reports/quality/respiratory_rates_manifest.json
sih-acute-bronchitis-bronchiolitis,SIH,acute_bronchitis_bronchiolitis,rest_of_rj_excluding_vr,2025,crude_rate_per_100k,36.267432565593005,6145,16943576,35.366251256208216,37.18576954945579,provisional,provisional_2025,False,reports/quality/respiratory_rates_manifest.json
sih-acute-bronchitis-bronchiolitis,SIH,acute_bronchitis_bronchiolitis,rj_total,2025,crude_rate_per_100k,36.54880147509685,6295,17223547,35.65144703522988,37.463031854870074,provisional,provisional_2025,False,reports/quality/respiratory_rates_manifest.json
sih-acute-bronchitis-bronchiolitis,SIH,acute_bronchitis_bronchiolitis,volta_redonda,2025,crude_rate_per_100k,53.57697761553875,150,279971,45.34618274794349,62.869785119556845,provisional,provisional_2025,False,reports/quality/respiratory_rates_manifest.json
sih-acute-myocardial-infarction,SIH,acute_myocardial_infarction,brazil_total,2008,crude_rate_per_100k,32.815818579949095,62223,189612823,32.558475156975454,33.074690503094295,source_observed,complete_annual,False,reports/quality/respiratory_rates_manifest.json
sih-acute-myocardial-infarction,SIH,acute_myocardial_infarction,rest_of_rj_excluding_vr,2008,crude_rate_per_100k,29.55955115855186,4615,15612551,28.71280859299032,30.424924256736396,source_observed,complete_annual,False,reports/quality/respiratory_rates_manifest.json
sih-acute-myocardial-infarction,SIH,acute_myocardial_infarction,rj_total,2008,crude_rate_per_100k,30.027036933759447,4766,15872362,29.18054111891292,30.89185687709066,source_observed,complete_annual,False,reports/quality/respiratory_rates_manifest.json
sih-acute-myocardial-infarction,SIH,acute_myocardial_infarction,volta_redonda,2008,crude_rate_per_100k,58.119171243711776,151,259811,49.218945949554445,68.16371639625746,source_observed,complete_annual,False,reports/quality/respiratory_rates_manifest.json
sih-acute-myocardial-infarction,SIH,acute_myocardial_infarction,brazil_total,2009,crude_rate_per_100k,35.828689303978166,68605,191480630,35.56108163025854,36.09781047038821,source_observed,complete_annual,False,reports/quality/respiratory_rates_manifest.json
sih-acute-myocardial-infarction,SIH,acute_myocardial_infarction,rest_of_rj_excluding_vr,2009,crude_rate_per_100k,31.913084656790836,5026,15749026,31.036835641104965,32.807798950778505,source_observed,complete_annual,False,reports/quality/respiratory_rates_manifest.json
sih-acute-myocardial-infarction,SIH,acute_myocardial_infarction,rj_total,2009,crude_rate_per_100k,32.4538461773885,5196,16010429,31.57734800568158,33.348506725502205,source_observed,complete_annual,False,reports/quality/respiratory_rates_manifest.json
sih-acute-myocardial-infarction,SIH,acute_myocardial_infarction,volta_redonda,2009,crude_rate_per_100k,65.03368362260571,170,261403,55.624886080058346,75.57812032638219,source_observed,complete_annual,False,reports/quality/respiratory_rates_manifest.json
sih-acute-myocardial-infarction,SIH,acute_myocardial_infarction,brazil_total,2010,crude_rate_per_100k,39.156869878435515,74694,190755799,38.87655632639471,39.43870259255426,source_observed,complete_annual,False,reports/quality/respiratory_rates_manifest.json
sih-acute-myocardial-infarction,SIH,acute_myocardial_infarction,rest_of_rj_excluding_vr,2010,crude_rate_per_100k,34.64884529910325,5451,15732126,33.73506917227461,35.58110305920487,source_observed,complete_annual,False,reports/quality/respiratory_rates_manifest.json
sih-acute-myocardial-infarction,SIH,acute_myocardial_infarction,rj_total,2010,crude_rate_per_100k,35.2284240911889,5633,15989929,34.314396510778664,36.160633981670365,source_observed,complete_annual,False,reports/quality/respiratory_rates_manifest.json
sih-acute-myocardial-infarction,SIH,acute_myocardial_infarction,volta_redonda,2010,crude_rate_per_100k,70.5965407695023,182,257803,60.71230780138749,81.63131677302393,source_observed,complete_annual,False,reports/quality/respiratory_rates_manifest.json
sih-acute-myocardial-infarction,SIH,acute_myocardial_infarction,brazil_total,2011,crude_rate_per_100k,41.91303609520083,80632,192379287,41.624232034717735,42.20334642768643,source_observed,complete_annual,False,reports/quality/respiratory_rates_manifest.json
sih-acute-myocardial-infarction,SIH,acute_myocardial_infarction,rest_of_rj_excluding_vr,2011,crude_rate_per_100k,39.63751980141375,6284,15853666,38.663484295936485,40.62988952819059,source_observed,complete_annual,False,reports/quality/respiratory_rates_manifest.json
sih-acute-myocardial-infarction,SIH,acute_myocardial_infarction,rj_total,2011,crude_rate_per_100k,40.26022241616198,6487,16112678,39.28639314746388,41.25208997703569,source_observed,complete_annual,False,reports/quality/respiratory_rates_manifest.json
sih-acute-myocardial-infarction,SIH,acute_myocardial_infarction,volta_redonda,2011,crude_rate_per_100k,78.37474711596373,203,259012,67.96352525084639,89.92968498605298,source_observed,complete_annual,False,reports/quality/respiratory_rates_manifest.json
sih-acute-myocardial-infarction,SIH,acute_myocardial_infarction,brazil_total,2012,crude_rate_per_100k,43.740325895204116,84833,193946886,43.44647563555526,44.03567020765559,source_observed,complete_annual,False,reports/quality/respiratory_rates_manifest.json
sih-acute-myocardial-infarction,SIH,acute_myocardial_infarction,rest_of_rj_excluding_vr,2012,crude_rate_per_100k,38.46928077033733,6144,15971185,37.51331013940896,39.44345158964951,source_observed,complete_annual,False,reports/quality/respiratory_rates_manifest.json
sih-acute-myocardial-infarction,SIH,acute_myocardial_infarction,rj_total,2012,crude_rate_per_100k,39.01705124615213,6333,16231365,38.061956455738994,39.99005333186588,source_observed,complete_annual,False,reports/quality/respiratory_rates_manifest.json
sih-acute-myocardial-infarction,SIH,acute_myocardial_infarction,volta_redonda,2012,crude_rate_per_100k,72.64201706510877,189,260180,62.65440736604571,83.76914855757516,source_observed,complete_annual,False,reports/quality/respiratory_rates_manifest.json
sih-acute-myocardial-infarction,SIH,acute_myocardial_infarction,brazil_total,2013,crude_rate_per_100k,43.057171282082976,86559,201032714,42.77080419780472,43.34497974132257,source_observed,complete_annual,False,reports/quality/respiratory_rates_manifest.json
sih-acute-myocardial-infarction,SIH,acute_myocardial_infarction,rest_of_rj_excluding_vr,2013,crude_rate_per_100k,37.55356846746861,6049,16107657,36.61309979213232,38.51208373514346,source_observed,complete_annual,False,reports/quality/respiratory_rates_manifest.json
sih-acute-myocardial-infarction,SIH,acute_myocardial_infarction,rj_total,2013,crude_rate_per_100k,38.12042131129484,6240,16369179,37.180389862049786,39.078209848790145,source_observed,complete_annual,False,reports/quality/respiratory_rates_manifest.json
sih-acute-myocardial-infarction,SIH,acute_myocardial_infarction,volta_redonda,2013,crude_rate_per_100k,73.03400861113023,191,261522,63.04325609118621,84.15829563393267,source_observed,complete_annual,False,reports/quality/respiratory_rates_manifest.json
sih-acute-myocardial-infarction,SIH,acute_myocardial_infarction,brazil_total,2014,crude_rate_per_100k,46.555047325334385,94399,202768562,46.258532000860136,46.852991615911776,source_observed,complete_annual,False,reports/quality/respiratory_rates_manifest.json
sih-acute-myocardial-infarction,SIH,acute_myocardial_infarction,rest_of_rj_excluding_vr,2014,crude_rate_per_100k,42.576928305193796,6897,16198914,41.577958709006154,43.59383790660657,source_observed,complete_annual,False,reports/quality/respiratory_rates_manifest.json
sih-acute-myocardial-infarction,SIH,acute_myocardial_infarction,rj_total,2014,crude_rate_per_100k,43.11964888528904,7098,16461173,42.12228949711532,44.134661440169104,source_observed,complete_annual,False,reports/quality/respiratory_rates_manifest.json
sih-acute-myocardial-infarction,SIH,acute_myocardial_infarction,volta_redonda,2014,crude_rate_per_100k,76.6417930366546,201,262259,66.41207561959573,88.0011935372535,source_observed,complete_annual,False,reports/quality/respiratory_rates_manifest.json
sih-acute-myocardial-infarction,SIH,acute_myocardial_infarction,brazil_total,2015,crude_rate_per_100k,49.50255600085476,101208,204450049,49.19804168708495,49.80848747493791,source_observed,complete_annual,False,reports/quality/respiratory_rates_manifest.json
sih-acute-myocardial-infarction,SIH,acute_myocardial_infarction,rest_of_rj_excluding_vr,2015,crude_rate_per_100k,45.30592211458254,7379,16287054,44.278026410793075,46.351658340239545,source_observed,complete_annual,False,reports/quality/respiratory_rates_manifest.json
sih-acute-myocardial-infarction,SIH,acute_myocardial_infarction,rj_total,2015,crude_rate_per_100k,45.78241094997808,7577,16550024,44.75728955611319,46.82508848682579,source_observed,complete_annual,False,reports/quality/respiratory_rates_manifest.json
sih-acute-myocardial-infarction,SIH,acute_myocardial_infarction,volta_redonda,2015,crude_rate_per_100k,75.29375974445755,198,262970,65.1708859958325,86.54345621832096,source_observed,complete_annual,False,reports/quality/respiratory_rates_manifest.json
sih-acute-myocardial-infarction,SIH,acute_myocardial_infarction,brazil_total,2016,crude_rate_per_100k,52.220134029348166,107616,206081432,51.90859887303311,52.53307508229737,source_observed,complete_annual,False,reports/quality/respiratory_rates_manifest.json
sih-acute-myocardial-infarction,SIH,acute_myocardial_infarction,rest_of_rj_excluding_vr,2016,crude_rate_per_100k,45.54633831443856,7457,16372337,44.51837606512766,46.59204779070651,source_observed,complete_annual,False,reports/quality/respiratory_rates_manifest.json
sih-acute-myocardial-infarction,SIH,acute_myocardial_infarction,rj_total,2016,crude_rate_per_100k,46.21905415221307,7689,16635996,45.19167866246689,47.263894564698894,source_observed,complete_annual,False,reports/quality/respiratory_rates_manifest.json
sih-acute-myocardial-infarction,SIH,acute_myocardial_infarction,volta_redonda,2016,crude_rate_per_100k,87.99244478663728,232,263659,77.03315913156354,100.07363910044496,source_observed,complete_annual,False,reports/quality/respiratory_rates_manifest.json
sih-acute-myocardial-infarction,SIH,acute_myocardial_infarction,brazil_total,2017,crude_rate_per_100k,54.14788450647834,112444,207660929,53.831849802437986,54.465314382517704,source_observed,complete_annual,False,reports/quality/respiratory_rates_manifest.json
sih-acute-myocardial-infarction,SIH,acute_myocardial_infarction,rest_of_rj_excluding_vr,2017,crude_rate_per_100k,46.78567293605624,7698,16453755,45.74630714781076,47.84269704809774,source_observed,complete_annual,False,reports/quality/respiratory_rates_manifest.json
sih-acute-myocardial-infarction,SIH,acute_myocardial_infarction,rj_total,2017,crude_rate_per_100k,47.49698485958095,7941,16718956,46.45799772172069,48.55334919290429,source_observed,complete_annual,False,reports/quality/respiratory_rates_manifest.json
sih-acute-myocardial-infarction,SIH,acute_myocardial_infarction,volta_redonda,2017,crude_rate_per_100k,91.6286137684247,243,265201,80.46918364244678,103.90288494632222,source_observed,complete_annual,False,reports/quality/respiratory_rates_manifest.json
sih-acute-myocardial-infarction,SIH,acute_myocardial_infarction,brazil_total,2018,crude_rate_per_100k,57.07861439296596,119006,208494900,56.754776279111645,57.40384205902822,source_observed,complete_annual,False,reports/quality/respiratory_rates_manifest.json
sih-acute-myocardial-infarction,SIH,acute_myocardial_infarction,rest_of_rj_excluding_vr,2018,crude_rate_per_100k,50.627778532424465,8550,16887962,49.56026406965953,51.71249393406707,source_observed,complete_annual,False,reports/quality/respiratory_rates_manifest.json
sih-acute-myocardial-infarction,SIH,acute_myocardial_infarction,rj_total,2018,crude_rate_per_100k,51.037415005629384,8758,17159960,49.97405207926279,52.11770548775677,source_observed,complete_annual,False,reports/quality/respiratory_rates_manifest.json
sih-acute-myocardial-infarction,SIH,acute_myocardial_infarction,volta_redonda,2018,crude_rate_per_100k,76.47115052316562,208,271998,66.4312731348895,87.59984034690522,source_observed,complete_annual,False,reports/quality/respiratory_rates_manifest.json
sih-acute-myocardial-infarction,SIH,acute_myocardial_infarction,brazil_total,2019,crude_rate_per_100k,62.4319747415055,131199,210147125,62.094602142772494,62.77072590317245,source_observed,complete_annual,False,reports/quality/respiratory_rates_manifest.json
sih-acute-myocardial-infarction,SIH,acute_myocardial_infarction,rest_of_rj_excluding_vr,2019,crude_rate_per_100k,55.985396833355786,9513,16991931,54.865951300468424,57.12193482573443,source_observed,complete_annual,False,reports/quality/respiratory_rates_manifest.json
sih-acute-myocardial-infarction,SIH,acute_myocardial_infarction,rj_total,2019,crude_rate_per_100k,56.675541876969994,9785,17264943,55.55808029892081,57.809824817794336,source_observed,complete_annual,False,reports/quality/respiratory_rates_manifest.json
sih-acute-myocardial-infarction,SIH,acute_myocardial_infarction,volta_redonda,2019,crude_rate_per_100k,99.62932032291621,272,273012,88.13999646572302,112.20035124880903,source_observed,complete_annual,False,reports/quality/respiratory_rates_manifest.json
sih-acute-myocardial-infarction,SIH,acute_myocardial_infarction,brazil_total,2020,crude_rate_per_100k,61.59976091693441,130441,211755692,61.26592098846429,61.9349689400178,source_observed,complete_annual,False,reports/quality/respiratory_rates_manifest.json
sih-acute-myocardial-infarction,SIH,acute_myocardial_infarction,rest_of_rj_excluding_vr,2020,crude_rate_per_100k,52.1407395103767,8912,17092201,51.06376716992217,53.23470598284179,source_observed,complete_annual,False,reports/quality/respiratory_rates_manifest.json
sih-acute-myocardial-infarction,SIH,acute_myocardial_infarction,rj_total,2020,crude_rate_per_100k,52.504323199522936,9118,17366189,51.432098751102885,53.59327298485045,source_observed,complete_annual,False,reports/quality/respiratory_rates_manifest.json
sih-acute-myocardial-infarction,SIH,acute_myocardial_infarction,volta_redonda,2020,crude_rate_per_100k,75.18577455946976,206,273988,65.26855774549848,86.18401316317501,source_observed,complete_annual,False,reports/quality/respiratory_rates_manifest.json
sih-acute-myocardial-infarction,SIH,acute_myocardial_infarction,brazil_total,2021,crude_rate_per_100k,66.01376269685791,140819,213317639,65.66941907409829,66.359464349084,source_observed,complete_annual,False,reports/quality/respiratory_rates_manifest.json
sih-acute-myocardial-infarction,SIH,acute_myocardial_infarction,rest_of_rj_excluding_vr,2021,crude_rate_per_100k,53.61748116057644,9216,17188424,52.528331825333545,54.72352849105245,source_observed,complete_annual,False,reports/quality/respiratory_rates_manifest.json
sih-acute-myocardial-infarction,SIH,acute_myocardial_infarction,rj_total,2021,crude_rate_per_100k,54.25648883269755,9475,17463349,53.16945094088864,55.36015789297499,source_observed,complete_annual,False,reports/quality/respiratory_rates_manifest.json
sih-acute-myocardial-infarction,SIH,acute_myocardial_infarction,volta_redonda,2021,crude_rate_per_100k,94.20751113940165,259,274925,83.08263394368853,106.40709426448093,source_observed,complete_annual,False,reports/quality/respiratory_rates_manifest.json
sih-acute-myocardial-infarction,SIH,acute_myocardial_infarction,brazil_total,2022,crude_rate_per_100k,80.24984898125946,162972,203080756,79.86070044983305,80.6404239070979,source_observed,complete_annual,False,reports/quality/respiratory_rates_manifest.json
sih-acute-myocardial-infarction,SIH,acute_myocardial_infarction,rest_of_rj_excluding_vr,2022,crude_rate_per_100k,81.34301902205898,12847,15793611,79.94243568908907,82.76198283311975,source_observed,complete_annual,False,reports/quality/respiratory_rates_manifest.json
sih-acute-myocardial-infarction,SIH,acute_myocardial_infarction,rj_total,2022,crude_rate_per_100k,83.9853868914781,13484,16055174,82.57373219437473,85.41512133672295,source_observed,complete_annual,False,reports/quality/respiratory_rates_manifest.json
sih-acute-myocardial-infarction,SIH,acute_myocardial_infarction,volta_redonda,2022,crude_rate_per_100k,243.53597412478064,637,261563,224.98847417119396,263.2047758392361,source_observed,complete_annual,False,reports/quality/respiratory_rates_manifest.json
sih-acute-myocardial-infarction,SIH,acute_myocardial_infarction,brazil_total,2024,crude_rate_per_100k,85.08458431088924,180876,212583750,84.69291951927657,85.47761167577711,source_observed,complete_annual,False,reports/quality/respiratory_rates_manifest.json
sih-acute-myocardial-infarction,SIH,acute_myocardial_infarction,rest_of_rj_excluding_vr,2024,crude_rate_per_100k,91.21723592530505,15452,16939781,89.78459109980518,92.66701308920155,source_observed,complete_annual,False,reports/quality/respiratory_rates_manifest.json
sih-acute-myocardial-infarction,SIH,acute_myocardial_infarction,rj_total,2024,crude_rate_per_100k,93.77642870113897,16148,17219679,92.33555693794129,95.23415332913922,source_observed,complete_annual,False,reports/quality/respiratory_rates_manifest.json
sih-acute-myocardial-infarction,SIH,acute_myocardial_infarction,volta_redonda,2024,crude_rate_per_100k,248.66201259030075,696,279898,230.52903920818355,267.8422416490783,source_observed,complete_annual,False,reports/quality/respiratory_rates_manifest.json
sih-acute-myocardial-infarction,SIH,acute_myocardial_infarction,brazil_total,2025,crude_rate_per_100k,93.62666530385194,199819,213421037,93.21659406656428,94.03809371639109,provisional,provisional_2025,False,reports/quality/respiratory_rates_manifest.json
sih-acute-myocardial-infarction,SIH,acute_myocardial_infarction,rest_of_rj_excluding_vr,2025,crude_rate_per_100k,104.60011511147353,17723,16943576,103.06574497260078,106.15161067500757,provisional,provisional_2025,False,reports/quality/respiratory_rates_manifest.json
sih-acute-myocardial-infarction,SIH,acute_myocardial_infarction,rj_total,2025,crude_rate_per_100k,107.57366064028508,18528,17223547,106.03020868080091,109.13395871161339,provisional,provisional_2025,False,reports/quality/respiratory_rates_manifest.json
sih-acute-myocardial-infarction,SIH,acute_myocardial_infarction,volta_redonda,2025,crude_rate_per_100k,287.529779870058,805,279971,268.0077602848092,308.0978612201967,provisional,provisional_2025,False,reports/quality/respiratory_rates_manifest.json
sih-asthma,SIH,asthma,brazil_total,2008,crude_rate_per_100k,108.32178792042984,205392,189612823,107.85382803382723,108.79127537648766,source_observed,complete_annual,False,reports/quality/respiratory_rates_manifest.json
sih-asthma,SIH,asthma,rest_of_rj_excluding_vr,2008,crude_rate_per_100k,70.98775850275845,11083,15612551,69.67222684186709,72.32188803509175,source_observed,complete_annual,False,reports/quality/respiratory_rates_manifest.json
sih-asthma,SIH,asthma,rj_total,2008,crude_rate_per_100k,70.27309482986841,11154,15872362,68.97493945873963,71.58954346175477,source_observed,complete_annual,False,reports/quality/respiratory_rates_manifest.json
sih-asthma,SIH,asthma,volta_redonda,2008,crude_rate_per_100k,27.327557339758517,71,259811,21.34304900658518,34.4699951530538,source_observed,complete_annual,False,reports/quality/respiratory_rates_manifest.json
sih-asthma,SIH,asthma,brazil_total,2009,crude_rate_per_100k,106.11882778952628,203197,191480630,105.65791806811487,106.58125018572261,source_observed,complete_annual,False,reports/quality/respiratory_rates_manifest.json
sih-asthma,SIH,asthma,rest_of_rj_excluding_vr,2009,crude_rate_per_100k,55.216113047244946,8696,15749026,54.061614666479386,56.38905573655545,source_observed,complete_annual,False,reports/quality/respiratory_rates_manifest.json
sih-asthma,SIH,asthma,rj_total,2009,crude_rate_per_100k,54.67061500975395,8753,16010429,53.53123088386386,55.82814208970814,source_observed,complete_annual,False,reports/quality/respiratory_rates_manifest.json
sih-asthma,SIH,asthma,volta_redonda,2009,crude_rate_per_100k,21.80541156757956,57,261403,16.515205779170376,28.251439885143938,source_observed,complete_annual,False,reports/quality/respiratory_rates_manifest.json
sih-asthma,SIH,asthma,brazil_total,2010,crude_rate_per_100k,101.2797519198879,193197,190755799,100.82863139202509,101.73239089947923,source_observed,complete_annual,False,reports/quality/respiratory_rates_manifest.json
sih-asthma,SIH,asthma,rest_of_rj_excluding_vr,2010,crude_rate_per_100k,55.20550750737694,8685,15732126,54.05050395455508,56.37897522442552,source_observed,complete_annual,False,reports/quality/respiratory_rates_manifest.json
sih-asthma,SIH,asthma,rj_total,2010,crude_rate_per_100k,54.70943617072972,8748,15989929,53.5689188785806,55.86811969590517,source_observed,complete_annual,False,reports/quality/respiratory_rates_manifest.json
sih-asthma,SIH,asthma,volta_redonda,2010,crude_rate_per_100k,24.437264112520026,63,257803,18.778264719761694,31.26587638114781,source_observed,complete_annual,False,reports/quality/respiratory_rates_manifest.json
sih-asthma,SIH,asthma,brazil_total,2011,crude_rate_per_100k,92.6409504782082,178222,192379287,92.21134204142857,93.07206460018516,source_observed,complete_annual,False,reports/quality/respiratory_rates_manifest.json
sih-asthma,SIH,asthma,rest_of_rj_excluding_vr,2011,crude_rate_per_100k,46.41828584000697,7359,15853666,45.36373097762143,47.491169023874754,source_observed,complete_annual,False,reports/quality/respiratory_rates_manifest.json
sih-asthma,SIH,asthma,rj_total,2011,crude_rate_per_100k,45.95139305831098,7404,16112678,44.91060457495737,47.01021501951014,source_observed,complete_annual,False,reports/quality/respiratory_rates_manifest.json
sih-asthma,SIH,asthma,volta_redonda,2011,crude_rate_per_100k,17.37371241486881,45,259012,12.672505053138257,23.247394135004868,source_observed,complete_annual,False,reports/quality/respiratory_rates_manifest.json
sih-asthma,SIH,asthma,brazil_total,2012,crude_rate_per_100k,76.41370431696438,148202,193946886,76.0251546455719,76.80374761922856,source_observed,complete_annual,False,reports/quality/respiratory_rates_manifest.json
sih-asthma,SIH,asthma,rest_of_rj_excluding_vr,2012,crude_rate_per_100k,37.50504424061208,5990,15971185,36.56120553253111,38.46708413332337,source_observed,complete_annual,False,reports/quality/respiratory_rates_manifest.json
sih-asthma,SIH,asthma,rj_total,2012,crude_rate_per_100k,37.20574332472962,6039,16231365,36.2732190865307,38.156176676450265,source_observed,complete_annual,False,reports/quality/respiratory_rates_manifest.json
sih-asthma,SIH,asthma,volta_redonda,2012,crude_rate_per_100k,18.83311553539857,49,260180,13.932842550860611,24.898377505157313,source_observed,complete_annual,False,reports/quality/respiratory_rates_manifest.json
sih-asthma,SIH,asthma,brazil_total,2013,crude_rate_per_100k,66.81599095359176,134322,201032714,66.45914430114738,67.17427865446139,source_observed,complete_annual,False,reports/quality/respiratory_rates_manifest.json
sih-asthma,SIH,asthma,rest_of_rj_excluding_vr,2013,crude_rate_per_100k,28.11706258706651,4529,16107657,27.30408488173363,28.948099015339896,source_observed,complete_annual,False,reports/quality/respiratory_rates_manifest.json
sih-asthma,SIH,asthma,rj_total,2013,crude_rate_per_100k,27.912212335145213,4569,16369179,27.108672552246706,28.73352193739627,source_observed,complete_annual,False,reports/quality/respiratory_rates_manifest.json
sih-asthma,SIH,asthma,volta_redonda,2013,crude_rate_per_100k,15.295080337409471,40,261522,10.927029634902214,20.827558279603274,source_observed,complete_annual,False,reports/quality/respiratory_rates_manifest.json
sih-asthma,SIH,asthma,brazil_total,2014,crude_rate_per_100k,57.40485549234205,116399,202768562,57.075544536160606,57.73559525832922,source_observed,complete_annual,False,reports/quality/respiratory_rates_manifest.json
sih-asthma,SIH,asthma,rest_of_rj_excluding_vr,2014,crude_rate_per_100k,24.970809771568636,4045,16198914,24.20715063986834,25.752431095291687,source_observed,complete_annual,False,reports/quality/respiratory_rates_manifest.json
sih-asthma,SIH,asthma,rj_total,2014,crude_rate_per_100k,24.864570708296426,4093,16461173,24.108598300482075,25.638218586913936,source_observed,complete_annual,False,reports/quality/respiratory_rates_manifest.json
sih-asthma,SIH,asthma,volta_redonda,2014,crude_rate_per_100k,18.302517740096622,48,262259,13.494831759246868,24.266483202531568,source_observed,complete_annual,False,reports/quality/respiratory_rates_manifest.json
sih-asthma,SIH,asthma,brazil_total,2015,crude_rate_per_100k,55.62727940456498,113730,204450049,55.30444836624354,55.95152751790905,source_observed,complete_annual,False,reports/quality/respiratory_rates_manifest.json
sih-asthma,SIH,asthma,rest_of_rj_excluding_vr,2015,crude_rate_per_100k,23.435791396037615,3817,16287054,22.6981482941614,24.19130225651086,source_observed,complete_annual,False,reports/quality/respiratory_rates_manifest.json
sih-asthma,SIH,asthma,rj_total,2015,crude_rate_per_100k,23.673681681670068,3918,16550024,22.938142176516592,24.426803799716364,source_observed,complete_annual,False,reports/quality/respiratory_rates_manifest.json
sih-asthma,SIH,asthma,volta_redonda,2015,crude_rate_per_100k,38.40742289995057,101,262970,31.283476743749834,46.66850047755657,source_observed,complete_annual,False,reports/quality/respiratory_rates_manifest.json
sih-asthma,SIH,asthma,brazil_total,2016,crude_rate_per_100k,46.10701657003237,95018,206081432,45.81431140800289,46.40112772172031,source_observed,complete_annual,False,reports/quality/respiratory_rates_manifest.json
sih-asthma,SIH,asthma,rest_of_rj_excluding_vr,2016,crude_rate_per_100k,14.762706142684458,2417,16372337,14.179972744463154,15.363238963927325,source_observed,complete_annual,False,reports/quality/respiratory_rates_manifest.json
sih-asthma,SIH,asthma,rj_total,2016,crude_rate_per_100k,14.949510687547653,2487,16635996,14.367684998719012,15.548852013165371,source_observed,complete_annual,False,reports/quality/respiratory_rates_manifest.json
sih-asthma,SIH,asthma,volta_redonda,2016,crude_rate_per_100k,26.549444547692282,70,263659,20.69659450576141,33.543625983576874,source_observed,complete_annual,False,reports/quality/respiratory_rates_manifest.json
sih-asthma,SIH,asthma,brazil_total,2017,crude_rate_per_100k,44.8697790425468,93177,207660929,44.58213249885969,45.15882089678222,source_observed,complete_annual,False,reports/quality/respiratory_rates_manifest.json
sih-asthma,SIH,asthma,rest_of_rj_excluding_vr,2017,crude_rate_per_100k,8.642404119910621,1422,16453755,8.198995115535912,9.103561017527866,source_observed,complete_annual,False,reports/quality/respiratory_rates_manifest.json
sih-asthma,SIH,asthma,rj_total,2017,crude_rate_per_100k,9.133345407452476,1527,16718956,8.680938540048036,9.603213247646975,source_observed,complete_annual,False,reports/quality/respiratory_rates_manifest.json
sih-asthma,SIH,asthma,volta_redonda,2017,crude_rate_per_100k,39.59261088759092,105,265201,32.382833141759704,47.9292694480171,source_observed,complete_annual,False,reports/quality/respiratory_rates_manifest.json
sih-asthma,SIH,asthma,brazil_total,2018,crude_rate_per_100k,41.77368367283804,87096,208494900,41.49670929476755,42.05204783307061,source_observed,complete_annual,False,reports/quality/respiratory_rates_manifest.json
sih-asthma,SIH,asthma,rest_of_rj_excluding_vr,2018,crude_rate_per_100k,9.012336716532166,1522,16887962,8.565200445287944,9.476759462077501,source_observed,complete_annual,False,reports/quality/respiratory_rates_manifest.json
sih-asthma,SIH,asthma,rj_total,2018,crude_rate_per_100k,9.609579509509347,1649,17159960,9.15131131742698,10.084854464550165,source_observed,complete_annual,False,reports/quality/respiratory_rates_manifest.json
sih-asthma,SIH,asthma,volta_redonda,2018,crude_rate_per_100k,46.691519790586696,127,271998,38.92461630266556,55.55405004856769,source_observed,complete_annual,False,reports/quality/respiratory_rates_manifest.json
sih-asthma,SIH,asthma,brazil_total,2019,crude_rate_per_100k,38.043347012242016,79947,210147125,37.78008854187579,38.30798440705351,source_observed,complete_annual,False,reports/quality/respiratory_rates_manifest.json
sih-asthma,SIH,asthma,rest_of_rj_excluding_vr,2019,crude_rate_per_100k,9.50451128832856,1615,16991931,9.046565654828571,9.979633336995517,source_observed,complete_annual,False,reports/quality/respiratory_rates_manifest.json
sih-asthma,SIH,asthma,rj_total,2019,crude_rate_per_100k,10.170899492688738,1756,17264943,9.700695828144381,10.65800221191272,source_observed,complete_annual,False,reports/quality/respiratory_rates_manifest.json
sih-asthma,SIH,asthma,volta_redonda,2019,crude_rate_per_100k,51.64608149092348,141,273012,43.47349093531452,60.90865172345814,source_observed,complete_annual,False,reports/quality/respiratory_rates_manifest.json
sih-asthma,SIH,asthma,brazil_total,2020,crude_rate_per_100k,22.649686318703537,47962,211755692,22.447430291190614,22.85331127177175,source_observed,complete_annual,False,reports/quality/respiratory_rates_manifest.json
sih-asthma,SIH,asthma,rest_of_rj_excluding_vr,2020,crude_rate_per_100k,6.950538435629209,1188,17092201,6.560871057585575,7.357304954541326,source_observed,complete_annual,False,reports/quality/respiratory_rates_manifest.json
sih-asthma,SIH,asthma,rj_total,2020,crude_rate_per_100k,7.266994502939015,1262,17366189,6.871541736459876,7.679271803589978,source_observed,complete_annual,False,reports/quality/respiratory_rates_manifest.json
sih-asthma,SIH,asthma,volta_redonda,2020,crude_rate_per_100k,27.00848212330467,74,273988,21.207467569142068,33.906676022999775,source_observed,complete_annual,False,reports/quality/respiratory_rates_manifest.json
sih-asthma,SIH,asthma,brazil_total,2021,crude_rate_per_100k,25.80096060410644,55038,213317639,25.585852665961795,26.01742730499643,source_observed,complete_annual,False,reports/quality/respiratory_rates_manifest.json
sih-asthma,SIH,asthma,rest_of_rj_excluding_vr,2021,crude_rate_per_100k,13.724353087868904,2359,17188424,13.176054532428367,14.289607378433525,source_observed,complete_annual,False,reports/quality/respiratory_rates_manifest.json
sih-asthma,SIH,asthma,rj_total,2021,crude_rate_per_100k,14.241254641363463,2487,17463349,13.68699383880775,14.81220125049388,source_observed,complete_annual,False,reports/quality/respiratory_rates_manifest.json
sih-asthma,SIH,asthma,volta_redonda,2021,crude_rate_per_100k,46.558152223333636,128,274925,38.84235111139548,55.357795186641454,source_observed,complete_annual,False,reports/quality/respiratory_rates_manifest.json
sih-asthma,SIH,asthma,brazil_total,2022,crude_rate_per_100k,41.07922466075515,83424,203080756,40.8009349604785,41.35894123042618,source_observed,complete_annual,False,reports/quality/respiratory_rates_manifest.json
sih-asthma,SIH,asthma,rest_of_rj_excluding_vr,2022,crude_rate_per_100k,20.805881568186024,3286,15793611,20.10051948810228,21.529677426260953,source_observed,complete_annual,False,reports/quality/respiratory_rates_manifest.json
sih-asthma,SIH,asthma,rj_total,2022,crude_rate_per_100k,21.77491193804564,3496,16055174,21.05902612088296,22.508927987536616,source_observed,complete_annual,False,reports/quality/respiratory_rates_manifest.json
sih-asthma,SIH,asthma,volta_redonda,2022,crude_rate_per_100k,80.28658487630132,210,261563,69.79431599607831,91.91098279924155,source_observed,complete_annual,False,reports/quality/respiratory_rates_manifest.json
sih-asthma,SIH,asthma,brazil_total,2024,crude_rate_per_100k,33.15728507000182,70487,212583750,32.91295282820713,33.40298053692813,source_observed,complete_annual,False,reports/quality/respiratory_rates_manifest.json
sih-asthma,SIH,asthma,rest_of_rj_excluding_vr,2024,crude_rate_per_100k,12.993084149080794,2201,16939781,12.455883795293575,13.547493290888337,source_observed,complete_annual,False,reports/quality/respiratory_rates_manifest.json
sih-asthma,SIH,asthma,rj_total,2024,crude_rate_per_100k,13.61233272699218,2344,17219679,13.066789842932517,14.1748009423479,source_observed,complete_annual,False,reports/quality/respiratory_rates_manifest.json
sih-asthma,SIH,asthma,volta_redonda,2024,crude_rate_per_100k,51.090039943122136,143,279898,43.05971286759988,60.18332982034056,source_observed,complete_annual,False,reports/quality/respiratory_rates_manifest.json
sih-asthma,SIH,asthma,brazil_total,2025,crude_rate_per_100k,35.56725291331051,75908,213421037,35.314677124168384,35.82118651658434,provisional,provisional_2025,False,reports/quality/respiratory_rates_manifest.json
sih-asthma,SIH,asthma,rest_of_rj_excluding_vr,2025,crude_rate_per_100k,17.8769818130482,3029,16943576,17.245952021819324,18.525198448715077,provisional,provisional_2025,False,reports/quality/respiratory_rates_manifest.json
sih-asthma,SIH,asthma,rj_total,2025,crude_rate_per_100k,18.486319920048988,3184,17223547,17.849722830222305,19.139821945262113,provisional,provisional_2025,False,reports/quality/respiratory_rates_manifest.json
sih-asthma,SIH,asthma,volta_redonda,2025,crude_rate_per_100k,55.36287686939004,155,279971,46.99027833589149,64.79703522170348,provisional,provisional_2025,False,reports/quality/respiratory_rates_manifest.json
sih-cardiac-arrhythmia,SIH,cardiac_arrhythmia,brazil_total,2008,crude_rate_per_100k,24.800010492961228,47024,189612823,24.576359692827367,25.025190104326747,source_observed,complete_annual,False,reports/quality/respiratory_rates_manifest.json
sih-cardiac-arrhythmia,SIH,cardiac_arrhythmia,rest_of_rj_excluding_vr,2008,crude_rate_per_100k,16.134454901060053,2519,15612551,15.51047400491208,16.777098834018172,source_observed,complete_annual,False,reports/quality/respiratory_rates_manifest.json
sih-cardiac-arrhythmia,SIH,cardiac_arrhythmia,rj_total,2008,crude_rate_per_100k,16.342873228319768,2594,15872362,15.719947273836192,16.98415494747567,source_observed,complete_annual,False,reports/quality/respiratory_rates_manifest.json
sih-cardiac-arrhythmia,SIH,cardiac_arrhythmia,volta_redonda,2008,crude_rate_per_100k,28.86713803495618,75,259811,22.705835280820075,36.185207496538936,source_observed,complete_annual,False,reports/quality/respiratory_rates_manifest.json
sih-cardiac-arrhythmia,SIH,cardiac_arrhythmia,brazil_total,2009,crude_rate_per_100k,26.730641109756114,51184,191480630,26.499561855687762,26.963234164375514,source_observed,complete_annual,False,reports/quality/respiratory_rates_manifest.json
sih-cardiac-arrhythmia,SIH,cardiac_arrhythmia,rest_of_rj_excluding_vr,2009,crude_rate_per_100k,15.975591125444836,2516,15749026,15.357389470104733,16.61229416436765,source_observed,complete_annual,False,reports/quality/respiratory_rates_manifest.json
sih-cardiac-arrhythmia,SIH,cardiac_arrhythmia,rj_total,2009,crude_rate_per_100k,16.102004512183903,2578,16010429,15.486376310600372,16.735830556537927,source_observed,complete_annual,False,reports/quality/respiratory_rates_manifest.json
sih-cardiac-arrhythmia,SIH,cardiac_arrhythmia,volta_redonda,2009,crude_rate_per_100k,23.718166968244432,62,261403,18.184582612354326,30.405619627833747,source_observed,complete_annual,False,reports/quality/respiratory_rates_manifest.json
sih-cardiac-arrhythmia,SIH,cardiac_arrhythmia,brazil_total,2010,crude_rate_per_100k,28.20569559722795,53804,190755799,27.967863109454793,28.445047581759194,source_observed,complete_annual,False,reports/quality/respiratory_rates_manifest.json
sih-cardiac-arrhythmia,SIH,cardiac_arrhythmia,rest_of_rj_excluding_vr,2010,crude_rate_per_100k,17.1369082602059,2696,15732126,16.496074276522986,17.796259308754763,source_observed,complete_annual,False,reports/quality/respiratory_rates_manifest.json
sih-cardiac-arrhythmia,SIH,cardiac_arrhythmia,rj_total,2010,crude_rate_per_100k,17.292134317794655,2765,15989929,16.6535391636178,17.948946515311675,source_observed,complete_annual,False,reports/quality/respiratory_rates_manifest.json
sih-cardiac-arrhythmia,SIH,cardiac_arrhythmia,volta_redonda,2010,crude_rate_per_100k,26.764622599426694,69,257803,20.824473942058404,33.87234287228825,source_observed,complete_annual,False,reports/quality/respiratory_rates_manifest.json
sih-cardiac-arrhythmia,SIH,cardiac_arrhythmia,brazil_total,2011,crude_rate_per_100k,28.844061575090464,55490,192379287,28.604562081468842,29.08506770886327,source_observed,complete_annual,False,reports/quality/respiratory_rates_manifest.json
sih-cardiac-arrhythmia,SIH,cardiac_arrhythmia,rest_of_rj_excluding_vr,2011,crude_rate_per_100k,17.35876105879864,2752,15853666,16.716207211867676,18.01968880121995,source_observed,complete_annual,False,reports/quality/respiratory_rates_manifest.json
sih-cardiac-arrhythmia,SIH,cardiac_arrhythmia,rj_total,2011,crude_rate_per_100k,17.538983898269425,2826,16112678,16.898236360984914,18.19780845017047,source_observed,complete_annual,False,reports/quality/respiratory_rates_manifest.json
sih-cardiac-arrhythmia,SIH,cardiac_arrhythmia,volta_redonda,2011,crude_rate_per_100k,28.570104860006484,74,259012,22.433677298094672,35.867150364421974,source_observed,complete_annual,False,reports/quality/respiratory_rates_manifest.json
sih-cardiac-arrhythmia,SIH,cardiac_arrhythmia,brazil_total,2012,crude_rate_per_100k,29.719476908745005,57640,193946886,29.47734526128964,29.96310297841414,source_observed,complete_annual,False,reports/quality/respiratory_rates_manifest.json
sih-cardiac-arrhythmia,SIH,cardiac_arrhythmia,rest_of_rj_excluding_vr,2012,crude_rate_per_100k,17.944817494756965,2866,15971185,17.29379253995895,18.614078809329868,source_observed,complete_annual,False,reports/quality/respiratory_rates_manifest.json
sih-cardiac-arrhythmia,SIH,cardiac_arrhythmia,rj_total,2012,crude_rate_per_100k,18.211653794982738,2956,16231365,17.560992542992988,18.880257366844898,source_observed,complete_annual,False,reports/quality/respiratory_rates_manifest.json
sih-cardiac-arrhythmia,SIH,cardiac_arrhythmia,volta_redonda,2012,crude_rate_per_100k,34.591436697670844,90,260180,27.815600019642545,42.518748477940825,source_observed,complete_annual,False,reports/quality/respiratory_rates_manifest.json
sih-cardiac-arrhythmia,SIH,cardiac_arrhythmia,brazil_total,2013,crude_rate_per_100k,28.979860461914672,58259,201032714,28.745009776628354,29.216152884504478,source_observed,complete_annual,False,reports/quality/respiratory_rates_manifest.json
sih-cardiac-arrhythmia,SIH,cardiac_arrhythmia,rest_of_rj_excluding_vr,2013,crude_rate_per_100k,16.731173255055033,2695,16107657,16.105396746029037,17.375035147064636,source_observed,complete_annual,False,reports/quality/respiratory_rates_manifest.json
sih-cardiac-arrhythmia,SIH,cardiac_arrhythmia,rj_total,2013,crude_rate_per_100k,16.897609831256656,2766,16369179,16.273696149252963,17.53931847380898,source_observed,complete_annual,False,reports/quality/respiratory_rates_manifest.json
sih-cardiac-arrhythmia,SIH,cardiac_arrhythmia,volta_redonda,2013,crude_rate_per_100k,27.148767598901813,71,261522,21.203412735639457,34.24447622268896,source_observed,complete_annual,False,reports/quality/respiratory_rates_manifest.json
sih-cardiac-arrhythmia,SIH,cardiac_arrhythmia,brazil_total,2014,crude_rate_per_100k,29.930182174887644,60689,202768562,29.69252601750322,30.169267686794136,source_observed,complete_annual,False,reports/quality/respiratory_rates_manifest.json
sih-cardiac-arrhythmia,SIH,cardiac_arrhythmia,rest_of_rj_excluding_vr,2014,crude_rate_per_100k,16.155403998070486,2617,16198914,15.542309508867111,16.786483700076694,source_observed,complete_annual,False,reports/quality/respiratory_rates_manifest.json
sih-cardiac-arrhythmia,SIH,cardiac_arrhythmia,rj_total,2014,crude_rate_per_100k,16.57840543927216,2729,16461173,15.962181013033131,17.212326138714815,source_observed,complete_annual,False,reports/quality/respiratory_rates_manifest.json
sih-cardiac-arrhythmia,SIH,cardiac_arrhythmia,volta_redonda,2014,crude_rate_per_100k,42.70587472689212,112,262259,35.16388514123763,51.38626445313045,source_observed,complete_annual,False,reports/quality/respiratory_rates_manifest.json
sih-cardiac-arrhythmia,SIH,cardiac_arrhythmia,brazil_total,2015,crude_rate_per_100k,30.31791887709452,61985,204450049,30.079708997859612,30.557546334787155,source_observed,complete_annual,False,reports/quality/respiratory_rates_manifest.json
sih-cardiac-arrhythmia,SIH,cardiac_arrhythmia,rest_of_rj_excluding_vr,2015,crude_rate_per_100k,19.309815022409826,3145,16287054,18.64078568191604,19.99672197475107,source_observed,complete_annual,False,reports/quality/respiratory_rates_manifest.json
sih-cardiac-arrhythmia,SIH,cardiac_arrhythmia,rj_total,2015,crude_rate_per_100k,19.637433758404217,3250,16550024,18.968039017624783,20.32442033553353,source_observed,complete_annual,False,reports/quality/respiratory_rates_manifest.json
sih-cardiac-arrhythmia,SIH,cardiac_arrhythmia,volta_redonda,2015,crude_rate_per_100k,39.92850895539415,105,262970,32.65756448274638,48.335894538858355,source_observed,complete_annual,False,reports/quality/respiratory_rates_manifest.json
sih-cardiac-arrhythmia,SIH,cardiac_arrhythmia,brazil_total,2016,crude_rate_per_100k,30.041522615196115,61910,206081432,29.80534174876317,30.27910983939944,source_observed,complete_annual,False,reports/quality/respiratory_rates_manifest.json
sih-cardiac-arrhythmia,SIH,cardiac_arrhythmia,rest_of_rj_excluding_vr,2016,crude_rate_per_100k,17.60897054586648,2883,16372337,16.971998917912998,18.263731381287617,source_observed,complete_annual,False,reports/quality/respiratory_rates_manifest.json
sih-cardiac-arrhythmia,SIH,cardiac_arrhythmia,rj_total,2016,crude_rate_per_100k,17.912964153153197,2980,16635996,17.275533539267236,18.567900247816358,source_observed,complete_annual,False,reports/quality/respiratory_rates_manifest.json
sih-cardiac-arrhythmia,SIH,cardiac_arrhythmia,volta_redonda,2016,crude_rate_per_100k,36.78994458751645,97,263659,29.83416669798198,44.88061243212401,source_observed,complete_annual,False,reports/quality/respiratory_rates_manifest.json
sih-cardiac-arrhythmia,SIH,cardiac_arrhythmia,brazil_total,2017,crude_rate_per_100k,30.00564444166577,62310,207660929,29.770502566623488,30.24218197144111,source_observed,complete_annual,False,reports/quality/respiratory_rates_manifest.json
sih-cardiac-arrhythmia,SIH,cardiac_arrhythmia,rest_of_rj_excluding_vr,2017,crude_rate_per_100k,17.497525640803573,2879,16453755,16.864149803734293,18.14860273575006,source_observed,complete_annual,False,reports/quality/respiratory_rates_manifest.json
sih-cardiac-arrhythmia,SIH,cardiac_arrhythmia,rj_total,2017,crude_rate_per_100k,17.7881920378282,2974,16718956,17.154568965064687,18.439233836296932,source_observed,complete_annual,False,reports/quality/respiratory_rates_manifest.json
sih-cardiac-arrhythmia,SIH,cardiac_arrhythmia,volta_redonda,2017,crude_rate_per_100k,35.8218860411537,95,265201,28.982044963378772,43.79039808430417,source_observed,complete_annual,False,reports/quality/respiratory_rates_manifest.json
sih-cardiac-arrhythmia,SIH,cardiac_arrhythmia,brazil_total,2018,crude_rate_per_100k,31.060711796787356,64760,208494900,30.821941670488915,31.300871959335733,source_observed,complete_annual,False,reports/quality/respiratory_rates_manifest.json
sih-cardiac-arrhythmia,SIH,cardiac_arrhythmia,rest_of_rj_excluding_vr,2018,crude_rate_per_100k,19.161577933441585,3236,16887962,18.507004789582762,19.8333911095541,source_observed,complete_annual,False,reports/quality/respiratory_rates_manifest.json
sih-cardiac-arrhythmia,SIH,cardiac_arrhythmia,rj_total,2018,crude_rate_per_100k,19.463914834300315,3340,17159960,18.809358718814245,20.135436147361933,source_observed,complete_annual,False,reports/quality/respiratory_rates_manifest.json
sih-cardiac-arrhythmia,SIH,cardiac_arrhythmia,volta_redonda,2018,crude_rate_per_100k,38.23557526158281,104,271998,31.24123571133996,46.328799106980696,source_observed,complete_annual,False,reports/quality/respiratory_rates_manifest.json
sih-cardiac-arrhythmia,SIH,cardiac_arrhythmia,brazil_total,2019,crude_rate_per_100k,33.15439123899506,69673,210147125,32.90865991898983,33.401501600746705,source_observed,complete_annual,False,reports/quality/respiratory_rates_manifest.json
sih-cardiac-arrhythmia,SIH,cardiac_arrhythmia,rest_of_rj_excluding_vr,2019,crude_rate_per_100k,20.374376520243636,3462,16991931,19.701281742733496,21.064602494561115,source_observed,complete_annual,False,reports/quality/respiratory_rates_manifest.json
sih-cardiac-arrhythmia,SIH,cardiac_arrhythmia,rj_total,2019,crude_rate_per_100k,20.741452780933017,3581,17264943,20.067618563742332,21.43214568923982,source_observed,complete_annual,False,reports/quality/respiratory_rates_manifest.json
sih-cardiac-arrhythmia,SIH,cardiac_arrhythmia,volta_redonda,2019,crude_rate_per_100k,43.587827641275844,119,273012,36.10890113886286,52.159334340683735,source_observed,complete_annual,False,reports/quality/respiratory_rates_manifest.json
sih-cardiac-arrhythmia,SIH,cardiac_arrhythmia,brazil_total,2020,crude_rate_per_100k,28.505491129844103,60362,211755692,28.278536468805424,28.733814487200274,source_observed,complete_annual,False,reports/quality/respiratory_rates_manifest.json
sih-cardiac-arrhythmia,SIH,cardiac_arrhythmia,rest_of_rj_excluding_vr,2020,crude_rate_per_100k,17.11306811802646,2925,17092201,16.498454759271898,17.744720699448717,source_observed,complete_annual,False,reports/quality/respiratory_rates_manifest.json
sih-cardiac-arrhythmia,SIH,cardiac_arrhythmia,rj_total,2020,crude_rate_per_100k,17.45345510174973,3031,17366189,16.83757662910244,18.086102136597614,source_observed,complete_annual,False,reports/quality/respiratory_rates_manifest.json
sih-cardiac-arrhythmia,SIH,cardiac_arrhythmia,volta_redonda,2020,crude_rate_per_100k,38.68782574419318,106,273988,31.674421787386862,46.79181078293475,source_observed,complete_annual,False,reports/quality/respiratory_rates_manifest.json
sih-cardiac-arrhythmia,SIH,cardiac_arrhythmia,brazil_total,2021,crude_rate_per_100k,28.240046290780484,60241,213317639,28.014979796379382,28.4664714615533,source_observed,complete_annual,False,reports/quality/respiratory_rates_manifest.json
sih-cardiac-arrhythmia,SIH,cardiac_arrhythmia,rest_of_rj_excluding_vr,2021,crude_rate_per_100k,18.66372391092982,3208,17188424,18.02340550706047,19.320981417154897,source_observed,complete_annual,False,reports/quality/respiratory_rates_manifest.json
sih-cardiac-arrhythmia,SIH,cardiac_arrhythmia,rj_total,2021,crude_rate_per_100k,19.011244635837034,3320,17463349,18.37000501563475,19.669155009529515,source_observed,complete_annual,False,reports/quality/respiratory_rates_manifest.json
sih-cardiac-arrhythmia,SIH,cardiac_arrhythmia,volta_redonda,2021,crude_rate_per_100k,40.73838319541694,112,274925,33.54385870057593,49.018860886472815,source_observed,complete_annual,False,reports/quality/respiratory_rates_manifest.json
sih-cardiac-arrhythmia,SIH,cardiac_arrhythmia,brazil_total,2022,crude_rate_per_100k,34.00322185131121,69054,203080756,33.750074264005285,34.25779647347022,source_observed,complete_annual,False,reports/quality/respiratory_rates_manifest.json
sih-cardiac-arrhythmia,SIH,cardiac_arrhythmia,rest_of_rj_excluding_vr,2022,crude_rate_per_100k,26.365091555059827,4164,15793611,25.57030916782939,27.178295690535993,source_observed,complete_annual,False,reports/quality/respiratory_rates_manifest.json
sih-cardiac-arrhythmia,SIH,cardiac_arrhythmia,rj_total,2022,crude_rate_per_100k,27.10652653157169,4352,16055174,26.307105281825507,27.92406735489547,source_observed,complete_annual,False,reports/quality/respiratory_rates_manifest.json
sih-cardiac-arrhythmia,SIH,cardiac_arrhythmia,volta_redonda,2022,crude_rate_per_100k,71.87560931783165,188,261563,61.96810941105131,82.91667659362912,source_observed,complete_annual,False,reports/quality/respiratory_rates_manifest.json
sih-cardiac-arrhythmia,SIH,cardiac_arrhythmia,brazil_total,2024,crude_rate_per_100k,38.51423262596506,81875,212583750,38.2508669757241,38.77896137619233,source_observed,complete_annual,False,reports/quality/respiratory_rates_manifest.json
sih-cardiac-arrhythmia,SIH,cardiac_arrhythmia,rest_of_rj_excluding_vr,2024,crude_rate_per_100k,31.58246260680702,5350,16939781,30.74178163711086,32.44030836780115,source_observed,complete_annual,False,reports/quality/respiratory_rates_manifest.json
sih-cardiac-arrhythmia,SIH,cardiac_arrhythmia,rj_total,2024,crude_rate_per_100k,32.515124120490285,5599,17219679,31.668954227138798,33.37817805625358,source_observed,complete_annual,False,reports/quality/respiratory_rates_manifest.json
sih-cardiac-arrhythmia,SIH,cardiac_arrhythmia,volta_redonda,2024,crude_rate_per_100k,88.96097864221967,249,279898,78.2535273225436,100.72446558108403,source_observed,complete_annual,False,reports/quality/respiratory_rates_manifest.json
sih-cardiac-arrhythmia,SIH,cardiac_arrhythmia,brazil_total,2025,crude_rate_per_100k,41.814996897423946,89242,213421037,41.54109693314562,42.09025454641753,provisional,provisional_2025,False,reports/quality/respiratory_rates_manifest.json
sih-cardiac-arrhythmia,SIH,cardiac_arrhythmia,rest_of_rj_excluding_vr,2025,crude_rate_per_100k,37.099606364087485,6286,16943576,36.188080610752145,38.0282869627092,provisional,provisional_2025,False,reports/quality/respiratory_rates_manifest.json
sih-cardiac-arrhythmia,SIH,cardiac_arrhythmia,rj_total,2025,crude_rate_per_100k,38.278990965101436,6593,17223547,37.36051287905455,39.21434335742331,provisional,provisional_2025,False,reports/quality/respiratory_rates_manifest.json
sih-cardiac-arrhythmia,SIH,cardiac_arrhythmia,volta_redonda,2025,crude_rate_per_100k,109.65421418646932,307,279971,97.72990615209791,122.63211827468056,provisional,provisional_2025,False,reports/quality/respiratory_rates_manifest.json
sih-cardio-all,SIH,cardio_all,brazil_total,2008,crude_rate_per_100k,578.4883019224918,1096888,189612823,577.4062177145743,579.5719130532257,source_observed,complete_annual,False,reports/quality/respiratory_rates_manifest.json
sih-cardio-all,SIH,cardio_all,rest_of_rj_excluding_vr,2008,crude_rate_per_100k,472.9848440527112,73845,15612551,469.5794980339523,476.40875148588856,source_observed,complete_annual,False,reports/quality/respiratory_rates_manifest.json
sih-cardio-all,SIH,cardio_all,rj_total,2008,crude_rate_per_100k,480.3191862685591,76238,15872362,476.91564506279525,483.74098470221224,source_observed,complete_annual,False,reports/quality/respiratory_rates_manifest.json
sih-cardio-all,SIH,cardio_all,volta_redonda,2008,crude_rate_per_100k,921.0541509020018,2393,259811,884.5170276801999,958.7129666790364,source_observed,complete_annual,False,reports/quality/respiratory_rates_manifest.json
sih-cardio-all,SIH,cardio_all,brazil_total,2009,crude_rate_per_100k,594.9113495187477,1139140,191480630,593.8193685280484,596.0048425286752,source_observed,complete_annual,False,reports/quality/respiratory_rates_manifest.json
sih-cardio-all,SIH,cardio_all,rest_of_rj_excluding_vr,2009,crude_rate_per_100k,474.76586806066615,74771,15749026,471.3688936393792,478.18124290820776,source_observed,complete_annual,False,reports/quality/respiratory_rates_manifest.json
sih-cardio-all,SIH,cardio_all,rj_total,2009,crude_rate_per_100k,480.06833545809417,76861,16010429,476.68036224543926,483.4744083662844,source_observed,complete_annual,False,reports/quality/respiratory_rates_manifest.json
sih-cardio-all,SIH,cardio_all,volta_redonda,2009,crude_rate_per_100k,799.5317574779173,2090,261403,765.6178976832078,834.5610119364462,source_observed,complete_annual,False,reports/quality/respiratory_rates_manifest.json
sih-cardio-all,SIH,cardio_all,brazil_total,2010,crude_rate_per_100k,604.5493799116429,1153213,190755799,603.4464965252594,605.6537810596576,source_observed,complete_annual,False,reports/quality/respiratory_rates_manifest.json
sih-cardio-all,SIH,cardio_all,rest_of_rj_excluding_vr,2010,crude_rate_per_100k,494.0845248760403,77730,15732126,490.61714762243196,497.57032188492025,source_observed,complete_annual,False,reports/quality/respiratory_rates_manifest.json
sih-cardio-all,SIH,cardio_all,rj_total,2010,crude_rate_per_100k,499.1579387250563,79815,15989929,495.70093514825174,502.6330647897069,source_observed,complete_annual,False,reports/quality/respiratory_rates_manifest.json
sih-cardio-all,SIH,cardio_all,volta_redonda,2010,crude_rate_per_100k,808.7570742000674,2085,257803,774.4112372570543,844.2338912473224,source_observed,complete_annual,False,reports/quality/respiratory_rates_manifest.json
sih-cardio-all,SIH,cardio_all,brazil_total,2011,crude_rate_per_100k,602.5648696785117,1159210,192379287,601.4684524919311,603.662791817111,source_observed,complete_annual,False,reports/quality/respiratory_rates_manifest.json
sih-cardio-all,SIH,cardio_all,rest_of_rj_excluding_vr,2011,crude_rate_per_100k,466.78162640741897,74002,15853666,463.4245021470352,470.15702976153955,source_observed,complete_annual,False,reports/quality/respiratory_rates_manifest.json
sih-cardio-all,SIH,cardio_all,rj_total,2011,crude_rate_per_100k,472.4106073490701,76118,16112678,469.060473330741,475.7787263112767,source_observed,complete_annual,False,reports/quality/respiratory_rates_manifest.json
sih-cardio-all,SIH,cardio_all,volta_redonda,2011,crude_rate_per_100k,816.9505659969421,2116,259012,782.5091174965546,852.5176549468819,source_observed,complete_annual,False,reports/quality/respiratory_rates_manifest.json
sih-cardio-all,SIH,cardio_all,brazil_total,2012,crude_rate_per_100k,586.2553524061221,1137024,193946886,585.178259422694,587.3339381821689,source_observed,complete_annual,False,reports/quality/respiratory_rates_manifest.json
sih-cardio-all,SIH,cardio_all,rest_of_rj_excluding_vr,2012,crude_rate_per_100k,430.6944037026683,68787,15971185,427.4817594703633,433.92519336620455,source_observed,complete_annual,False,reports/quality/respiratory_rates_manifest.json
sih-cardio-all,SIH,cardio_all,rj_total,2012,crude_rate_per_100k,436.6792318452576,70879,16231365,433.4702868501714,439.90603106822454,source_observed,complete_annual,False,reports/quality/respiratory_rates_manifest.json
sih-cardio-all,SIH,cardio_all,volta_redonda,2012,crude_rate_per_100k,804.0587285725267,2092,260180,769.9689789556415,839.2691119539637,source_observed,complete_annual,False,reports/quality/respiratory_rates_manifest.json
sih-cardio-all,SIH,cardio_all,brazil_total,2013,crude_rate_per_100k,563.7067606817465,1133235,201032714,562.6693657624937,564.7455957777125,source_observed,complete_annual,False,reports/quality/respiratory_rates_manifest.json
sih-cardio-all,SIH,cardio_all,rest_of_rj_excluding_vr,2013,crude_rate_per_100k,398.00946841617,64110,16107657,394.93444564308527,401.10248371380675,source_observed,complete_annual,False,reports/quality/respiratory_rates_manifest.json
sih-cardio-all,SIH,cardio_all,rj_total,2013,crude_rate_per_100k,402.4697878861243,65881,16369179,399.402304150483,405.5549763693403,source_observed,complete_annual,False,reports/quality/respiratory_rates_manifest.json
sih-cardio-all,SIH,cardio_all,volta_redonda,2013,crude_rate_per_100k,677.1896819388044,1771,261522,646.0143101837241,709.4806438141646,source_observed,complete_annual,False,reports/quality/respiratory_rates_manifest.json
sih-cardio-all,SIH,cardio_all,brazil_total,2014,crude_rate_per_100k,562.6079253844094,1140792,202768562,561.5759861381263,563.6412924769281,source_observed,complete_annual,False,reports/quality/respiratory_rates_manifest.json
sih-cardio-all,SIH,cardio_all,rest_of_rj_excluding_vr,2014,crude_rate_per_100k,391.09411902551,63353,16198914,388.0545601506119,394.1515692057743,source_observed,complete_annual,False,reports/quality/respiratory_rates_manifest.json
sih-cardio-all,SIH,cardio_all,rj_total,2014,crude_rate_per_100k,395.2452234114786,65062,16461173,392.2139378327313,398.29411493939637,source_observed,complete_annual,False,reports/quality/respiratory_rates_manifest.json
sih-cardio-all,SIH,cardio_all,volta_redonda,2014,crude_rate_per_100k,651.6458920380235,1709,262259,621.1135773656214,683.290820321007,source_observed,complete_annual,False,reports/quality/respiratory_rates_manifest.json
sih-cardio-all,SIH,cardio_all,brazil_total,2015,crude_rate_per_100k,551.9788356714945,1128521,204450049,550.9609053414516,552.9981821069711,source_observed,complete_annual,False,reports/quality/respiratory_rates_manifest.json
sih-cardio-all,SIH,cardio_all,rest_of_rj_excluding_vr,2015,crude_rate_per_100k,402.90896069970665,65622,16287054,399.8320871188575,406.00362834780043,source_observed,complete_annual,False,reports/quality/respiratory_rates_manifest.json
sih-cardio-all,SIH,cardio_all,rj_total,2015,crude_rate_per_100k,407.5220676417146,67445,16550024,404.4522336245993,410.60941267477824,source_observed,complete_annual,False,reports/quality/respiratory_rates_manifest.json
sih-cardio-all,SIH,cardio_all,volta_redonda,2015,crude_rate_per_100k,693.2349697684147,1823,262970,661.7740945373589,725.805165969614,source_observed,complete_annual,False,reports/quality/respiratory_rates_manifest.json
sih-cardio-all,SIH,cardio_all,brazil_total,2016,crude_rate_per_100k,546.4538891596987,1126140,206081432,545.4450833582092,547.4640998569129,source_observed,complete_annual,False,reports/quality/respiratory_rates_manifest.json
sih-cardio-all,SIH,cardio_all,rest_of_rj_excluding_vr,2016,crude_rate_per_100k,390.16421418640476,63879,16372337,387.14436887145115,393.201761196141,source_observed,complete_annual,False,reports/quality/respiratory_rates_manifest.json
sih-cardio-all,SIH,cardio_all,rj_total,2016,crude_rate_per_100k,395.3956228409769,65778,16635996,392.37970186305597,398.4289646262053,source_observed,complete_annual,False,reports/quality/respiratory_rates_manifest.json
sih-cardio-all,SIH,cardio_all,volta_redonda,2016,crude_rate_per_100k,720.2485028009664,1899,263659,688.2149665448673,753.388286327354,source_observed,complete_annual,False,reports/quality/respiratory_rates_manifest.json
sih-cardio-all,SIH,cardio_all,brazil_total,2017,crude_rate_per_100k,545.0081560600165,1131769,207660929,544.0045232752468,546.0131830535777,source_observed,complete_annual,False,reports/quality/respiratory_rates_manifest.json
sih-cardio-all,SIH,cardio_all,rest_of_rj_excluding_vr,2017,crude_rate_per_100k,381.0619521197441,62699,16453755,378.0849866595907,384.05653190198007,source_observed,complete_annual,False,reports/quality/respiratory_rates_manifest.json
sih-cardio-all,SIH,cardio_all,rj_total,2017,crude_rate_per_100k,387.04569830795657,64710,16718956,384.0692507801523,390.0394803880804,source_observed,complete_annual,False,reports/quality/respiratory_rates_manifest.json
sih-cardio-all,SIH,cardio_all,volta_redonda,2017,crude_rate_per_100k,758.292766618527,2011,265201,725.5093254219886,792.1757849075307,source_observed,complete_annual,False,reports/quality/respiratory_rates_manifest.json
sih-cardio-all,SIH,cardio_all,brazil_total,2018,crude_rate_per_100k,552.53677667895,1152011,208494900,551.5282547305709,553.5466872554451,source_observed,complete_annual,False,reports/quality/respiratory_rates_manifest.json
sih-cardio-all,SIH,cardio_all,rest_of_rj_excluding_vr,2018,crude_rate_per_100k,393.197237179951,66403,16887962,390.21220571559803,396.19942942902065,source_observed,complete_annual,False,reports/quality/respiratory_rates_manifest.json
sih-cardio-all,SIH,cardio_all,rj_total,2018,crude_rate_per_100k,398.66643045787987,68411,17159960,395.6845441187593,401.6652052433268,source_observed,complete_annual,False,reports/quality/respiratory_rates_manifest.json
sih-cardio-all,SIH,cardio_all,volta_redonda,2018,crude_rate_per_100k,738.2407223582526,2008,271998,706.3006244689003,771.2529257992123,source_observed,complete_annual,False,reports/quality/respiratory_rates_manifest.json
sih-cardio-all,SIH,cardio_all,brazil_total,2019,crude_rate_per_100k,561.2092004589642,1179365,210147125,560.1967927935752,562.222985829689,source_observed,complete_annual,False,reports/quality/respiratory_rates_manifest.json
sih-cardio-all,SIH,cardio_all,rest_of_rj_excluding_vr,2019,crude_rate_per_100k,415.06759885030135,70528,16991931,412.0099007107489,418.14235210874426,source_observed,complete_annual,False,reports/quality/respiratory_rates_manifest.json
sih-cardio-all,SIH,cardio_all,rj_total,2019,crude_rate_per_100k,423.8820829005923,73183,17264943,420.81651436947834,426.9644364656892,source_observed,complete_annual,False,reports/quality/respiratory_rates_manifest.json
sih-cardio-all,SIH,cardio_all,volta_redonda,2019,crude_rate_per_100k,972.4847259461122,2655,273012,935.8416493007751,1010.1948884121963,source_observed,complete_annual,False,reports/quality/respiratory_rates_manifest.json
sih-cardio-all,SIH,cardio_all,brazil_total,2020,crude_rate_per_100k,469.9354197288827,995115,211755692,469.01255264177433,470.8596540935836,source_observed,complete_annual,False,reports/quality/respiratory_rates_manifest.json
sih-cardio-all,SIH,cardio_all,rest_of_rj_excluding_vr,2020,crude_rate_per_100k,349.4634775240474,59731,17092201,346.6664948598334,352.27741712287576,source_observed,complete_annual,False,reports/quality/respiratory_rates_manifest.json
sih-cardio-all,SIH,cardio_all,rj_total,2020,crude_rate_per_100k,354.551018648939,61572,17366189,351.7559790819278,357.3627472719986,source_observed,complete_annual,False,reports/quality/respiratory_rates_manifest.json
sih-cardio-all,SIH,cardio_all,volta_redonda,2020,crude_rate_per_100k,671.9272376892418,1841,273988,641.5810881624021,703.338057798185,source_observed,complete_annual,False,reports/quality/respiratory_rates_manifest.json
sih-cardio-all,SIH,cardio_all,brazil_total,2021,crude_rate_per_100k,472.99979726477284,1008992,213317639,472.077318961072,473.9236328314568,source_observed,complete_annual,False,reports/quality/respiratory_rates_manifest.json
sih-cardio-all,SIH,cardio_all,rest_of_rj_excluding_vr,2021,crude_rate_per_100k,370.9124233844825,63754,17188424,368.0387780718726,373.80292995743565,source_observed,complete_annual,False,reports/quality/respiratory_rates_manifest.json
sih-cardio-all,SIH,cardio_all,rj_total,2021,crude_rate_per_100k,376.1821400923729,65694,17463349,373.3109415281597,379.0699341403404,source_observed,complete_annual,False,reports/quality/respiratory_rates_manifest.json
sih-cardio-all,SIH,cardio_all,volta_redonda,2021,crude_rate_per_100k,705.6469946349005,1940,274925,674.5925481489728,737.7622697700858,source_observed,complete_annual,False,reports/quality/respiratory_rates_manifest.json
sih-cardio-all,SIH,cardio_all,brazil_total,2022,crude_rate_per_100k,589.5644784777145,1197292,203080756,588.5089073997374,590.6214751961274,source_observed,complete_annual,False,reports/quality/respiratory_rates_manifest.json
sih-cardio-all,SIH,cardio_all,rest_of_rj_excluding_vr,2022,crude_rate_per_100k,518.418492135839,81877,15793611,514.8735179993129,521.981813748603,source_observed,complete_annual,False,reports/quality/respiratory_rates_manifest.json
sih-cardio-all,SIH,cardio_all,rj_total,2022,crude_rate_per_100k,529.8603428402582,85070,16055174,526.3056614206304,533.433072424299,source_observed,complete_annual,False,reports/quality/respiratory_rates_manifest.json
sih-cardio-all,SIH,cardio_all,volta_redonda,2022,crude_rate_per_100k,1220.7384071906195,3193,261563,1178.7596875939573,1263.8302831291057,source_observed,complete_annual,False,reports/quality/respiratory_rates_manifest.json
sih-cardio-all,SIH,cardio_all,brazil_total,2024,crude_rate_per_100k,625.0807034874491,1328820,212583750,624.0183501789819,626.1444186854809,source_observed,complete_annual,False,reports/quality/respiratory_rates_manifest.json
sih-cardio-all,SIH,cardio_all,rest_of_rj_excluding_vr,2024,crude_rate_per_100k,510.96292212986697,86556,16939781,507.56452206364605,514.3784277021234,source_observed,complete_annual,False,reports/quality/respiratory_rates_manifest.json
sih-cardio-all,SIH,cardio_all,rj_total,2024,crude_rate_per_100k,525.2769229902601,90451,17219679,521.8592467956939,528.7114262280102,source_observed,complete_annual,False,reports/quality/respiratory_rates_manifest.json
sih-cardio-all,SIH,cardio_all,volta_redonda,2024,crude_rate_per_100k,1391.5783606885366,3895,279898,1348.2156591283835,1435.9807169084122,source_observed,complete_annual,False,reports/quality/respiratory_rates_manifest.json
sih-cardio-all,SIH,cardio_all,brazil_total,2025,crude_rate_per_100k,665.723969844641,1420795,213421037,664.6297604464463,666.8195357763703,provisional,provisional_2025,False,reports/quality/respiratory_rates_manifest.json
sih-cardio-all,SIH,cardio_all,rest_of_rj_excluding_vr,2025,crude_rate_per_100k,553.1122827908347,93717,16943576,549.5766618790803,556.6650046120598,provisional,provisional_2025,False,reports/quality/respiratory_rates_manifest.json
sih-cardio-all,SIH,cardio_all,rj_total,2025,crude_rate_per_100k,567.2524945065032,97701,17223547,563.701069471212,570.8207420912108,provisional,provisional_2025,False,reports/quality/respiratory_rates_manifest.json
sih-cardio-all,SIH,cardio_all,volta_redonda,2025,crude_rate_per_100k,1423.0045254687093,3984,279971,1379.156776982465,1467.8915948209205,provisional,provisional_2025,False,reports/quality/respiratory_rates_manifest.json
sih-cardiorespiratory-all,SIH,cardiorespiratory_all,brazil_total,2008,crude_rate_per_100k,1309.8238614378943,2483594,189612823,1308.1953625019216,1311.4538871311925,source_observed,complete_annual,False,reports/quality/respiratory_rates_manifest.json
sih-cardiorespiratory-all,SIH,cardiorespiratory_all,rest_of_rj_excluding_vr,2008,crude_rate_per_100k,948.5253242727598,148089,15612551,943.7004094986822,953.3687936798007,source_observed,complete_annual,False,reports/quality/respiratory_rates_manifest.json
sih-cardiorespiratory-all,SIH,cardiorespiratory_all,rj_total,2008,crude_rate_per_100k,957.5827466636661,151991,15872362,952.7746127583129,962.4091312783772,source_observed,complete_annual,False,reports/quality/respiratory_rates_manifest.json
sih-cardiorespiratory-all,SIH,cardiorespiratory_all,volta_redonda,2008,crude_rate_per_100k,1501.8609681653202,3902,259811,1455.1034390806815,1549.7385262606679,source_observed,complete_annual,False,reports/quality/respiratory_rates_manifest.json
sih-cardiorespiratory-all,SIH,cardiorespiratory_all,brazil_total,2009,crude_rate_per_100k,1396.5344693089844,2674093,191480630,1394.8611334347618,1398.2093170359253,source_observed,complete_annual,False,reports/quality/respiratory_rates_manifest.json
sih-cardiorespiratory-all,SIH,cardiorespiratory_all,rest_of_rj_excluding_vr,2009,crude_rate_per_100k,963.0119348333034,151665,15749026,958.171352816115,967.8709105045183,source_observed,complete_annual,False,reports/quality/respiratory_rates_manifest.json
sih-cardiorespiratory-all,SIH,cardiorespiratory_all,rj_total,2009,crude_rate_per_100k,970.0614518199357,155311,16010429,965.2429379416948,974.8980588527336,source_observed,complete_annual,False,reports/quality/respiratory_rates_manifest.json
sih-cardiorespiratory-all,SIH,cardiorespiratory_all,volta_redonda,2009,crude_rate_per_100k,1394.781238164826,3646,261403,1349.870968670726,1440.8049216123375,source_observed,complete_annual,False,reports/quality/respiratory_rates_manifest.json
sih-cardiorespiratory-all,SIH,cardiorespiratory_all,brazil_total,2010,crude_rate_per_100k,1365.9967422536915,2605718,190755799,1364.338667910026,1367.656334198885,source_observed,complete_annual,False,reports/quality/respiratory_rates_manifest.json
sih-cardiorespiratory-all,SIH,cardiorespiratory_all,rest_of_rj_excluding_vr,2010,crude_rate_per_100k,981.0180772770317,154335,15732126,976.1297746176075,985.9247932107266,source_observed,complete_annual,False,reports/quality/respiratory_rates_manifest.json
sih-cardiorespiratory-all,SIH,cardiorespiratory_all,rj_total,2010,crude_rate_per_100k,987.0212681995023,157824,15989929,982.1576527553564,991.90299987044,source_observed,complete_annual,False,reports/quality/respiratory_rates_manifest.json
sih-cardiorespiratory-all,SIH,cardiorespiratory_all,volta_redonda,2010,crude_rate_per_100k,1353.358960136228,3489,257803,1308.8208309339711,1399.026190584225,source_observed,complete_annual,False,reports/quality/respiratory_rates_manifest.json
sih-cardiorespiratory-all,SIH,cardiorespiratory_all,brazil_total,2011,crude_rate_per_100k,1340.6781157266687,2579187,192379287,1339.0424276813046,1342.3153085681463,source_observed,complete_annual,False,reports/quality/respiratory_rates_manifest.json
sih-cardiorespiratory-all,SIH,cardiorespiratory_all,rest_of_rj_excluding_vr,2011,crude_rate_per_100k,893.282348700925,141618,15853666,888.6359198422529,897.9470503617554,source_observed,complete_annual,False,reports/quality/respiratory_rates_manifest.json
sih-cardiorespiratory-all,SIH,cardiorespiratory_all,rj_total,2011,crude_rate_per_100k,901.6130031271028,145274,16112678,896.9825545526564,906.261430563106,source_observed,complete_annual,False,reports/quality/respiratory_rates_manifest.json
sih-cardiorespiratory-all,SIH,cardiorespiratory_all,volta_redonda,2011,crude_rate_per_100k,1411.5176130835637,3656,259012,1366.1301479440099,1458.028761824891,source_observed,complete_annual,False,reports/quality/respiratory_rates_manifest.json
sih-cardiorespiratory-all,SIH,cardiorespiratory_all,brazil_total,2012,crude_rate_per_100k,1264.464746291415,2452390,193946886,1262.8826752012183,1266.0483100230597,source_observed,complete_annual,False,reports/quality/respiratory_rates_manifest.json
sih-cardiorespiratory-all,SIH,cardiorespiratory_all,rest_of_rj_excluding_vr,2012,crude_rate_per_100k,824.2907461155826,131649,15971185,819.8440174273451,828.7556137568631,source_observed,complete_annual,False,reports/quality/respiratory_rates_manifest.json
sih-cardiorespiratory-all,SIH,cardiorespiratory_all,rj_total,2012,crude_rate_per_100k,832.2836680710463,135091,16231365,827.8513125481205,836.7338715762199,source_observed,complete_annual,False,reports/quality/respiratory_rates_manifest.json
sih-cardiorespiratory-all,SIH,cardiorespiratory_all,volta_redonda,2012,crude_rate_per_100k,1322.9302790375893,3442,260180,1279.0997764253186,1367.8796106237135,source_observed,complete_annual,False,reports/quality/respiratory_rates_manifest.json
sih-cardiorespiratory-all,SIH,cardiorespiratory_all,brazil_total,2013,crude_rate_per_100k,1218.5439629492344,2449672,201032714,1217.0185016426467,1220.0708642861018,source_observed,complete_annual,False,reports/quality/respiratory_rates_manifest.json
sih-cardiorespiratory-all,SIH,cardiorespiratory_all,rest_of_rj_excluding_vr,2013,crude_rate_per_100k,745.0183474852984,120005,16107657,740.8090578515091,749.2456231840199,source_observed,complete_annual,False,reports/quality/respiratory_rates_manifest.json
sih-cardiorespiratory-all,SIH,cardiorespiratory_all,rj_total,2013,crude_rate_per_100k,751.2533157588416,122974,16369179,747.0602792841197,755.4640507346088,source_observed,complete_annual,False,reports/quality/respiratory_rates_manifest.json
sih-cardiorespiratory-all,SIH,cardiorespiratory_all,volta_redonda,2013,crude_rate_per_100k,1135.2773380442181,2969,261522,1094.8045394170776,1176.8637118703084,source_observed,complete_annual,False,reports/quality/respiratory_rates_manifest.json
sih-cardiorespiratory-all,SIH,cardiorespiratory_all,brazil_total,2014,crude_rate_per_100k,1178.055896061442,2388727,202768562,1176.5624315738387,1179.55078825552,source_observed,complete_annual,False,reports/quality/respiratory_rates_manifest.json
sih-cardiorespiratory-all,SIH,cardiorespiratory_all,rest_of_rj_excluding_vr,2014,crude_rate_per_100k,723.215148867387,117153,16198914,719.0796779441984,727.3685047416659,source_observed,complete_annual,False,reports/quality/respiratory_rates_manifest.json
sih-cardiorespiratory-all,SIH,cardiorespiratory_all,rj_total,2014,crude_rate_per_100k,729.6563859695782,120110,16461173,725.5356899129512,733.7946818194358,source_observed,complete_annual,False,reports/quality/respiratory_rates_manifest.json
sih-cardiorespiratory-all,SIH,cardiorespiratory_all,volta_redonda,2014,crude_rate_per_100k,1127.5113532805358,2957,262259,1087.23467017834,1168.8984960413118,source_observed,complete_annual,False,reports/quality/respiratory_rates_manifest.json
sih-cardiorespiratory-all,SIH,cardiorespiratory_all,brazil_total,2015,crude_rate_per_100k,1147.5453351444294,2346157,204450049,1146.0774152664812,1149.0146709895685,source_observed,complete_annual,False,reports/quality/respiratory_rates_manifest.json
sih-cardiorespiratory-all,SIH,cardiorespiratory_all,rest_of_rj_excluding_vr,2015,crude_rate_per_100k,748.3735241499169,121888,16287054,744.1780199441251,752.5868161749688,source_observed,complete_annual,False,reports/quality/respiratory_rates_manifest.json
sih-cardiorespiratory-all,SIH,cardiorespiratory_all,rj_total,2015,crude_rate_per_100k,754.8448268111273,124927,16550024,750.6647609589695,759.0423976373203,source_observed,complete_annual,False,reports/quality/respiratory_rates_manifest.json
sih-cardiorespiratory-all,SIH,cardiorespiratory_all,volta_redonda,2015,crude_rate_per_100k,1155.645130623265,3039,262970,1114.9192183652626,1197.4784075547673,source_observed,complete_annual,False,reports/quality/respiratory_rates_manifest.json
sih-cardiorespiratory-all,SIH,cardiorespiratory_all,brazil_total,2016,crude_rate_per_100k,1108.29053245321,2283981,206081432,1106.8536654833185,1109.7288041854017,source_observed,complete_annual,False,reports/quality/respiratory_rates_manifest.json
sih-cardiorespiratory-all,SIH,cardiorespiratory_all,rest_of_rj_excluding_vr,2016,crude_rate_per_100k,700.981173304703,114767,16372337,696.9314472453831,705.0485950505386,source_observed,complete_annual,False,reports/quality/respiratory_rates_manifest.json
sih-cardiorespiratory-all,SIH,cardiorespiratory_all,rj_total,2016,crude_rate_per_100k,708.9566503863068,117942,16635996,704.9162755237113,713.0144402462432,source_observed,complete_annual,False,reports/quality/respiratory_rates_manifest.json
sih-cardiorespiratory-all,SIH,cardiorespiratory_all,volta_redonda,2016,crude_rate_per_100k,1204.2069491274715,3175,263659,1162.6805158679515,1246.837708036487,source_observed,complete_annual,False,reports/quality/respiratory_rates_manifest.json
sih-cardiorespiratory-all,SIH,cardiorespiratory_all,brazil_total,2017,crude_rate_per_100k,1114.420999243435,2314217,207660929,1112.9856508104717,1115.8577417518409,source_observed,complete_annual,False,reports/quality/respiratory_rates_manifest.json
sih-cardiorespiratory-all,SIH,cardiorespiratory_all,rest_of_rj_excluding_vr,2017,crude_rate_per_100k,662.0373282572884,108930,16453755,658.1116011226825,665.9806639794729,source_observed,complete_annual,False,reports/quality/respiratory_rates_manifest.json
sih-cardiorespiratory-all,SIH,cardiorespiratory_all,rj_total,2017,crude_rate_per_100k,671.7883580769039,112316,16718956,667.865227831821,675.7288173274441,source_observed,complete_annual,False,reports/quality/respiratory_rates_manifest.json
sih-cardiorespiratory-all,SIH,cardiorespiratory_all,volta_redonda,2017,crude_rate_per_100k,1276.7674330036464,3386,265201,1234.120936653971,1320.5116273681772,source_observed,complete_annual,False,reports/quality/respiratory_rates_manifest.json
sih-cardiorespiratory-all,SIH,cardiorespiratory_all,brazil_total,2018,crude_rate_per_100k,1117.448436388612,2329823,208494900,1116.0140155581141,1118.8842457172716,source_observed,complete_annual,False,reports/quality/respiratory_rates_manifest.json
sih-cardiorespiratory-all,SIH,cardiorespiratory_all,rest_of_rj_excluding_vr,2018,crude_rate_per_100k,695.1460454494154,117396,16887962,691.1751888146102,699.134057291484,source_observed,complete_annual,False,reports/quality/respiratory_rates_manifest.json
sih-cardiorespiratory-all,SIH,cardiorespiratory_all,rj_total,2018,crude_rate_per_100k,703.579728624076,120734,17159960,699.6165661958806,707.559774105032,source_observed,complete_annual,False,reports/quality/respiratory_rates_manifest.json
sih-cardiorespiratory-all,SIH,cardiorespiratory_all,volta_redonda,2018,crude_rate_per_100k,1227.214905991956,3338,271998,1185.932378928385,1269.5677446651316,source_observed,complete_annual,False,reports/quality/respiratory_rates_manifest.json
sih-cardiorespiratory-all,SIH,cardiorespiratory_all,brazil_total,2019,crude_rate_per_100k,1127.9312053400683,2370315,210147125,1126.4957446129492,1129.368043646037,source_observed,complete_annual,False,reports/quality/respiratory_rates_manifest.json
sih-cardiorespiratory-all,SIH,cardiorespiratory_all,rest_of_rj_excluding_vr,2019,crude_rate_per_100k,720.171238925111,122371,16991931,716.141806001184,724.2177217428241,source_observed,complete_annual,False,reports/quality/respiratory_rates_manifest.json
sih-cardiorespiratory-all,SIH,cardiorespiratory_all,rj_total,2019,crude_rate_per_100k,734.6679337429612,126840,17264943,730.6303544041874,738.7222930759276,source_observed,complete_annual,False,reports/quality/respiratory_rates_manifest.json
sih-cardiorespiratory-all,SIH,cardiorespiratory_all,volta_redonda,2019,crude_rate_per_100k,1636.924384276149,4469,273012,1589.279951595818,1685.6343137705926,source_observed,complete_annual,False,reports/quality/respiratory_rates_manifest.json
sih-cardiorespiratory-all,SIH,cardiorespiratory_all,brazil_total,2020,crude_rate_per_100k,829.2782986914939,1756044,211755692,828.0522089226524,830.5057556232656,source_observed,complete_annual,False,reports/quality/respiratory_rates_manifest.json
sih-cardiorespiratory-all,SIH,cardiorespiratory_all,rest_of_rj_excluding_vr,2020,crude_rate_per_100k,591.1643561879479,101043,17092201,587.5248530848614,594.8208108086707,source_observed,complete_annual,False,reports/quality/respiratory_rates_manifest.json
sih-cardiorespiratory-all,SIH,cardiorespiratory_all,rj_total,2020,crude_rate_per_100k,598.0068511289379,103851,17366189,594.3752612380054,601.6551248503793,source_observed,complete_annual,False,reports/quality/respiratory_rates_manifest.json
sih-cardiorespiratory-all,SIH,cardiorespiratory_all,volta_redonda,2020,crude_rate_per_100k,1024.8624027329663,2808,273988,987.3026462057832,1063.4852532017492,source_observed,complete_annual,False,reports/quality/respiratory_rates_manifest.json
sih-cardiorespiratory-all,SIH,cardiorespiratory_all,brazil_total,2021,crude_rate_per_100k,835.6763221066777,1782645,213317639,834.450022706072,836.9039786570249,source_observed,complete_annual,False,reports/quality/respiratory_rates_manifest.json
sih-cardiorespiratory-all,SIH,cardiorespiratory_all,rest_of_rj_excluding_vr,2021,crude_rate_per_100k,636.1083482697425,109337,17188424,632.3433906624723,639.8901618047712,source_observed,complete_annual,False,reports/quality/respiratory_rates_manifest.json
sih-cardiorespiratory-all,SIH,cardiorespiratory_all,rj_total,2021,crude_rate_per_100k,644.1547952801035,112491,17463349,640.3959633161736,647.9302175700021,source_observed,complete_annual,False,reports/quality/respiratory_rates_manifest.json
sih-cardiorespiratory-all,SIH,cardiorespiratory_all,volta_redonda,2021,crude_rate_per_100k,1147.2219696280804,3154,274925,1107.5302960757897,1187.972736195932,source_observed,complete_annual,False,reports/quality/respiratory_rates_manifest.json
sih-cardiorespiratory-all,SIH,cardiorespiratory_all,brazil_total,2022,crude_rate_per_100k,1200.3077238889143,2437594,203080756,1198.8013750897146,1201.8154981966456,source_observed,complete_annual,False,reports/quality/respiratory_rates_manifest.json
sih-cardiorespiratory-all,SIH,cardiorespiratory_all,rest_of_rj_excluding_vr,2022,crude_rate_per_100k,949.915760240011,150026,15793611,945.115027996474,954.7348342994458,source_observed,complete_annual,False,reports/quality/respiratory_rates_manifest.json
sih-cardiorespiratory-all,SIH,cardiorespiratory_all,rj_total,2022,crude_rate_per_100k,965.3710386446138,154992,16055174,960.5708970233128,970.1892230116374,source_observed,complete_annual,False,reports/quality/respiratory_rates_manifest.json
sih-cardiorespiratory-all,SIH,cardiorespiratory_all,volta_redonda,2022,crude_rate_per_100k,1898.5865737891063,4966,261563,1846.1446030208508,1952.1403930990912,source_observed,complete_annual,False,reports/quality/respiratory_rates_manifest.json
sih-cardiorespiratory-all,SIH,cardiorespiratory_all,brazil_total,2024,crude_rate_per_100k,1264.8473836781975,2688860,212583750,1263.33600218293,1266.3601269442786,source_observed,complete_annual,False,reports/quality/respiratory_rates_manifest.json
sih-cardiorespiratory-all,SIH,cardiorespiratory_all,rest_of_rj_excluding_vr,2024,crude_rate_per_100k,912.6387171121044,154599,16939781,908.0950208020298,917.1995139819778,source_observed,complete_annual,False,reports/quality/respiratory_rates_manifest.json
sih-cardiorespiratory-all,SIH,cardiorespiratory_all,rj_total,2024,crude_rate_per_100k,933.9488848775869,160823,17219679,929.389846702483,938.5247453680737,source_observed,complete_annual,False,reports/quality/respiratory_rates_manifest.json
sih-cardiorespiratory-all,SIH,cardiorespiratory_all,volta_redonda,2024,crude_rate_per_100k,2223.6671930488965,6224,279898,2168.7626181165724,2279.610255372727,source_observed,complete_annual,False,reports/quality/respiratory_rates_manifest.json
sih-cardiorespiratory-all,SIH,cardiorespiratory_all,brazil_total,2025,crude_rate_per_100k,1332.7308497709155,2844328,213421037,1331.1824744862922,1334.280581476135,provisional,provisional_2025,False,reports/quality/respiratory_rates_manifest.json
sih-cardiorespiratory-all,SIH,cardiorespiratory_all,rest_of_rj_excluding_vr,2025,crude_rate_per_100k,967.9833820204188,164011,16943576,963.3042991635572,972.6795611789084,provisional,provisional_2025,False,reports/quality/respiratory_rates_manifest.json
sih-cardiorespiratory-all,SIH,cardiorespiratory_all,rj_total,2025,crude_rate_per_100k,988.3446191426192,170228,17223547,983.655062375932,993.050994049561,provisional,provisional_2025,False,reports/quality/respiratory_rates_manifest.json
sih-cardiorespiratory-all,SIH,cardiorespiratory_all,volta_redonda,2025,crude_rate_per_100k,2220.587132238696,6217,279971,2165.7279399960285,2276.4845435844272,provisional,provisional_2025,False,reports/quality/respiratory_rates_manifest.json
sih-cerebrovascular,SIH,cerebrovascular,brazil_total,2008,crude_rate_per_100k,98.91155937275403,187549,189612823,98.46440995234741,99.36023641559791,source_observed,complete_annual,False,reports/quality/respiratory_rates_manifest.json
sih-cerebrovascular,SIH,cerebrovascular,rest_of_rj_excluding_vr,2008,crude_rate_per_100k,71.58983820132917,11177,15612551,70.26871374593244,72.92956027759188,source_observed,complete_annual,False,reports/quality/respiratory_rates_manifest.json
sih-cerebrovascular,SIH,cerebrovascular,rj_total,2008,crude_rate_per_100k,71.82295867495965,11400,15872362,70.51050038530819,73.15370959286001,source_observed,complete_annual,False,reports/quality/respiratory_rates_manifest.json
sih-cerebrovascular,SIH,cerebrovascular,volta_redonda,2008,crude_rate_per_100k,85.83162375726971,223,259811,74.93518299289735,97.86707411483806,source_observed,complete_annual,False,reports/quality/respiratory_rates_manifest.json
sih-cerebrovascular,SIH,cerebrovascular,brazil_total,2009,crude_rate_per_100k,107.03484733677762,204951,191480630,106.57195046748897,107.49925687598542,source_observed,complete_annual,False,reports/quality/respiratory_rates_manifest.json
sih-cerebrovascular,SIH,cerebrovascular,rest_of_rj_excluding_vr,2009,crude_rate_per_100k,71.01391540022856,11184,15749026,69.70382735988858,72.34243988323446,source_observed,complete_annual,False,reports/quality/respiratory_rates_manifest.json
sih-cerebrovascular,SIH,cerebrovascular,rj_total,2009,crude_rate_per_100k,71.39096647566407,11430,16010429,70.08810755048195,72.71196020631474,source_observed,complete_annual,False,reports/quality/respiratory_rates_manifest.json
sih-cerebrovascular,SIH,cerebrovascular,volta_redonda,2009,crude_rate_per_100k,94.10756571271179,246,261403,82.71404564532715,106.63198049303499,source_observed,complete_annual,False,reports/quality/respiratory_rates_manifest.json
sih-cerebrovascular,SIH,cerebrovascular,brazil_total,2010,crude_rate_per_100k,111.6584665402492,212995,190755799,111.18477036313078,112.13368111348574,source_observed,complete_annual,False,reports/quality/respiratory_rates_manifest.json
sih-cerebrovascular,SIH,cerebrovascular,rest_of_rj_excluding_vr,2010,crude_rate_per_100k,80.7646722381959,12706,15732126,79.36638557357217,82.1814115196551,source_observed,complete_annual,False,reports/quality/respiratory_rates_manifest.json
sih-cerebrovascular,SIH,cerebrovascular,rj_total,2010,crude_rate_per_100k,81.0322547398428,12957,15989929,79.64293195438692,82.43973210573478,source_observed,complete_annual,False,reports/quality/respiratory_rates_manifest.json
sih-cerebrovascular,SIH,cerebrovascular,volta_redonda,2010,crude_rate_per_100k,97.361163368929,251,257803,85.68793126436849,110.18084430963826,source_observed,complete_annual,False,reports/quality/respiratory_rates_manifest.json
sih-cerebrovascular,SIH,cerebrovascular,brazil_total,2011,crude_rate_per_100k,112.8089220956516,217021,192379287,112.33480049723941,113.28454926616362,source_observed,complete_annual,False,reports/quality/respiratory_rates_manifest.json
sih-cerebrovascular,SIH,cerebrovascular,rest_of_rj_excluding_vr,2011,crude_rate_per_100k,79.45165490429785,12596,15853666,78.07013338340447,80.85148781584873,source_observed,complete_annual,False,reports/quality/respiratory_rates_manifest.json
sih-cerebrovascular,SIH,cerebrovascular,rj_total,2011,crude_rate_per_100k,79.77568967740807,12854,16112678,78.40246545119717,81.16693039262799,source_observed,complete_annual,False,reports/quality/respiratory_rates_manifest.json
sih-cerebrovascular,SIH,cerebrovascular,volta_redonda,2011,crude_rate_per_100k,99.60928451191451,258,259012,87.82446488820264,112.53488174983899,source_observed,complete_annual,False,reports/quality/respiratory_rates_manifest.json
sih-cerebrovascular,SIH,cerebrovascular,brazil_total,2012,crude_rate_per_100k,110.55191677581251,214412,193946886,110.08446569761793,111.02086126371478,source_observed,complete_annual,False,reports/quality/respiratory_rates_manifest.json
sih-cerebrovascular,SIH,cerebrovascular,rest_of_rj_excluding_vr,2012,crude_rate_per_100k,79.74361326351175,12736,15971185,78.36462426331704,81.14077861512384,source_observed,complete_annual,False,reports/quality/respiratory_rates_manifest.json
sih-cerebrovascular,SIH,cerebrovascular,rj_total,2012,crude_rate_per_100k,80.36908787400196,13045,16231365,78.99577105822773,81.76028904827791,source_observed,complete_annual,False,reports/quality/respiratory_rates_manifest.json
sih-cerebrovascular,SIH,cerebrovascular,volta_redonda,2012,crude_rate_per_100k,118.76393266200323,309,260180,105.88964785193141,132.77188849385197,source_observed,complete_annual,False,reports/quality/respiratory_rates_manifest.json
sih-cerebrovascular,SIH,cerebrovascular,brazil_total,2013,crude_rate_per_100k,109.52496020125362,220181,201032714,109.06795240907671,109.98340875084378,source_observed,complete_annual,False,reports/quality/respiratory_rates_manifest.json
sih-cerebrovascular,SIH,cerebrovascular,rest_of_rj_excluding_vr,2013,crude_rate_per_100k,76.95718874570025,12396,16107657,75.60833673236455,78.32406384393214,source_observed,complete_annual,False,reports/quality/respiratory_rates_manifest.json
sih-cerebrovascular,SIH,cerebrovascular,rj_total,2013,crude_rate_per_100k,77.38934249542999,12668,16369179,76.04749387364299,78.74892567756287,source_observed,complete_annual,False,reports/quality/respiratory_rates_manifest.json
sih-cerebrovascular,SIH,cerebrovascular,volta_redonda,2013,crude_rate_per_100k,104.0065462943844,272,261522,92.01243763469219,117.1298869507722,source_observed,complete_annual,False,reports/quality/respiratory_rates_manifest.json
sih-cerebrovascular,SIH,cerebrovascular,brazil_total,2014,crude_rate_per_100k,109.78822249575356,222616,202768562,109.33262592715306,110.24524748217924,source_observed,complete_annual,False,reports/quality/respiratory_rates_manifest.json
sih-cerebrovascular,SIH,cerebrovascular,rest_of_rj_excluding_vr,2014,crude_rate_per_100k,79.64114137527986,12901,16198914,78.27272196729024,81.02748126325184,source_observed,complete_annual,False,reports/quality/respiratory_rates_manifest.json
sih-cerebrovascular,SIH,cerebrovascular,rj_total,2014,crude_rate_per_100k,79.81812717720663,13139,16461173,78.45909183456858,81.19479701548245,source_observed,complete_annual,False,reports/quality/respiratory_rates_manifest.json
sih-cerebrovascular,SIH,cerebrovascular,volta_redonda,2014,crude_rate_per_100k,90.74998379464576,238,262259,79.58588720853835,103.04167312341819,source_observed,complete_annual,False,reports/quality/respiratory_rates_manifest.json
sih-cerebrovascular,SIH,cerebrovascular,brazil_total,2015,crude_rate_per_100k,111.73584996303914,228444,204450049,111.27811798091903,112.19499860201404,source_observed,complete_annual,False,reports/quality/respiratory_rates_manifest.json
sih-cerebrovascular,SIH,cerebrovascular,rest_of_rj_excluding_vr,2015,crude_rate_per_100k,83.69837786502089,13632,16287054,82.29917307154248,85.11540472255699,source_observed,complete_annual,False,reports/quality/respiratory_rates_manifest.json
sih-cerebrovascular,SIH,cerebrovascular,rj_total,2015,crude_rate_per_100k,83.85486329204114,13878,16550024,82.46547074780442,85.26179426796706,source_observed,complete_annual,False,reports/quality/respiratory_rates_manifest.json
sih-cerebrovascular,SIH,cerebrovascular,volta_redonda,2015,crude_rate_per_100k,93.54679240978058,246,262970,82.22116467211261,105.99657602319971,source_observed,complete_annual,False,reports/quality/respiratory_rates_manifest.json
sih-cerebrovascular,SIH,cerebrovascular,brazil_total,2016,crude_rate_per_100k,112.86460781192552,232593,206081432,112.4063899689286,113.32423108832177,source_observed,complete_annual,False,reports/quality/respiratory_rates_manifest.json
sih-cerebrovascular,SIH,cerebrovascular,rest_of_rj_excluding_vr,2016,crude_rate_per_100k,85.24134337083338,13956,16372337,83.8329143126176,86.66750106137778,source_observed,complete_annual,False,reports/quality/respiratory_rates_manifest.json
sih-cerebrovascular,SIH,cerebrovascular,rj_total,2016,crude_rate_per_100k,85.78386289585548,14271,16635996,84.38213594249338,87.20303695359848,source_observed,complete_annual,False,reports/quality/respiratory_rates_manifest.json
sih-cerebrovascular,SIH,cerebrovascular,volta_redonda,2016,crude_rate_per_100k,119.47250046461528,315,263659,106.64180224294654,133.42171198836033,source_observed,complete_annual,False,reports/quality/respiratory_rates_manifest.json
sih-cerebrovascular,SIH,cerebrovascular,brazil_total,2017,crude_rate_per_100k,114.40043206201779,237565,207660929,113.9408600609399,114.86139879629138,source_observed,complete_annual,False,reports/quality/respiratory_rates_manifest.json
sih-cerebrovascular,SIH,cerebrovascular,rest_of_rj_excluding_vr,2017,crude_rate_per_100k,90.88502897970707,14954,16453755,89.43412201826136,92.35357513963646,source_observed,complete_annual,False,reports/quality/respiratory_rates_manifest.json
sih-cerebrovascular,SIH,cerebrovascular,rj_total,2017,crude_rate_per_100k,91.54279728949582,15305,16718956,90.09817821379703,93.00477521396581,source_observed,complete_annual,False,reports/quality/respiratory_rates_manifest.json
sih-cerebrovascular,SIH,cerebrovascular,volta_redonda,2017,crude_rate_per_100k,132.3524421099468,351,265201,118.8669042146316,146.94891148581195,source_observed,complete_annual,False,reports/quality/respiratory_rates_manifest.json
sih-cerebrovascular,SIH,cerebrovascular,brazil_total,2018,crude_rate_per_100k,117.39136065198716,244755,208494900,116.9267449759548,117.8573654680781,source_observed,complete_annual,False,reports/quality/respiratory_rates_manifest.json
sih-cerebrovascular,SIH,cerebrovascular,rest_of_rj_excluding_vr,2018,crude_rate_per_100k,99.17715352509674,16749,16887962,97.680785878263,100.69070423938949,source_observed,complete_annual,False,reports/quality/respiratory_rates_manifest.json
sih-cerebrovascular,SIH,cerebrovascular,rj_total,2018,crude_rate_per_100k,99.55151410609348,17083,17159960,98.06419914680824,101.05573933599736,source_observed,complete_annual,False,reports/quality/respiratory_rates_manifest.json
sih-cerebrovascular,SIH,cerebrovascular,volta_redonda,2018,crude_rate_per_100k,122.79502055162172,334,271998,109.97753793484904,136.696148802774,source_observed,complete_annual,False,reports/quality/respiratory_rates_manifest.json
sih-cerebrovascular,SIH,cerebrovascular,brazil_total,2019,crude_rate_per_100k,120.93527332339188,254142,210147125,120.46554559356888,121.40637925397304,source_observed,complete_annual,False,reports/quality/respiratory_rates_manifest.json
sih-cerebrovascular,SIH,cerebrovascular,rest_of_rj_excluding_vr,2019,crude_rate_per_100k,99.87093285630691,16970,16991931,98.37390472955028,101.38503862151538,source_observed,complete_annual,False,reports/quality/respiratory_rates_manifest.json
sih-cerebrovascular,SIH,cerebrovascular,rj_total,2019,crude_rate_per_100k,101.37884613925455,17503,17264943,99.88244595881687,102.89205324087955,source_observed,complete_annual,False,reports/quality/respiratory_rates_manifest.json
sih-cerebrovascular,SIH,cerebrovascular,volta_redonda,2019,crude_rate_per_100k,195.2295137210086,533,273012,179.0050211899238,212.52959458732215,source_observed,complete_annual,False,reports/quality/respiratory_rates_manifest.json
sih-cerebrovascular,SIH,cerebrovascular,brazil_total,2020,crude_rate_per_100k,112.0564919690565,237286,211755692,111.6060717919575,112.50827990966867,source_observed,complete_annual,False,reports/quality/respiratory_rates_manifest.json
sih-cerebrovascular,SIH,cerebrovascular,rest_of_rj_excluding_vr,2020,crude_rate_per_100k,93.73280831415451,16021,17092201,92.28693163326935,95.19566373089403,source_observed,complete_annual,False,reports/quality/respiratory_rates_manifest.json
sih-cerebrovascular,SIH,cerebrovascular,rj_total,2020,crude_rate_per_100k,94.83370243177706,16469,17366189,93.39080192735479,96.29331318772097,source_observed,complete_annual,False,reports/quality/respiratory_rates_manifest.json
sih-cerebrovascular,SIH,cerebrovascular,volta_redonda,2020,crude_rate_per_100k,163.5108106924391,448,273988,148.71837575198631,179.37638934347055,source_observed,complete_annual,False,reports/quality/respiratory_rates_manifest.json
sih-cerebrovascular,SIH,cerebrovascular,brazil_total,2021,crude_rate_per_100k,116.35652877256906,248209,213317639,115.89922111908174,116.81519415360601,source_observed,complete_annual,False,reports/quality/respiratory_rates_manifest.json
sih-cerebrovascular,SIH,cerebrovascular,rest_of_rj_excluding_vr,2021,crude_rate_per_100k,100.38151258079276,17254,17188424,98.88921988285296,101.89068732973978,source_observed,complete_annual,False,reports/quality/respiratory_rates_manifest.json
sih-cerebrovascular,SIH,cerebrovascular,rj_total,2021,crude_rate_per_100k,101.4066660409753,17709,17463349,99.91855460983,102.91139319826694,source_observed,complete_annual,False,reports/quality/respiratory_rates_manifest.json
sih-cerebrovascular,SIH,cerebrovascular,volta_redonda,2021,crude_rate_per_100k,165.4996817313813,455,274925,150.64021121331535,181.4285102622432,source_observed,complete_annual,False,reports/quality/respiratory_rates_manifest.json
sih-cerebrovascular,SIH,cerebrovascular,brazil_total,2022,crude_rate_per_100k,138.33511630220642,280932,203080756,137.82404247022313,138.8476162438659,source_observed,complete_annual,False,reports/quality/respiratory_rates_manifest.json
sih-cerebrovascular,SIH,cerebrovascular,rest_of_rj_excluding_vr,2022,crude_rate_per_100k,129.81831703971943,20503,15793611,128.04737106428374,131.60763210866904,source_observed,complete_annual,False,reports/quality/respiratory_rates_manifest.json
sih-cerebrovascular,SIH,cerebrovascular,rj_total,2022,crude_rate_per_100k,131.63357806025647,21134,16055174,129.86478895235277,133.4204363614898,source_observed,complete_annual,False,reports/quality/respiratory_rates_manifest.json
sih-cerebrovascular,SIH,cerebrovascular,volta_redonda,2022,crude_rate_per_100k,241.24207169974346,631,261563,222.78386276329798,260.8216519762064,source_observed,complete_annual,False,reports/quality/respiratory_rates_manifest.json
sih-cerebrovascular,SIH,cerebrovascular,brazil_total,2024,crude_rate_per_100k,140.69843061852094,299102,212583750,140.19464746548093,141.20357610396036,source_observed,complete_annual,False,reports/quality/respiratory_rates_manifest.json
sih-cerebrovascular,SIH,cerebrovascular,rest_of_rj_excluding_vr,2024,crude_rate_per_100k,119.14557809218431,20183,16939781,117.50743637536613,120.80084634156704,source_observed,complete_annual,False,reports/quality/respiratory_rates_manifest.json
sih-cerebrovascular,SIH,cerebrovascular,rj_total,2024,crude_rate_per_100k,121.74442973065874,20964,17219679,120.10192598445313,123.40378087369115,source_observed,complete_annual,False,reports/quality/respiratory_rates_manifest.json
sih-cerebrovascular,SIH,cerebrovascular,volta_redonda,2024,crude_rate_per_100k,279.03021815089784,781,279898,259.80154361441026,299.3054134731732,source_observed,complete_annual,False,reports/quality/respiratory_rates_manifest.json
sih-cerebrovascular,SIH,cerebrovascular,brazil_total,2025,crude_rate_per_100k,147.5065459456089,314810,213421037,146.99171956762473,148.02272929012702,provisional,provisional_2025,False,reports/quality/respiratory_rates_manifest.json
sih-cerebrovascular,SIH,cerebrovascular,rest_of_rj_excluding_vr,2025,crude_rate_per_100k,128.17247079365063,21717,16943576,126.47338744524856,129.8886753772997,provisional,provisional_2025,False,reports/quality/respiratory_rates_manifest.json
sih-cerebrovascular,SIH,cerebrovascular,rj_total,2025,crude_rate_per_100k,130.00806396034451,22392,17223547,128.3107372549828,131.72223300776406,provisional,provisional_2025,False,reports/quality/respiratory_rates_manifest.json
sih-cerebrovascular,SIH,cerebrovascular,volta_redonda,2025,crude_rate_per_100k,241.09639926992438,675,279971,223.24894750345567,259.9910361391281,provisional,provisional_2025,False,reports/quality/respiratory_rates_manifest.json
sih-copd,SIH,copd,brazil_total,2008,crude_rate_per_100k,77.6972768344892,147324,189612823,77.30102640508932,78.09505503932472,source_observed,complete_annual,False,reports/quality/respiratory_rates_manifest.json
sih-copd,SIH,copd,rest_of_rj_excluding_vr,2008,crude_rate_per_100k,54.32808514124309,8482,15612551,53.177989245185444,55.4967874155244,source_observed,complete_annual,False,reports/quality/respiratory_rates_manifest.json
sih-copd,SIH,copd,rj_total,2008,crude_rate_per_100k,54.55394729530489,8659,15872362,53.41087229794637,55.71532342080376,source_observed,complete_annual,False,reports/quality/respiratory_rates_manifest.json
sih-copd,SIH,copd,volta_redonda,2008,crude_rate_per_100k,68.12644576249659,177,259811,58.45943911219041,78.9354862186765,source_observed,complete_annual,False,reports/quality/respiratory_rates_manifest.json
sih-copd,SIH,copd,brazil_total,2009,crude_rate_per_100k,76.89446185757797,147238,191480630,76.50219136018292,77.28824522803887,source_observed,complete_annual,False,reports/quality/respiratory_rates_manifest.json
sih-copd,SIH,copd,rest_of_rj_excluding_vr,2009,crude_rate_per_100k,52.18735431638757,8219,15749026,51.065134144117685,53.32802070031997,source_observed,complete_annual,False,reports/quality/respiratory_rates_manifest.json
sih-copd,SIH,copd,rj_total,2009,crude_rate_per_100k,52.12227604894285,8345,16010429,51.00990368844929,53.25279293891301,source_observed,complete_annual,False,reports/quality/respiratory_rates_manifest.json
sih-copd,SIH,copd,volta_redonda,2009,crude_rate_per_100k,48.20143609675482,126,261403,40.15308351930497,57.38995060027584,source_observed,complete_annual,False,reports/quality/respiratory_rates_manifest.json
sih-copd,SIH,copd,brazil_total,2010,crude_rate_per_100k,74.47113049496336,142058,190755799,74.08436677122062,74.85941286453767,source_observed,complete_annual,False,reports/quality/respiratory_rates_manifest.json
sih-copd,SIH,copd,rest_of_rj_excluding_vr,2010,crude_rate_per_100k,46.67519189714092,7343,15732126,45.61365244565891,47.75520134606095,source_observed,complete_annual,False,reports/quality/respiratory_rates_manifest.json
sih-copd,SIH,copd,rj_total,2010,crude_rate_per_100k,46.65436600750385,7460,15989929,45.601606573912285,47.72529708858035,source_observed,complete_annual,False,reports/quality/respiratory_rates_manifest.json
sih-copd,SIH,copd,volta_redonda,2010,crude_rate_per_100k,45.383490494680046,117,257803,37.53338314107271,54.39092221683088,source_observed,complete_annual,False,reports/quality/respiratory_rates_manifest.json
sih-copd,SIH,copd,brazil_total,2011,crude_rate_per_100k,74.06410649603873,142484,192379287,73.68003134695276,74.44968747309,source_observed,complete_annual,False,reports/quality/respiratory_rates_manifest.json
sih-copd,SIH,copd,rest_of_rj_excluding_vr,2011,crude_rate_per_100k,36.28813676281562,5753,15853666,35.356421755688785,37.23818949758177,source_observed,complete_annual,False,reports/quality/respiratory_rates_manifest.json
sih-copd,SIH,copd,rj_total,2011,crude_rate_per_100k,36.1764816500398,5829,16112678,35.253669705159986,37.117336020285336,source_observed,complete_annual,False,reports/quality/respiratory_rates_manifest.json
sih-copd,SIH,copd,volta_redonda,2011,crude_rate_per_100k,29.342269856222877,76,259012,23.11837130189088,36.72622618385696,source_observed,complete_annual,False,reports/quality/respiratory_rates_manifest.json
sih-copd,SIH,copd,brazil_total,2012,crude_rate_per_100k,65.83142562031132,127678,193946886,65.47081769459275,66.19352727838866,source_observed,complete_annual,False,reports/quality/respiratory_rates_manifest.json
sih-copd,SIH,copd,rest_of_rj_excluding_vr,2012,crude_rate_per_100k,37.62400848778597,6009,15971185,36.67866461699994,38.58755341822362,source_observed,complete_annual,False,reports/quality/respiratory_rates_manifest.json
sih-copd,SIH,copd,rj_total,2012,crude_rate_per_100k,37.44601886532649,6078,16231365,36.5104694424688,38.399477152955285,source_observed,complete_annual,False,reports/quality/respiratory_rates_manifest.json
sih-copd,SIH,copd,volta_redonda,2012,crude_rate_per_100k,26.520101468214314,69,260180,20.63422190669722,33.56288573104976,source_observed,complete_annual,False,reports/quality/respiratory_rates_manifest.json
sih-copd,SIH,copd,brazil_total,2013,crude_rate_per_100k,64.08757929816339,128837,201032714,63.73810417766724,64.43849549508096,source_observed,complete_annual,False,reports/quality/respiratory_rates_manifest.json
sih-copd,SIH,copd,rest_of_rj_excluding_vr,2013,crude_rate_per_100k,38.944211439317336,6273,16107657,37.98637946668684,39.920088600046235,source_observed,complete_annual,False,reports/quality/respiratory_rates_manifest.json
sih-copd,SIH,copd,rj_total,2013,crude_rate_per_100k,38.61525370331646,6321,16369179,37.669103156619286,39.57916085285634,source_observed,complete_annual,False,reports/quality/respiratory_rates_manifest.json
sih-copd,SIH,copd,volta_redonda,2013,crude_rate_per_100k,18.354096404891365,48,261522,13.532861794985983,24.33486902904049,source_observed,complete_annual,False,reports/quality/respiratory_rates_manifest.json
sih-copd,SIH,copd,brazil_total,2014,crude_rate_per_100k,60.03642714593992,121735,202768562,59.699641981904584,60.374641088411956,source_observed,complete_annual,False,reports/quality/respiratory_rates_manifest.json
sih-copd,SIH,copd,rest_of_rj_excluding_vr,2014,crude_rate_per_100k,36.3049029089234,5881,16198914,35.38289231094568,37.24485953242386,source_observed,complete_annual,False,reports/quality/respiratory_rates_manifest.json
sih-copd,SIH,copd,rj_total,2014,crude_rate_per_100k,35.99986465120074,5926,16461173,35.089056741864724,36.92833237620771,source_observed,complete_annual,False,reports/quality/respiratory_rates_manifest.json
sih-copd,SIH,copd,volta_redonda,2014,crude_rate_per_100k,17.158610381340583,45,262259,12.515608153861054,22.959570690408647,source_observed,complete_annual,False,reports/quality/respiratory_rates_manifest.json
sih-copd,SIH,copd,brazil_total,2015,crude_rate_per_100k,60.312531399784596,123309,204450049,59.9763606887917,60.65011912952363,source_observed,complete_annual,False,reports/quality/respiratory_rates_manifest.json
sih-copd,SIH,copd,rest_of_rj_excluding_vr,2015,crude_rate_per_100k,36.298768334654014,5912,16287054,35.37931823636225,37.236067135464616,source_observed,complete_annual,False,reports/quality/respiratory_rates_manifest.json
sih-copd,SIH,copd,rj_total,2015,crude_rate_per_100k,36.16913183932543,5986,16550024,35.258610086007174,37.09721821420446,source_observed,complete_annual,False,reports/quality/respiratory_rates_manifest.json
sih-copd,SIH,copd,volta_redonda,2015,crude_rate_per_100k,28.140092025706355,74,262970,22.096024734129738,35.327308629081884,source_observed,complete_annual,False,reports/quality/respiratory_rates_manifest.json
sih-copd,SIH,copd,brazil_total,2016,crude_rate_per_100k,56.199143647254935,115816,206081432,55.87594015586161,56.52375298306774,source_observed,complete_annual,False,reports/quality/respiratory_rates_manifest.json
sih-copd,SIH,copd,rest_of_rj_excluding_vr,2016,crude_rate_per_100k,26.263813162409253,4300,16372337,25.48461057202007,27.06078486070674,source_observed,complete_annual,False,reports/quality/respiratory_rates_manifest.json
sih-copd,SIH,copd,rj_total,2016,crude_rate_per_100k,26.34648385344647,4383,16635996,25.57220997972506,27.13824436678187,source_observed,complete_annual,False,reports/quality/respiratory_rates_manifest.json
sih-copd,SIH,copd,volta_redonda,2016,crude_rate_per_100k,31.480055677977994,83,263659,25.073688627281104,39.02426535686856,source_observed,complete_annual,False,reports/quality/respiratory_rates_manifest.json
sih-copd,SIH,copd,brazil_total,2017,crude_rate_per_100k,57.15663537265597,118692,207660929,56.831926546479984,57.4827393333199,source_observed,complete_annual,False,reports/quality/respiratory_rates_manifest.json
sih-copd,SIH,copd,rest_of_rj_excluding_vr,2017,crude_rate_per_100k,14.744354708089428,2426,16453755,14.163415491501695,15.343005047328655,source_observed,complete_annual,False,reports/quality/respiratory_rates_manifest.json
sih-copd,SIH,copd,rj_total,2017,crude_rate_per_100k,14.917199375367698,2494,16718956,14.337438521769412,15.514388788488535,source_observed,complete_annual,False,reports/quality/respiratory_rates_manifest.json
sih-copd,SIH,copd,volta_redonda,2017,crude_rate_per_100k,25.640928955773166,68,265201,19.91118463076024,32.50598721574562,source_observed,complete_annual,False,reports/quality/respiratory_rates_manifest.json
sih-copd,SIH,copd,brazil_total,2018,crude_rate_per_100k,53.308258379461556,111145,208494900,52.995313897868336,53.62259246058384,source_observed,complete_annual,False,reports/quality/respiratory_rates_manifest.json
sih-copd,SIH,copd,rest_of_rj_excluding_vr,2018,crude_rate_per_100k,12.375679196814868,2090,16887962,11.850738135725528,12.917885071225461,source_observed,complete_annual,False,reports/quality/respiratory_rates_manifest.json
sih-copd,SIH,copd,rj_total,2018,crude_rate_per_100k,12.634062084060803,2168,17159960,12.107786900351805,13.177326167524507,source_observed,complete_annual,False,reports/quality/respiratory_rates_manifest.json
sih-copd,SIH,copd,volta_redonda,2018,crude_rate_per_100k,28.676681446187104,78,271998,22.667726676306565,35.789796267204096,source_observed,complete_annual,False,reports/quality/respiratory_rates_manifest.json
sih-copd,SIH,copd,brazil_total,2019,crude_rate_per_100k,52.3419009420186,109995,210147125,52.03302968376837,52.65215088173397,source_observed,complete_annual,False,reports/quality/respiratory_rates_manifest.json
sih-copd,SIH,copd,rest_of_rj_excluding_vr,2019,crude_rate_per_100k,12.653064563409538,2150,16991931,12.123819466147554,13.199467073659907,source_observed,complete_annual,False,reports/quality/respiratory_rates_manifest.json
sih-copd,SIH,copd,rj_total,2019,crude_rate_per_100k,13.11907024541002,2265,17264943,12.584299283348646,13.670724180023253,source_observed,complete_annual,False,reports/quality/respiratory_rates_manifest.json
sih-copd,SIH,copd,volta_redonda,2019,crude_rate_per_100k,42.122690577703544,115,273012,34.77660112414412,50.561910692182245,source_observed,complete_annual,False,reports/quality/respiratory_rates_manifest.json
sih-copd,SIH,copd,brazil_total,2020,crude_rate_per_100k,32.11625593516513,68008,211755692,31.87532813562617,32.35855232209826,source_observed,complete_annual,False,reports/quality/respiratory_rates_manifest.json
sih-copd,SIH,copd,rest_of_rj_excluding_vr,2020,crude_rate_per_100k,8.120662751391702,1388,17092201,7.699017531585304,8.559394762912314,source_observed,complete_annual,False,reports/quality/respiratory_rates_manifest.json
sih-copd,SIH,copd,rj_total,2020,crude_rate_per_100k,8.291974710168132,1440,17366189,7.869177473094333,8.731586420412533,source_observed,complete_annual,False,reports/quality/respiratory_rates_manifest.json
sih-copd,SIH,copd,volta_redonda,2020,crude_rate_per_100k,18.978933383943822,52,273988,14.17437522828052,24.8883461103672,source_observed,complete_annual,False,reports/quality/respiratory_rates_manifest.json
sih-copd,SIH,copd,brazil_total,2021,crude_rate_per_100k,29.537641751229025,63009,213317639,29.30745246215054,29.769189675151424,source_observed,complete_annual,False,reports/quality/respiratory_rates_manifest.json
sih-copd,SIH,copd,rest_of_rj_excluding_vr,2021,crude_rate_per_100k,9.663480491288789,1661,17188424,9.204289339350384,10.13964973854738,source_observed,complete_annual,False,reports/quality/respiratory_rates_manifest.json
sih-copd,SIH,copd,rj_total,2021,crude_rate_per_100k,9.88928297773812,1727,17463349,9.428321315903753,10.366952811263566,source_observed,complete_annual,False,reports/quality/respiratory_rates_manifest.json
sih-copd,SIH,copd,volta_redonda,2021,crude_rate_per_100k,24.006547240156408,66,274925,18.566661896386755,30.542214219335023,source_observed,complete_annual,False,reports/quality/respiratory_rates_manifest.json
sih-copd,SIH,copd,brazil_total,2022,crude_rate_per_100k,51.897581078534095,105394,203080756,51.5847283478229,52.21186049450709,source_observed,complete_annual,False,reports/quality/respiratory_rates_manifest.json
sih-copd,SIH,copd,rest_of_rj_excluding_vr,2022,crude_rate_per_100k,18.22889015058051,2879,15793611,17.56904036410306,18.90718107507911,source_observed,complete_annual,False,reports/quality/respiratory_rates_manifest.json
sih-copd,SIH,copd,rj_total,2022,crude_rate_per_100k,18.785221511769354,3016,16055174,18.120717485747548,19.46786364195188,source_observed,complete_annual,False,reports/quality/respiratory_rates_manifest.json
sih-copd,SIH,copd,volta_redonda,2022,crude_rate_per_100k,52.37743870501562,137,261563,43.974313811127175,61.918698244045764,source_observed,complete_annual,False,reports/quality/respiratory_rates_manifest.json
sih-copd,SIH,copd,brazil_total,2024,crude_rate_per_100k,49.57152181199174,105381,212583750,49.272672794962936,49.871733738180566,source_observed,complete_annual,False,reports/quality/respiratory_rates_manifest.json
sih-copd,SIH,copd,rest_of_rj_excluding_vr,2024,crude_rate_per_100k,16.641301324969906,2819,16939781,16.03260123717013,17.26719593203309,source_observed,complete_annual,False,reports/quality/respiratory_rates_manifest.json
sih-copd,SIH,copd,rj_total,2024,crude_rate_per_100k,17.18963518425634,2960,17219679,16.575899708137236,17.820283120295937,source_observed,complete_annual,False,reports/quality/respiratory_rates_manifest.json
sih-copd,SIH,copd,volta_redonda,2024,crude_rate_per_100k,50.37549392993162,141,279898,42.40396396984648,59.410188083961856,source_observed,complete_annual,False,reports/quality/respiratory_rates_manifest.json
sih-copd,SIH,copd,brazil_total,2025,crude_rate_per_100k,49.38172988073336,105391,213421037,49.08403915461839,49.68077816901701,provisional,provisional_2025,False,reports/quality/respiratory_rates_manifest.json
sih-copd,SIH,copd,rest_of_rj_excluding_vr,2025,crude_rate_per_100k,20.05479834953377,3398,16943576,19.386103285795457,20.740674417417974,provisional,provisional_2025,False,reports/quality/respiratory_rates_manifest.json
sih-copd,SIH,copd,rj_total,2025,crude_rate_per_100k,20.518421670054373,3534,17223547,19.847451595491773,21.206291581966177,provisional,provisional_2025,False,reports/quality/respiratory_rates_manifest.json
sih-copd,SIH,copd,volta_redonda,2025,crude_rate_per_100k,48.57645970475513,136,279971,40.755815170700856,57.460513657035065,provisional,provisional_2025,False,reports/quality/respiratory_rates_manifest.json
sih-heart-failure,SIH,heart_failure,brazil_total,2008,crude_rate_per_100k,141.86118625531986,268987,189612823,141.32558567140683,142.39831426488448,source_observed,complete_annual,False,reports/quality/respiratory_rates_manifest.json
sih-heart-failure,SIH,heart_failure,rest_of_rj_excluding_vr,2008,crude_rate_per_100k,137.696908083759,21498,15612551,135.8623235625667,139.55007370183435,source_observed,complete_annual,False,reports/quality/respiratory_rates_manifest.json
sih-heart-failure,SIH,heart_failure,rj_total,2008,crude_rate_per_100k,140.09887123290156,22237,15872362,138.26346066878753,141.95255803997165,source_observed,complete_annual,False,reports/quality/respiratory_rates_manifest.json
sih-heart-failure,SIH,heart_failure,volta_redonda,2008,crude_rate_per_100k,284.43753343776825,739,259811,264.29698400527167,305.70588843634243,source_observed,complete_annual,False,reports/quality/respiratory_rates_manifest.json
sih-heart-failure,SIH,heart_failure,brazil_total,2009,crude_rate_per_100k,142.01749806233664,271936,191480630,141.4842198887979,142.55228875681775,source_observed,complete_annual,False,reports/quality/respiratory_rates_manifest.json
sih-heart-failure,SIH,heart_failure,rest_of_rj_excluding_vr,2009,crude_rate_per_100k,133.55746571248278,21034,15749026,131.75857819818566,135.37477377166712,source_observed,complete_annual,False,reports/quality/respiratory_rates_manifest.json
sih-heart-failure,SIH,heart_failure,rj_total,2009,crude_rate_per_100k,135.51791772725142,21697,16010429,133.72063641560538,137.33331818214194,source_observed,complete_annual,False,reports/quality/respiratory_rates_manifest.json
sih-heart-failure,SIH,heart_failure,volta_redonda,2009,crude_rate_per_100k,253.63136612816226,663,261403,234.69012698710702,273.69430262104635,source_observed,complete_annual,False,reports/quality/respiratory_rates_manifest.json
sih-heart-failure,SIH,heart_failure,brazil_total,2010,crude_rate_per_100k,138.81727391155223,264802,190755799,138.28904424198242,139.34702186249382,source_observed,complete_annual,False,reports/quality/respiratory_rates_manifest.json
sih-heart-failure,SIH,heart_failure,rest_of_rj_excluding_vr,2010,crude_rate_per_100k,124.4014953859383,19571,15732126,122.6646448943671,126.15678778370074,source_observed,complete_annual,False,reports/quality/respiratory_rates_manifest.json
sih-heart-failure,SIH,heart_failure,rj_total,2010,crude_rate_per_100k,126.37954802676109,20208,15989929,124.64301737996257,128.1342225493052,source_observed,complete_annual,False,reports/quality/respiratory_rates_manifest.json
sih-heart-failure,SIH,heart_failure,volta_redonda,2010,crude_rate_per_100k,247.08789269325803,637,257803,228.2698815360566,267.0435595506574,source_observed,complete_annual,False,reports/quality/respiratory_rates_manifest.json
sih-heart-failure,SIH,heart_failure,brazil_total,2011,crude_rate_per_100k,136.0343954284434,261702,192379287,135.51370126750254,136.5565950638285,source_observed,complete_annual,False,reports/quality/respiratory_rates_manifest.json
sih-heart-failure,SIH,heart_failure,rest_of_rj_excluding_vr,2011,crude_rate_per_100k,115.76502242446637,18353,15853666,114.09617017471273,117.45217663771078,source_observed,complete_annual,False,reports/quality/respiratory_rates_manifest.json
sih-heart-failure,SIH,heart_failure,rj_total,2011,crude_rate_per_100k,117.32996836404227,18905,16112678,115.66334448685669,119.01459934093113,source_observed,complete_annual,False,reports/quality/respiratory_rates_manifest.json
sih-heart-failure,SIH,heart_failure,volta_redonda,2011,crude_rate_per_100k,213.11753895572406,552,259012,195.70738765008483,231.66113494716166,source_observed,complete_annual,False,reports/quality/respiratory_rates_manifest.json
sih-heart-failure,SIH,heart_failure,brazil_total,2012,crude_rate_per_100k,126.02058483166364,244413,193946886,125.52146761446618,126.5211953894454,source_observed,complete_annual,False,reports/quality/respiratory_rates_manifest.json
sih-heart-failure,SIH,heart_failure,rest_of_rj_excluding_vr,2012,crude_rate_per_100k,99.5480297798817,15899,15971185,98.00659268249204,101.10763753425039,source_observed,complete_annual,False,reports/quality/respiratory_rates_manifest.json
sih-heart-failure,SIH,heart_failure,rj_total,2012,crude_rate_per_100k,100.58303784062524,16326,16231365,99.0459986119306,102.13795583157248,source_observed,complete_annual,False,reports/quality/respiratory_rates_manifest.json
sih-heart-failure,SIH,heart_failure,volta_redonda,2012,crude_rate_per_100k,164.11714966561613,427,260180,148.91792526285752,180.44689664935845,source_observed,complete_annual,False,reports/quality/respiratory_rates_manifest.json
sih-heart-failure,SIH,heart_failure,brazil_total,2013,crude_rate_per_100k,117.61419089233408,236443,201032714,117.14058990581087,118.08923259992986,source_observed,complete_annual,False,reports/quality/respiratory_rates_manifest.json
sih-heart-failure,SIH,heart_failure,rest_of_rj_excluding_vr,2013,crude_rate_per_100k,87.68500595710475,14124,16107657,86.24480754998498,89.1432240058464,source_observed,complete_annual,False,reports/quality/respiratory_rates_manifest.json
sih-heart-failure,SIH,heart_failure,rj_total,2013,crude_rate_per_100k,88.32452745492,14458,16369179,86.8906114242492,89.77617465273376,source_observed,complete_annual,False,reports/quality/respiratory_rates_manifest.json
sih-heart-failure,SIH,heart_failure,volta_redonda,2013,crude_rate_per_100k,127.7139208173691,334,261522,114.38299784799393,142.17189789790885,source_observed,complete_annual,False,reports/quality/respiratory_rates_manifest.json
sih-heart-failure,SIH,heart_failure,brazil_total,2014,crude_rate_per_100k,110.65670032221267,224377,202768562,110.1993034635684,111.11552559465687,source_observed,complete_annual,False,reports/quality/respiratory_rates_manifest.json
sih-heart-failure,SIH,heart_failure,rest_of_rj_excluding_vr,2014,crude_rate_per_100k,81.24001399106137,13160,16198914,79.85786808715164,82.6400798495269,source_observed,complete_annual,False,reports/quality/respiratory_rates_manifest.json
sih-heart-failure,SIH,heart_failure,rj_total,2014,crude_rate_per_100k,81.7438708650957,13456,16461173,80.3684695378653,83.13690607405196,source_observed,complete_annual,False,reports/quality/respiratory_rates_manifest.json
sih-heart-failure,SIH,heart_failure,volta_redonda,2014,crude_rate_per_100k,112.86552606392917,296,262259,100.37269092357313,126.48349896641143,source_observed,complete_annual,False,reports/quality/respiratory_rates_manifest.json
sih-heart-failure,SIH,heart_failure,brazil_total,2015,crude_rate_per_100k,107.06918441482007,218903,204450049,106.62112278673088,107.51866272137333,source_observed,complete_annual,False,reports/quality/respiratory_rates_manifest.json
sih-heart-failure,SIH,heart_failure,rest_of_rj_excluding_vr,2015,crude_rate_per_100k,83.47734341643368,13596,16287054,82.079995093493,84.89251387144924,source_observed,complete_annual,False,reports/quality/respiratory_rates_manifest.json
sih-heart-failure,SIH,heart_failure,rj_total,2015,crude_rate_per_100k,84.17510451948588,13931,16550024,82.78305051142213,85.58469686376307,source_observed,complete_annual,False,reports/quality/respiratory_rates_manifest.json
sih-heart-failure,SIH,heart_failure,volta_redonda,2015,crude_rate_per_100k,127.39095714340039,335,262970,114.11305778626681,141.78967472785035,source_observed,complete_annual,False,reports/quality/respiratory_rates_manifest.json
sih-heart-failure,SIH,heart_failure,brazil_total,2016,crude_rate_per_100k,104.06565886052266,214460,206081432,103.62568307934423,104.50704011591506,source_observed,complete_annual,False,reports/quality/respiratory_rates_manifest.json
sih-heart-failure,SIH,heart_failure,rest_of_rj_excluding_vr,2016,crude_rate_per_100k,75.66421336184321,12388,16372337,74.33759744535496,77.00856101406538,source_observed,complete_annual,False,reports/quality/respiratory_rates_manifest.json
sih-heart-failure,SIH,heart_failure,rj_total,2016,crude_rate_per_100k,76.78530338670434,12774,16635996,75.4594397656117,78.12861691472048,source_observed,complete_annual,False,reports/quality/respiratory_rates_manifest.json
sih-heart-failure,SIH,heart_failure,volta_redonda,2016,crude_rate_per_100k,146.40122279156031,386,263659,132.15878916525355,161.76017888308257,source_observed,complete_annual,False,reports/quality/respiratory_rates_manifest.json
sih-heart-failure,SIH,heart_failure,brazil_total,2017,crude_rate_per_100k,100.51192634315915,208724,207660929,100.08118189425336,100.94406558995152,source_observed,complete_annual,False,reports/quality/respiratory_rates_manifest.json
sih-heart-failure,SIH,heart_failure,rest_of_rj_excluding_vr,2017,crude_rate_per_100k,62.81240969006771,10335,16453755,61.607192663411496,64.03527577152107,source_observed,complete_annual,False,reports/quality/respiratory_rates_manifest.json
sih-heart-failure,SIH,heart_failure,rj_total,2017,crude_rate_per_100k,64.02911760758268,10705,16718956,62.82187233388061,65.25373097917846,source_observed,complete_annual,False,reports/quality/respiratory_rates_manifest.json
sih-heart-failure,SIH,heart_failure,volta_redonda,2017,crude_rate_per_100k,139.51681931817754,370,265201,125.66138277981177,154.48268244354065,source_observed,complete_annual,False,reports/quality/respiratory_rates_manifest.json
sih-heart-failure,SIH,heart_failure,brazil_total,2018,crude_rate_per_100k,96.32513792903327,200833,208494900,95.90431302360871,96.7473520732151,source_observed,complete_annual,False,reports/quality/respiratory_rates_manifest.json
sih-heart-failure,SIH,heart_failure,rest_of_rj_excluding_vr,2018,crude_rate_per_100k,56.833382263650286,9598,16887962,55.70199908583285,57.98196286565991,source_observed,complete_annual,False,reports/quality/respiratory_rates_manifest.json
sih-heart-failure,SIH,heart_failure,rj_total,2018,crude_rate_per_100k,58.269366595260124,9999,17159960,57.13278042262578,59.422876422788185,source_observed,complete_annual,False,reports/quality/respiratory_rates_manifest.json
sih-heart-failure,SIH,heart_failure,volta_redonda,2018,crude_rate_per_100k,147.42755461437216,401,271998,133.349259123848,162.5878008973156,source_observed,complete_annual,False,reports/quality/respiratory_rates_manifest.json
sih-heart-failure,SIH,heart_failure,brazil_total,2019,crude_rate_per_100k,95.09718488892008,199844,210147125,94.68069901368736,95.5150490829657,source_observed,complete_annual,False,reports/quality/respiratory_rates_manifest.json
sih-heart-failure,SIH,heart_failure,rest_of_rj_excluding_vr,2019,crude_rate_per_100k,55.90888993134447,9500,16991931,54.790213373750184,57.044658988757014,source_observed,complete_annual,False,reports/quality/respiratory_rates_manifest.json
sih-heart-failure,SIH,heart_failure,rj_total,2019,crude_rate_per_100k,57.90346368360441,9997,17264943,56.77390228963503,59.04984583040106,source_observed,complete_annual,False,reports/quality/respiratory_rates_manifest.json
sih-heart-failure,SIH,heart_failure,volta_redonda,2019,crude_rate_per_100k,182.04328014885795,497,273012,166.38839150525624,198.77430308894898,source_observed,complete_annual,False,reports/quality/respiratory_rates_manifest.json
sih-heart-failure,SIH,heart_failure,brazil_total,2020,crude_rate_per_100k,80.13621659813518,169693,211755692,79.75538325832464,80.51841787474244,source_observed,complete_annual,False,reports/quality/respiratory_rates_manifest.json
sih-heart-failure,SIH,heart_failure,rest_of_rj_excluding_vr,2020,crude_rate_per_100k,46.038541203675294,7869,17092201,45.02688568136464,47.06719474572598,source_observed,complete_annual,False,reports/quality/respiratory_rates_manifest.json
sih-heart-failure,SIH,heart_failure,rj_total,2020,crude_rate_per_100k,47.074231427517,8175,17366189,46.059256396971016,48.10593510031594,source_observed,complete_annual,False,reports/quality/respiratory_rates_manifest.json
sih-heart-failure,SIH,heart_failure,volta_redonda,2020,crude_rate_per_100k,111.68372337474634,306,273988,99.51946324852075,124.92461938634521,source_observed,complete_annual,False,reports/quality/respiratory_rates_manifest.json
sih-heart-failure,SIH,heart_failure,brazil_total,2021,crude_rate_per_100k,76.62423077915277,163453,213317639,76.25321009962293,76.99660940029362,source_observed,complete_annual,False,reports/quality/respiratory_rates_manifest.json
sih-heart-failure,SIH,heart_failure,rest_of_rj_excluding_vr,2021,crude_rate_per_100k,49.01554674238895,8425,17188424,47.9744288278394,50.07356536937838,source_observed,complete_annual,False,reports/quality/respiratory_rates_manifest.json
sih-heart-failure,SIH,heart_failure,rj_total,2021,crude_rate_per_100k,50.482871298054,8816,17463349,49.43450988129523,51.547865992877895,source_observed,complete_annual,False,reports/quality/respiratory_rates_manifest.json
sih-heart-failure,SIH,heart_failure,volta_redonda,2021,crude_rate_per_100k,142.22060561971446,391,274925,128.47136190915253,157.04050384540955,source_observed,complete_annual,False,reports/quality/respiratory_rates_manifest.json
sih-heart-failure,SIH,heart_failure,brazil_total,2022,crude_rate_per_100k,99.36588969562433,201793,203080756,98.93281308702147,99.8003925776025,source_observed,complete_annual,False,reports/quality/respiratory_rates_manifest.json
sih-heart-failure,SIH,heart_failure,rest_of_rj_excluding_vr,2022,crude_rate_per_100k,76.9931588159288,12160,15793611,75.63070151481017,78.37399811646596,source_observed,complete_annual,False,reports/quality/respiratory_rates_manifest.json
sih-heart-failure,SIH,heart_failure,rj_total,2022,crude_rate_per_100k,79.12091142705772,12703,16055174,77.75092230978295,80.50898188032309,source_observed,complete_annual,False,reports/quality/respiratory_rates_manifest.json
sih-heart-failure,SIH,heart_failure,volta_redonda,2022,crude_rate_per_100k,207.5981694658648,543,261563,190.5019506503808,225.8169085174381,source_observed,complete_annual,False,reports/quality/respiratory_rates_manifest.json
sih-heart-failure,SIH,heart_failure,brazil_total,2024,crude_rate_per_100k,96.60804271257798,205373,212583750,96.19066797634126,97.02677995543495,source_observed,complete_annual,False,reports/quality/respiratory_rates_manifest.json
sih-heart-failure,SIH,heart_failure,rest_of_rj_excluding_vr,2024,crude_rate_per_100k,63.542734112087984,10764,16939781,62.347931953822325,64.75467780672903,source_observed,complete_annual,False,reports/quality/respiratory_rates_manifest.json
sih-heart-failure,SIH,heart_failure,rj_total,2024,crude_rate_per_100k,66.56918517470622,11463,17219679,65.35606397770194,67.7991675860517,source_observed,complete_annual,False,reports/quality/respiratory_rates_manifest.json
sih-heart-failure,SIH,heart_failure,volta_redonda,2024,crude_rate_per_100k,249.73383161008655,699,279898,231.5610822708438,268.9538084360027,source_observed,complete_annual,False,reports/quality/respiratory_rates_manifest.json
sih-heart-failure,SIH,heart_failure,brazil_total,2025,crude_rate_per_100k,100.28673977439252,214033,213421037,99.86231847107301,100.71251821829,provisional,provisional_2025,False,reports/quality/respiratory_rates_manifest.json
sih-heart-failure,SIH,heart_failure,rest_of_rj_excluding_vr,2025,crude_rate_per_100k,69.12354275154195,11712,16943576,67.87727410886451,70.38694679361973,provisional,provisional_2025,False,reports/quality/respiratory_rates_manifest.json
sih-heart-failure,SIH,heart_failure,rj_total,2025,crude_rate_per_100k,71.51836959018952,12318,17223547,70.26090027860866,72.79269445683688,provisional,provisional_2025,False,reports/quality/respiratory_rates_manifest.json
sih-heart-failure,SIH,heart_failure,volta_redonda,2025,crude_rate_per_100k,216.45098956677654,606,279971,199.55833227212585,234.39156952863001,provisional,provisional_2025,False,reports/quality/respiratory_rates_manifest.json
sih-hypertension,SIH,hypertension,brazil_total,2008,crude_rate_per_100k,74.49496176743278,141252,189612823,74.1069734551994,74.88447788371774,source_observed,complete_annual,False,reports/quality/respiratory_rates_manifest.json
sih-hypertension,SIH,hypertension,rest_of_rj_excluding_vr,2008,crude_rate_per_100k,59.75961263473214,9330,15612551,58.553097642057914,60.984730844109805,source_observed,complete_annual,False,reports/quality/respiratory_rates_manifest.json
sih-hypertension,SIH,hypertension,rj_total,2008,crude_rate_per_100k,60.9865122783868,9680,15872362,59.77758026658431,62.213741832338116,source_observed,complete_annual,False,reports/quality/respiratory_rates_manifest.json
sih-hypertension,SIH,hypertension,volta_redonda,2008,crude_rate_per_100k,134.7133108297955,350,259811,120.96815610178166,149.59247253059942,source_observed,complete_annual,False,reports/quality/respiratory_rates_manifest.json
sih-hypertension,SIH,hypertension,brazil_total,2009,crude_rate_per_100k,72.81833154612036,139433,191480630,72.43661292742559,73.20156307467578,source_observed,complete_annual,False,reports/quality/respiratory_rates_manifest.json
sih-hypertension,SIH,hypertension,rest_of_rj_excluding_vr,2009,crude_rate_per_100k,52.44768787606294,8260,15749026,51.3226570798413,53.591164713922794,source_observed,complete_annual,False,reports/quality/respiratory_rates_manifest.json
sih-hypertension,SIH,hypertension,rj_total,2009,crude_rate_per_100k,52.70314742971597,8438,16010429,51.58456088042618,53.83987813935864,source_observed,complete_annual,False,reports/quality/respiratory_rates_manifest.json
sih-hypertension,SIH,hypertension,volta_redonda,2009,crude_rate_per_100k,68.0940922636695,178,261403,58.45780770550676,78.86537800166785,source_observed,complete_annual,False,reports/quality/respiratory_rates_manifest.json
sih-hypertension,SIH,hypertension,brazil_total,2010,crude_rate_per_100k,69.09829252425506,131809,190755799,68.72576005979488,69.47234368650805,source_observed,complete_annual,False,reports/quality/respiratory_rates_manifest.json
sih-hypertension,SIH,hypertension,rest_of_rj_excluding_vr,2010,crude_rate_per_100k,45.30220518193155,7127,15732126,44.256484856187065,46.36639659481212,source_observed,complete_annual,False,reports/quality/respiratory_rates_manifest.json
sih-hypertension,SIH,hypertension,rj_total,2010,crude_rate_per_100k,45.22221455767565,7231,15989929,44.18583138285064,46.276770491131806,source_observed,complete_annual,False,reports/quality/respiratory_rates_manifest.json
sih-hypertension,SIH,hypertension,volta_redonda,2010,crude_rate_per_100k,40.3408804397156,104,257803,32.961422601804664,48.879728705641654,source_observed,complete_annual,False,reports/quality/respiratory_rates_manifest.json
sih-hypertension,SIH,hypertension,brazil_total,2011,crude_rate_per_100k,64.90771535087352,124869,192379287,64.54819584025266,65.26874078143642,source_observed,complete_annual,False,reports/quality/respiratory_rates_manifest.json
sih-hypertension,SIH,hypertension,rest_of_rj_excluding_vr,2011,crude_rate_per_100k,42.936441325306085,6807,15853666,41.92243793794467,43.9687758892184,source_observed,complete_annual,False,reports/quality/respiratory_rates_manifest.json
sih-hypertension,SIH,hypertension,rj_total,2011,crude_rate_per_100k,42.916515802028684,6915,16112678,41.91088226946357,43.94018526072826,source_observed,complete_annual,False,reports/quality/respiratory_rates_manifest.json
sih-hypertension,SIH,hypertension,volta_redonda,2011,crude_rate_per_100k,41.69690979568514,108,259012,34.20478329528504,50.34234332397682,source_observed,complete_annual,False,reports/quality/respiratory_rates_manifest.json
sih-hypertension,SIH,hypertension,brazil_total,2012,crude_rate_per_100k,59.252304777917395,114918,193946886,58.91021552226419,59.59588784230918,source_observed,complete_annual,False,reports/quality/respiratory_rates_manifest.json
sih-hypertension,SIH,hypertension,rest_of_rj_excluding_vr,2012,crude_rate_per_100k,35.26976864897627,5633,15971185,34.35466835336255,36.20307259366769,source_observed,complete_annual,False,reports/quality/respiratory_rates_manifest.json
sih-hypertension,SIH,hypertension,rj_total,2012,crude_rate_per_100k,35.09871166103406,5697,16231365,34.19314598022433,36.02218874485804,source_observed,complete_annual,False,reports/quality/respiratory_rates_manifest.json
sih-hypertension,SIH,hypertension,volta_redonda,2012,crude_rate_per_100k,24.598354985010378,64,260180,18.943730704218407,31.411550160998154,source_observed,complete_annual,False,reports/quality/respiratory_rates_manifest.json
sih-hypertension,SIH,hypertension,brazil_total,2013,crude_rate_per_100k,52.81727430690708,106180,201032714,52.500056319152215,53.13593350886727,source_observed,complete_annual,False,reports/quality/respiratory_rates_manifest.json
sih-hypertension,SIH,hypertension,rest_of_rj_excluding_vr,2013,crude_rate_per_100k,30.184402362180915,4862,16107657,29.341853701910093,31.045006607721024,source_observed,complete_annual,False,reports/quality/respiratory_rates_manifest.json
sih-hypertension,SIH,hypertension,rj_total,2013,crude_rate_per_100k,30.00150465701426,4911,16369179,29.16822036743392,30.85255563935854,source_observed,complete_annual,False,reports/quality/respiratory_rates_manifest.json
sih-hypertension,SIH,hypertension,volta_redonda,2013,crude_rate_per_100k,18.736473413326603,49,261522,13.861346176929338,24.770611494604008,source_observed,complete_annual,False,reports/quality/respiratory_rates_manifest.json
sih-hypertension,SIH,hypertension,brazil_total,2014,crude_rate_per_100k,50.41314047490262,102222,202768562,50.10456431956585,50.72314553500821,source_observed,complete_annual,False,reports/quality/respiratory_rates_manifest.json
sih-hypertension,SIH,hypertension,rest_of_rj_excluding_vr,2014,crude_rate_per_100k,25.711600172702937,4165,16198914,24.936609796087378,26.504551367198975,source_observed,complete_annual,False,reports/quality/respiratory_rates_manifest.json
sih-hypertension,SIH,hypertension,rj_total,2014,crude_rate_per_100k,25.526734941671535,4202,16461173,24.76068604881254,26.310458095874047,source_observed,complete_annual,False,reports/quality/respiratory_rates_manifest.json
sih-hypertension,SIH,hypertension,volta_redonda,2014,crude_rate_per_100k,14.108190757991146,37,262259,9.933468276438951,19.44628254585384,source_observed,complete_annual,False,reports/quality/respiratory_rates_manifest.json
sih-hypertension,SIH,hypertension,brazil_total,2015,crude_rate_per_100k,45.49179638494486,93008,204450049,45.19989786122567,45.785112133934476,source_observed,complete_annual,False,reports/quality/respiratory_rates_manifest.json
sih-hypertension,SIH,hypertension,rest_of_rj_excluding_vr,2015,crude_rate_per_100k,25.51105927443969,4155,16287054,24.741195788592552,26.29878649195572,source_observed,complete_annual,False,reports/quality/respiratory_rates_manifest.json
sih-hypertension,SIH,hypertension,rj_total,2015,crude_rate_per_100k,25.468241012822702,4215,16550024,24.705118144492737,26.248943115524007,source_observed,complete_annual,False,reports/quality/respiratory_rates_manifest.json
sih-hypertension,SIH,hypertension,volta_redonda,2015,crude_rate_per_100k,22.816290831653802,60,262970,17.411233581780152,29.36908902408766,source_observed,complete_annual,False,reports/quality/respiratory_rates_manifest.json
sih-hypertension,SIH,hypertension,brazil_total,2016,crude_rate_per_100k,39.45042462631956,81300,206081432,39.17970649054386,39.72254887671564,source_observed,complete_annual,False,reports/quality/respiratory_rates_manifest.json
sih-hypertension,SIH,hypertension,rest_of_rj_excluding_vr,2016,crude_rate_per_100k,23.179342081707702,3795,16372337,22.447675888648757,23.92878323987303,source_observed,complete_annual,False,reports/quality/respiratory_rates_manifest.json
sih-hypertension,SIH,hypertension,rj_total,2016,crude_rate_per_100k,23.172643224968315,3855,16635996,22.446857970758252,23.915920990483528,source_observed,complete_annual,False,reports/quality/respiratory_rates_manifest.json
sih-hypertension,SIH,hypertension,volta_redonda,2016,crude_rate_per_100k,22.756666755164815,60,263659,17.36573413007228,29.292341018756545,source_observed,complete_annual,False,reports/quality/respiratory_rates_manifest.json
sih-hypertension,SIH,hypertension,brazil_total,2017,crude_rate_per_100k,38.41791538937014,79779,207660929,38.1517856315562,38.68544058239442,source_observed,complete_annual,False,reports/quality/respiratory_rates_manifest.json
sih-hypertension,SIH,hypertension,rest_of_rj_excluding_vr,2017,crude_rate_per_100k,24.328793032350365,4003,16453755,23.580905217997636,25.094365322362677,source_observed,complete_annual,False,reports/quality/respiratory_rates_manifest.json
sih-hypertension,SIH,hypertension,rj_total,2017,crude_rate_per_100k,24.14026330352206,4036,16718956,23.401187671122646,24.896742517409752,source_observed,complete_annual,False,reports/quality/respiratory_rates_manifest.json
sih-hypertension,SIH,hypertension,volta_redonda,2017,crude_rate_per_100k,12.443391993242862,33,265201,8.565458491004874,17.475148762323407,source_observed,complete_annual,False,reports/quality/respiratory_rates_manifest.json
sih-hypertension,SIH,hypertension,brazil_total,2018,crude_rate_per_100k,37.261343083212104,77688,208494900,36.9997805659265,37.524295476248774,source_observed,complete_annual,False,reports/quality/respiratory_rates_manifest.json
sih-hypertension,SIH,hypertension,rest_of_rj_excluding_vr,2018,crude_rate_per_100k,26.314602081648456,4444,16887962,25.546551945085458,27.099877358591076,source_observed,complete_annual,False,reports/quality/respiratory_rates_manifest.json
sih-hypertension,SIH,hypertension,rj_total,2018,crude_rate_per_100k,26.165562157487546,4490,17159960,25.405755556656885,26.942320429458686,source_observed,complete_annual,False,reports/quality/respiratory_rates_manifest.json
sih-hypertension,SIH,hypertension,volta_redonda,2018,crude_rate_per_100k,16.91188905800778,46,271998,12.381628324094983,22.558090026612696,source_observed,complete_annual,False,reports/quality/respiratory_rates_manifest.json
sih-hypertension,SIH,hypertension,brazil_total,2019,crude_rate_per_100k,34.87651805847927,73292,210147125,34.624473987090475,35.12994112749068,source_observed,complete_annual,False,reports/quality/respiratory_rates_manifest.json
sih-hypertension,SIH,hypertension,rest_of_rj_excluding_vr,2019,crude_rate_per_100k,29.060852471682,4938,16991931,28.255888894934237,29.88293136988975,source_observed,complete_annual,False,reports/quality/respiratory_rates_manifest.json
sih-hypertension,SIH,hypertension,rj_total,2019,crude_rate_per_100k,28.966212051786098,5001,17264943,28.168904641672647,29.780363629006207,source_observed,complete_annual,False,reports/quality/respiratory_rates_manifest.json
sih-hypertension,SIH,hypertension,volta_redonda,2019,crude_rate_per_100k,23.075908751263682,63,273012,17.732161881341202,29.524111499454417,source_observed,complete_annual,False,reports/quality/respiratory_rates_manifest.json
sih-hypertension,SIH,hypertension,brazil_total,2020,crude_rate_per_100k,26.474849138884068,56062,211755692,26.25614383187042,26.694923213037285,source_observed,complete_annual,False,reports/quality/respiratory_rates_manifest.json
sih-hypertension,SIH,hypertension,rest_of_rj_excluding_vr,2020,crude_rate_per_100k,20.202196311639444,3453,17092201,19.53392778126817,20.88749566634283,source_observed,complete_annual,False,reports/quality/respiratory_rates_manifest.json
sih-hypertension,SIH,hypertension,rj_total,2020,crude_rate_per_100k,20.033180567135368,3479,17366189,19.372963164543332,20.710159739371527,source_observed,complete_annual,False,reports/quality/respiratory_rates_manifest.json
sih-hypertension,SIH,hypertension,volta_redonda,2020,crude_rate_per_100k,9.489466691971911,26,273988,6.198834699182571,13.9042673705144,source_observed,complete_annual,False,reports/quality/respiratory_rates_manifest.json
sih-hypertension,SIH,hypertension,brazil_total,2021,crude_rate_per_100k,24.98949465683895,53307,213317639,24.777803471150417,25.202544636774707,source_observed,complete_annual,False,reports/quality/respiratory_rates_manifest.json
sih-hypertension,SIH,hypertension,rest_of_rj_excluding_vr,2021,crude_rate_per_100k,18.134297827421523,3117,17188424,17.503205802287066,18.782330406303654,source_observed,complete_annual,False,reports/quality/respiratory_rates_manifest.json
sih-hypertension,SIH,hypertension,rj_total,2021,crude_rate_per_100k,18.10649263208334,3162,17463349,17.480828870247535,18.748829538901134,source_observed,complete_annual,False,reports/quality/respiratory_rates_manifest.json
sih-hypertension,SIH,hypertension,volta_redonda,2021,crude_rate_per_100k,16.368100391015734,45,274925,11.939004742469569,21.901806127838068,source_observed,complete_annual,False,reports/quality/respiratory_rates_manifest.json
sih-hypertension,SIH,hypertension,brazil_total,2022,crude_rate_per_100k,29.09532205995924,59087,203080756,28.861190268274765,29.330881035180024,source_observed,complete_annual,False,reports/quality/respiratory_rates_manifest.json
sih-hypertension,SIH,hypertension,rest_of_rj_excluding_vr,2022,crude_rate_per_100k,29.33464677583866,4633,15793611,28.495968864423073,30.191741460181053,source_observed,complete_annual,False,reports/quality/respiratory_rates_manifest.json
sih-hypertension,SIH,hypertension,rj_total,2022,crude_rate_per_100k,29.41730809021441,4723,16055174,28.584261417167138,30.26847064423839,source_observed,complete_annual,False,reports/quality/respiratory_rates_manifest.json
sih-hypertension,SIH,hypertension,volta_redonda,2022,crude_rate_per_100k,34.4085363755577,90,261563,27.66852656190133,42.29393293008049,source_observed,complete_annual,False,reports/quality/respiratory_rates_manifest.json
sih-hypertension,SIH,hypertension,brazil_total,2024,crude_rate_per_100k,25.740443472278574,54720,212583750,25.525218698833473,25.957031704931467,source_observed,complete_annual,False,reports/quality/respiratory_rates_manifest.json
sih-hypertension,SIH,hypertension,rest_of_rj_excluding_vr,2024,crude_rate_per_100k,24.451319648111152,4142,16939781,23.71228835718133,25.20752648196604,source_observed,complete_annual,False,reports/quality/respiratory_rates_manifest.json
sih-hypertension,SIH,hypertension,rj_total,2024,crude_rate_per_100k,24.518459374300765,4222,17219679,23.784400174737755,25.269414098130376,source_observed,complete_annual,False,reports/quality/respiratory_rates_manifest.json
sih-hypertension,SIH,hypertension,volta_redonda,2024,crude_rate_per_100k,28.581840527620773,80,279898,22.66362195906736,35.57257464056137,source_observed,complete_annual,False,reports/quality/respiratory_rates_manifest.json
sih-hypertension,SIH,hypertension,brazil_total,2025,crude_rate_per_100k,26.23171585470274,55984,213421037,26.014868445196612,26.449921352074927,provisional,provisional_2025,False,reports/quality/respiratory_rates_manifest.json
sih-hypertension,SIH,hypertension,rest_of_rj_excluding_vr,2025,crude_rate_per_100k,21.488970215024267,3641,16943576,20.796580287225314,22.19853779507161,provisional,provisional_2025,False,reports/quality/respiratory_rates_manifest.json
sih-hypertension,SIH,hypertension,rj_total,2025,crude_rate_per_100k,21.447382470056834,3694,17223547,20.76126777411157,22.150394917590134,provisional,provisional_2025,False,reports/quality/respiratory_rates_manifest.json
sih-hypertension,SIH,hypertension,volta_redonda,2025,crude_rate_per_100k,18.930532090823693,53,279971,14.180267574983647,24.76160206921583,provisional,provisional_2025,False,reports/quality/respiratory_rates_manifest.json
sih-ischemic-heart-disease,SIH,ischemic_heart_disease,brazil_total,2008,crude_rate_per_100k,103.07847164956772,195450,189612823,102.62199028920276,103.53648060801488,source_observed,complete_annual,False,reports/quality/respiratory_rates_manifest.json
sih-ischemic-heart-disease,SIH,ischemic_heart_disease,rest_of_rj_excluding_vr,2008,crude_rate_per_100k,75.78518078179536,11832,15612551,74.42572101935998,77.16323650272453,source_observed,complete_annual,False,reports/quality/respiratory_rates_manifest.json
sih-ischemic-heart-disease,SIH,ischemic_heart_disease,rj_total,2008,crude_rate_per_100k,76.97657097286465,12218,15872362,75.61762995265323,78.35380265717244,source_observed,complete_annual,False,reports/quality/respiratory_rates_manifest.json
sih-ischemic-heart-disease,SIH,ischemic_heart_disease,volta_redonda,2008,crude_rate_per_100k,148.56953708657448,386,259811,134.11616210445894,164.15597108719288,source_observed,complete_annual,False,reports/quality/respiratory_rates_manifest.json
sih-ischemic-heart-disease,SIH,ischemic_heart_disease,brazil_total,2009,crude_rate_per_100k,109.69569089050941,210046,191480630,109.22706951117769,110.16582492597358,source_observed,complete_annual,False,reports/quality/respiratory_rates_manifest.json
sih-ischemic-heart-disease,SIH,ischemic_heart_disease,rest_of_rj_excluding_vr,2009,crude_rate_per_100k,83.56707265579472,13161,15749026,82.14539001443838,85.0071871525787,source_observed,complete_annual,False,reports/quality/respiratory_rates_manifest.json
sih-ischemic-heart-disease,SIH,ischemic_heart_disease,rj_total,2009,crude_rate_per_100k,84.67605708753963,13557,16010429,83.25661440772791,86.11362990193963,source_observed,complete_annual,False,reports/quality/respiratory_rates_manifest.json
sih-ischemic-heart-disease,SIH,ischemic_heart_disease,volta_redonda,2009,crude_rate_per_100k,151.49022773265798,396,261403,136.93524061058056,167.17113454097694,source_observed,complete_annual,False,reports/quality/respiratory_rates_manifest.json
sih-ischemic-heart-disease,SIH,ischemic_heart_disease,brazil_total,2010,crude_rate_per_100k,116.325690313614,221898,190755799,115.84218516577705,116.81071383502295,source_observed,complete_annual,False,reports/quality/respiratory_rates_manifest.json
sih-ischemic-heart-disease,SIH,ischemic_heart_disease,rest_of_rj_excluding_vr,2010,crude_rate_per_100k,90.10860960559305,14176,15732126,88.63131012172634,91.60435876983576,source_observed,complete_annual,False,reports/quality/respiratory_rates_manifest.json
sih-ischemic-heart-disease,SIH,ischemic_heart_disease,rj_total,2010,crude_rate_per_100k,91.00728339694317,14552,15989929,89.53457419097718,92.49814415432803,source_observed,complete_annual,False,reports/quality/respiratory_rates_manifest.json
sih-ischemic-heart-disease,SIH,ischemic_heart_disease,volta_redonda,2010,crude_rate_per_100k,145.84779851281792,376,257803,131.4766404819718,161.3610924729181,source_observed,complete_annual,False,reports/quality/respiratory_rates_manifest.json
sih-ischemic-heart-disease,SIH,ischemic_heart_disease,brazil_total,2011,crude_rate_per_100k,120.2629470188233,231361,192379287,119.773395788493,120.7540037868443,source_observed,complete_annual,False,reports/quality/respiratory_rates_manifest.json
sih-ischemic-heart-disease,SIH,ischemic_heart_disease,rest_of_rj_excluding_vr,2011,crude_rate_per_100k,92.559033349132,14674,15853666,91.06742761163369,94.06894643852097,source_observed,complete_annual,False,reports/quality/respiratory_rates_manifest.json
sih-ischemic-heart-disease,SIH,ischemic_heart_disease,rj_total,2011,crude_rate_per_100k,93.71502366025065,15100,16112678,92.22615968129772,95.22189998796021,source_observed,complete_annual,False,reports/quality/respiratory_rates_manifest.json
sih-ischemic-heart-disease,SIH,ischemic_heart_disease,volta_redonda,2011,crude_rate_per_100k,164.47114419409138,426,259012,149.22170392611048,180.8562262352625,source_observed,complete_annual,False,reports/quality/respiratory_rates_manifest.json
sih-ischemic-heart-disease,SIH,ischemic_heart_disease,brazil_total,2012,crude_rate_per_100k,125.2188189296321,242858,193946886,124.72129354029697,125.71783766281649,source_observed,complete_annual,False,reports/quality/respiratory_rates_manifest.json
sih-ischemic-heart-disease,SIH,ischemic_heart_disease,rest_of_rj_excluding_vr,2012,crude_rate_per_100k,91.72769584723989,14650,15971185,90.24828180785883,93.22528257093087,source_observed,complete_annual,False,reports/quality/respiratory_rates_manifest.json
sih-ischemic-heart-disease,SIH,ischemic_heart_disease,rj_total,2012,crude_rate_per_100k,92.99895603358065,15095,16231365,91.52122461448421,94.49456809964089,source_observed,complete_annual,False,reports/quality/respiratory_rates_manifest.json
sih-ischemic-heart-disease,SIH,ischemic_heart_disease,volta_redonda,2012,crude_rate_per_100k,171.03543700515027,445,260180,155.51143913352163,187.68959037536962,source_observed,complete_annual,False,reports/quality/respiratory_rates_manifest.json
sih-ischemic-heart-disease,SIH,ischemic_heart_disease,brazil_total,2013,crude_rate_per_100k,120.97284823006468,243195,201032714,120.4925259491665,121.45461121802877,source_observed,complete_annual,False,reports/quality/respiratory_rates_manifest.json
sih-ischemic-heart-disease,SIH,ischemic_heart_disease,rest_of_rj_excluding_vr,2013,crude_rate_per_100k,84.86647064808992,13670,16107657,83.44970364194396,86.30125813698531,source_observed,complete_annual,False,reports/quality/respiratory_rates_manifest.json
sih-ischemic-heart-disease,SIH,ischemic_heart_disease,rj_total,2013,crude_rate_per_100k,86.13138142114519,14099,16369179,84.71545225999046,87.56504237786052,source_observed,complete_annual,False,reports/quality/respiratory_rates_manifest.json
sih-ischemic-heart-disease,SIH,ischemic_heart_disease,volta_redonda,2013,crude_rate_per_100k,164.0397366187166,429,261522,148.88227407271054,180.32187876605258,source_observed,complete_annual,False,reports/quality/respiratory_rates_manifest.json
sih-ischemic-heart-disease,SIH,ischemic_heart_disease,brazil_total,2014,crude_rate_per_100k,125.18410028473743,253834,202768562,124.69757495818168,125.67205396410081,source_observed,complete_annual,False,reports/quality/respiratory_rates_manifest.json
sih-ischemic-heart-disease,SIH,ischemic_heart_disease,rest_of_rj_excluding_vr,2014,crude_rate_per_100k,87.37005456044768,14153,16198914,85.9364940752403,88.82153312110573,source_observed,complete_annual,False,reports/quality/respiratory_rates_manifest.json
sih-ischemic-heart-disease,SIH,ischemic_heart_disease,rj_total,2014,crude_rate_per_100k,88.77860648205325,14614,16461173,87.34500088901804,90.22984388646489,source_observed,complete_annual,False,reports/quality/respiratory_rates_manifest.json
sih-ischemic-heart-disease,SIH,ischemic_heart_disease,volta_redonda,2014,crude_rate_per_100k,175.7804307955113,461,262259,160.0985282804836,192.58322402403002,source_observed,complete_annual,False,reports/quality/respiratory_rates_manifest.json
sih-ischemic-heart-disease,SIH,ischemic_heart_disease,brazil_total,2015,crude_rate_per_100k,124.27338669896821,254077,204450049,123.79063163922511,124.75755836366328,source_observed,complete_annual,False,reports/quality/respiratory_rates_manifest.json
sih-ischemic-heart-disease,SIH,ischemic_heart_disease,rest_of_rj_excluding_vr,2015,crude_rate_per_100k,88.16204575732358,14359,16287054,86.72586196954347,89.61605029077256,source_observed,complete_annual,False,reports/quality/respiratory_rates_manifest.json
sih-ischemic-heart-disease,SIH,ischemic_heart_disease,rj_total,2015,crude_rate_per_100k,89.64941682259797,14837,16550024,88.2126260755215,91.10374435369852,source_observed,complete_annual,False,reports/quality/respiratory_rates_manifest.json
sih-ischemic-heart-disease,SIH,ischemic_heart_disease,volta_redonda,2015,crude_rate_per_100k,181.7697836255086,478,262970,165.83783931981338,198.8192809402526,source_observed,complete_annual,False,reports/quality/respiratory_rates_manifest.json
sih-ischemic-heart-disease,SIH,ischemic_heart_disease,brazil_total,2016,crude_rate_per_100k,126.51066982104432,260715,206081432,126.02551442484189,126.99723059598196,source_observed,complete_annual,False,reports/quality/respiratory_rates_manifest.json
sih-ischemic-heart-disease,SIH,ischemic_heart_disease,rest_of_rj_excluding_vr,2016,crude_rate_per_100k,91.39196194165805,14963,16372337,89.93339930251555,92.86825148257135,source_observed,complete_annual,False,reports/quality/respiratory_rates_manifest.json
sih-ischemic-heart-disease,SIH,ischemic_heart_disease,rj_total,2016,crude_rate_per_100k,92.90697112454222,15456,16635996,91.44797565129602,94.38341177862809,source_observed,complete_annual,False,reports/quality/respiratory_rates_manifest.json
sih-ischemic-heart-disease,SIH,ischemic_heart_disease,volta_redonda,2016,crude_rate_per_100k,186.98394517160423,493,263659,170.84055295417403,204.24171290342454,source_observed,complete_annual,False,reports/quality/respiratory_rates_manifest.json
sih-ischemic-heart-disease,SIH,ischemic_heart_disease,brazil_total,2017,crude_rate_per_100k,128.37128355522285,266577,207660929,127.88443059185009,128.85953119761803,source_observed,complete_annual,False,reports/quality/respiratory_rates_manifest.json
sih-ischemic-heart-disease,SIH,ischemic_heart_disease,rest_of_rj_excluding_vr,2017,crude_rate_per_100k,93.40117195132662,15368,16453755,91.9302386259461,94.88974381618885,source_observed,complete_annual,False,reports/quality/respiratory_rates_manifest.json
sih-ischemic-heart-disease,SIH,ischemic_heart_disease,rj_total,2017,crude_rate_per_100k,95.27508775069448,15929,16718956,93.80119893796568,96.76633447701556,source_observed,complete_annual,False,reports/quality/respiratory_rates_manifest.json
sih-ischemic-heart-disease,SIH,ischemic_heart_disease,volta_redonda,2017,crude_rate_per_100k,211.53766388512867,561,265201,194.392812459135,229.78938371220374,source_observed,complete_annual,False,reports/quality/respiratory_rates_manifest.json
sih-ischemic-heart-disease,SIH,ischemic_heart_disease,brazil_total,2018,crude_rate_per_100k,130.2262069719691,271515,208494900,129.73682668734102,130.71697634864924,source_observed,complete_annual,False,reports/quality/respiratory_rates_manifest.json
sih-ischemic-heart-disease,SIH,ischemic_heart_disease,rest_of_rj_excluding_vr,2018,crude_rate_per_100k,98.75673571506141,16678,16887962,97.26355496509159,100.26709962762119,source_observed,complete_annual,False,reports/quality/respiratory_rates_manifest.json
sih-ischemic-heart-disease,SIH,ischemic_heart_disease,rj_total,2018,crude_rate_per_100k,100.2216788384122,17198,17159960,98.72934749549916,101.7309203059273,source_observed,complete_annual,False,reports/quality/respiratory_rates_manifest.json
sih-ischemic-heart-disease,SIH,ischemic_heart_disease,volta_redonda,2018,crude_rate_per_100k,191.17787630791403,520,271998,175.09706123710924,208.33848081634986,source_observed,complete_annual,False,reports/quality/respiratory_rates_manifest.json
sih-ischemic-heart-disease,SIH,ischemic_heart_disease,brazil_total,2019,crude_rate_per_100k,137.39517016947056,288732,210147125,136.89446599635622,137.8972524861974,source_observed,complete_annual,False,reports/quality/respiratory_rates_manifest.json
sih-ischemic-heart-disease,SIH,ischemic_heart_disease,rest_of_rj_excluding_vr,2019,crude_rate_per_100k,108.12190798091163,18372,16991931,106.56404108281345,109.69685079833624,source_observed,complete_annual,False,reports/quality/respiratory_rates_manifest.json
sih-ischemic-heart-disease,SIH,ischemic_heart_disease,rj_total,2019,crude_rate_per_100k,110.49558634511564,19077,17264943,108.93310868402295,112.07486912311379,source_observed,complete_annual,False,reports/quality/respiratory_rates_manifest.json
sih-ischemic-heart-disease,SIH,ischemic_heart_disease,volta_redonda,2019,crude_rate_per_100k,258.23040745461736,705,273012,239.51800230182954,278.01639636628806,source_observed,complete_annual,False,reports/quality/respiratory_rates_manifest.json
sih-ischemic-heart-disease,SIH,ischemic_heart_disease,brazil_total,2020,crude_rate_per_100k,121.29921872418902,256858,211755692,120.83057252834458,121.76923264665439,source_observed,complete_annual,False,reports/quality/respiratory_rates_manifest.json
sih-ischemic-heart-disease,SIH,ischemic_heart_disease,rest_of_rj_excluding_vr,2020,crude_rate_per_100k,94.73326460413143,16192,17092201,93.2796625493711,96.20384515545494,source_observed,complete_annual,False,reports/quality/respiratory_rates_manifest.json
sih-ischemic-heart-disease,SIH,ischemic_heart_disease,rj_total,2020,crude_rate_per_100k,96.29055632182744,16722,17366189,94.83657314850514,97.76124941348785,source_observed,complete_annual,False,reports/quality/respiratory_rates_manifest.json
sih-ischemic-heart-disease,SIH,ischemic_heart_disease,volta_redonda,2020,crude_rate_per_100k,193.43912872096587,530,273988,177.31898172343287,210.63107581041433,source_observed,complete_annual,False,reports/quality/respiratory_rates_manifest.json
sih-ischemic-heart-disease,SIH,ischemic_heart_disease,brazil_total,2021,crude_rate_per_100k,123.16093560364222,262724,213317639,122.69043368026871,123.63279522874537,source_observed,complete_annual,False,reports/quality/respiratory_rates_manifest.json
sih-ischemic-heart-disease,SIH,ischemic_heart_disease,rest_of_rj_excluding_vr,2021,crude_rate_per_100k,98.97358827080365,17012,17188424,97.4918366651106,100.47222223447343,source_observed,complete_annual,False,reports/quality/respiratory_rates_manifest.json
sih-ischemic-heart-disease,SIH,ischemic_heart_disease,rj_total,2021,crude_rate_per_100k,100.57062937927886,17563,17463349,99.08868739815645,102.069187261088,source_observed,complete_annual,False,reports/quality/respiratory_rates_manifest.json
sih-ischemic-heart-disease,SIH,ischemic_heart_disease,volta_redonda,2021,crude_rate_per_100k,200.41829589888152,551,274925,184.03104665598286,217.87339822955192,source_observed,complete_annual,False,reports/quality/respiratory_rates_manifest.json
sih-ischemic-heart-disease,SIH,ischemic_heart_disease,brazil_total,2022,crude_rate_per_100k,146.61014951116294,297737,203080756,146.0839980291144,147.1377270768345,source_observed,complete_annual,False,reports/quality/respiratory_rates_manifest.json
sih-ischemic-heart-disease,SIH,ischemic_heart_disease,rest_of_rj_excluding_vr,2022,crude_rate_per_100k,138.40406731557465,21859,15793611,136.57530101187507,140.25120134982433,source_observed,complete_annual,False,reports/quality/respiratory_rates_manifest.json
sih-ischemic-heart-disease,SIH,ischemic_heart_disease,rj_total,2022,crude_rate_per_100k,142.30303576902998,22847,16055174,140.46372427241536,144.1604148573341,source_observed,complete_annual,False,reports/quality/respiratory_rates_manifest.json
sih-ischemic-heart-disease,SIH,ischemic_heart_disease,volta_redonda,2022,crude_rate_per_100k,377.72926598945566,988,261563,354.5402254443486,402.03671407202535,source_observed,complete_annual,False,reports/quality/respiratory_rates_manifest.json
sih-ischemic-heart-disease,SIH,ischemic_heart_disease,brazil_total,2024,crude_rate_per_100k,156.4423433117536,332571,212583750,155.91109688572502,156.97495202666502,source_observed,complete_annual,False,reports/quality/respiratory_rates_manifest.json
sih-ischemic-heart-disease,SIH,ischemic_heart_disease,rest_of_rj_excluding_vr,2024,crude_rate_per_100k,145.3442638957375,24621,16939781,143.53437464176142,147.17127583730502,source_observed,complete_annual,False,reports/quality/respiratory_rates_manifest.json
sih-ischemic-heart-disease,SIH,ischemic_heart_disease,rj_total,2024,crude_rate_per_100k,149.90987927243012,25814,17219679,148.08665123765047,151.74995082684043,source_observed,complete_annual,False,reports/quality/respiratory_rates_manifest.json
sih-ischemic-heart-disease,SIH,ischemic_heart_disease,volta_redonda,2024,crude_rate_per_100k,426.2266968681448,1193,279898,402.38059820089705,451.1169474719888,source_observed,complete_annual,False,reports/quality/respiratory_rates_manifest.json
sih-ischemic-heart-disease,SIH,ischemic_heart_disease,brazil_total,2025,crude_rate_per_100k,169.51937123236826,361790,213421037,168.96743363691164,170.07266573940294,provisional,provisional_2025,False,reports/quality/respiratory_rates_manifest.json
sih-ischemic-heart-disease,SIH,ischemic_heart_disease,rest_of_rj_excluding_vr,2025,crude_rate_per_100k,161.45352079159676,27356,16943576,159.545877564905,163.37828098293375,provisional,provisional_2025,False,reports/quality/respiratory_rates_manifest.json
sih-ischemic-heart-disease,SIH,ischemic_heart_disease,rj_total,2025,crude_rate_per_100k,166.70782156544178,28713,17223547,164.78507021617622,168.6474108194982,provisional,provisional_2025,False,reports/quality/respiratory_rates_manifest.json
sih-ischemic-heart-disease,SIH,ischemic_heart_disease,volta_redonda,2025,crude_rate_per_100k,484.6930574952406,1357,279971,459.24457686894687,511.184790884349,provisional,provisional_2025,False,reports/quality/respiratory_rates_manifest.json
sih-pneumoconiosis,SIH,pneumoconiosis,brazil_total,2008,crude_rate_per_100k,0.30957821876846375,587,189612823,0.28503766446267337,0.3356664062298629,source_observed,complete_annual,False,reports/quality/respiratory_rates_manifest.json
sih-pneumoconiosis,SIH,pneumoconiosis,rest_of_rj_excluding_vr,2008,crude_rate_per_100k,0.16653268258339074,26,15612551,0.10878467724842879,0.24400896485862555,source_observed,complete_annual,False,reports/quality/respiratory_rates_manifest.json
sih-pneumoconiosis,SIH,pneumoconiosis,rj_total,2008,crude_rate_per_100k,0.16380674785517116,26,15872362,0.1070040061812876,0.2400148388949609,source_observed,complete_annual,False,reports/quality/respiratory_rates_manifest.json
sih-pneumoconiosis,SIH,pneumoconiosis,volta_redonda,2008,crude_rate_per_100k,,,259811,,,source_observed,complete_annual,True,reports/quality/respiratory_rates_manifest.json
sih-pneumoconiosis,SIH,pneumoconiosis,brazil_total,2009,crude_rate_per_100k,0.29454676433851296,564,191480630,0.27073636888776337,0.3198901175971375,source_observed,complete_annual,False,reports/quality/respiratory_rates_manifest.json
sih-pneumoconiosis,SIH,pneumoconiosis,rest_of_rj_excluding_vr,2009,crude_rate_per_100k,0.2603335596753729,41,15749026,0.18681985710389507,0.3531718695856804,source_observed,complete_annual,False,reports/quality/respiratory_rates_manifest.json
sih-pneumoconiosis,SIH,pneumoconiosis,rj_total,2009,crude_rate_per_100k,0.2560830818462141,41,16010429,0.18376964082883276,0.3474056164624627,source_observed,complete_annual,False,reports/quality/respiratory_rates_manifest.json
sih-pneumoconiosis,SIH,pneumoconiosis,volta_redonda,2009,crude_rate_per_100k,,,261403,,,source_observed,complete_annual,True,reports/quality/respiratory_rates_manifest.json
sih-pneumoconiosis,SIH,pneumoconiosis,brazil_total,2010,crude_rate_per_100k,0.26788176437037176,511,190755799,0.24515586654507274,0.29214752495284557,source_observed,complete_annual,False,reports/quality/respiratory_rates_manifest.json
sih-pneumoconiosis,SIH,pneumoconiosis,rest_of_rj_excluding_vr,2010,crude_rate_per_100k,0.12712839955642358,20,15732126,0.07765332915210535,0.19633950238305106,source_observed,complete_annual,False,reports/quality/respiratory_rates_manifest.json
sih-pneumoconiosis,SIH,pneumoconiosis,rj_total,2010,crude_rate_per_100k,0.12507872924263766,20,15989929,0.076401337275506,0.1931739528216454,source_observed,complete_annual,False,reports/quality/respiratory_rates_manifest.json
sih-pneumoconiosis,SIH,pneumoconiosis,volta_redonda,2010,crude_rate_per_100k,,,257803,,,source_observed,complete_annual,True,reports/quality/respiratory_rates_manifest.json
sih-pneumoconiosis,SIH,pneumoconiosis,brazil_total,2011,crude_rate_per_100k,0.21883852807916895,421,192379287,0.19843106563864338,0.2407751184809237,source_observed,complete_annual,False,reports/quality/respiratory_rates_manifest.json
sih-pneumoconiosis,SIH,pneumoconiosis,rest_of_rj_excluding_vr,2011,crude_rate_per_100k,0.15138454411743,24,15853666,0.096994933882715,0.22524820185913602,source_observed,complete_annual,False,reports/quality/respiratory_rates_manifest.json
sih-pneumoconiosis,SIH,pneumoconiosis,rj_total,2011,crude_rate_per_100k,0.14895103098317983,24,16112678,0.09543573609977477,0.22162732721247957,source_observed,complete_annual,False,reports/quality/respiratory_rates_manifest.json
sih-pneumoconiosis,SIH,pneumoconiosis,volta_redonda,2011,crude_rate_per_100k,,,259012,,,source_observed,complete_annual,True,reports/quality/respiratory_rates_manifest.json
sih-pneumoconiosis,SIH,pneumoconiosis,brazil_total,2012,crude_rate_per_100k,0.24078757315031082,467,193946886,0.21944140989040384,0.2636492785185288,source_observed,complete_annual,False,reports/quality/respiratory_rates_manifest.json
sih-pneumoconiosis,SIH,pneumoconiosis,rest_of_rj_excluding_vr,2012,crude_rate_per_100k,0.08139659017161219,13,15971185,0.04334025616135435,0.1391906481463891,source_observed,complete_annual,False,reports/quality/respiratory_rates_manifest.json
sih-pneumoconiosis,SIH,pneumoconiosis,rj_total,2012,crude_rate_per_100k,0.08009184686562097,13,16231365,0.04264553530158308,0.13695949735686969,source_observed,complete_annual,False,reports/quality/respiratory_rates_manifest.json
sih-pneumoconiosis,SIH,pneumoconiosis,volta_redonda,2012,crude_rate_per_100k,,,260180,,,source_observed,complete_annual,True,reports/quality/respiratory_rates_manifest.json
sih-pneumoconiosis,SIH,pneumoconiosis,brazil_total,2013,crude_rate_per_100k,0.22384416498500836,450,201032714,0.203637498275651,0.24551337149209965,source_observed,complete_annual,False,reports/quality/respiratory_rates_manifest.json
sih-pneumoconiosis,SIH,pneumoconiosis,rest_of_rj_excluding_vr,2013,crude_rate_per_100k,0.06208227552896117,10,16107657,0.029770864230175956,0.11417151508762434,source_observed,complete_annual,False,reports/quality/respiratory_rates_manifest.json
sih-pneumoconiosis,SIH,pneumoconiosis,rj_total,2013,crude_rate_per_100k,0.06109041876810071,10,16369179,0.029295230360254682,0.11234745519013371,source_observed,complete_annual,False,reports/quality/respiratory_rates_manifest.json
sih-pneumoconiosis,SIH,pneumoconiosis,volta_redonda,2013,crude_rate_per_100k,,,261522,,,source_observed,complete_annual,True,reports/quality/respiratory_rates_manifest.json
sih-pneumoconiosis,SIH,pneumoconiosis,brazil_total,2014,crude_rate_per_100k,0.2643407807961867,536,202768562,0.24243304729185736,0.28769665191002725,source_observed,complete_annual,False,reports/quality/respiratory_rates_manifest.json
sih-pneumoconiosis,SIH,pneumoconiosis,rest_of_rj_excluding_vr,2014,crude_rate_per_100k,0.12346506685571638,20,16198914,0.07541567036780332,0.19068178214091758,source_observed,complete_annual,False,reports/quality/respiratory_rates_manifest.json
sih-pneumoconiosis,SIH,pneumoconiosis,rj_total,2014,crude_rate_per_100k,0.1214980244724966,20,16461173,0.0742141497778071,0.18764384471674406,source_observed,complete_annual,False,reports/quality/respiratory_rates_manifest.json
sih-pneumoconiosis,SIH,pneumoconiosis,volta_redonda,2014,crude_rate_per_100k,,,262259,,,source_observed,complete_annual,True,reports/quality/respiratory_rates_manifest.json
sih-pneumoconiosis,SIH,pneumoconiosis,brazil_total,2015,crude_rate_per_100k,0.29982873714058145,613,204450049,0.2765602450634889,0.3245321295196995,source_observed,complete_annual,False,reports/quality/respiratory_rates_manifest.json
sih-pneumoconiosis,SIH,pneumoconiosis,rest_of_rj_excluding_vr,2015,crude_rate_per_100k,0.15349614485222435,25,16287054,0.09933461169729851,0.22659058966422266,source_observed,complete_annual,False,reports/quality/respiratory_rates_manifest.json
sih-pneumoconiosis,SIH,pneumoconiosis,rj_total,2015,crude_rate_per_100k,0.16314175737751194,27,16550024,0.10751144609678374,0.23736269171067145,source_observed,complete_annual,False,reports/quality/respiratory_rates_manifest.json
sih-pneumoconiosis,SIH,pneumoconiosis,volta_redonda,2015,crude_rate_per_100k,,,262970,,,source_observed,complete_annual,True,reports/quality/respiratory_rates_manifest.json
sih-pneumoconiosis,SIH,pneumoconiosis,brazil_total,2016,crude_rate_per_100k,0.2717372421985111,560,206081432,0.24969405402414319,0.2952048491086456,source_observed,complete_annual,False,reports/quality/respiratory_rates_manifest.json
sih-pneumoconiosis,SIH,pneumoconiosis,rest_of_rj_excluding_vr,2016,crude_rate_per_100k,0.12215727052283373,20,16372337,0.0746168343920843,0.18866199677342702,source_observed,complete_annual,False,reports/quality/respiratory_rates_manifest.json
sih-pneumoconiosis,SIH,pneumoconiosis,rj_total,2016,crude_rate_per_100k,0.12623229772356281,21,16635996,0.07813978185662095,0.19295947615606185,source_observed,complete_annual,False,reports/quality/respiratory_rates_manifest.json
sih-pneumoconiosis,SIH,pneumoconiosis,volta_redonda,2016,crude_rate_per_100k,,,263659,,,source_observed,complete_annual,True,reports/quality/respiratory_rates_manifest.json
sih-pneumoconiosis,SIH,pneumoconiosis,brazil_total,2017,crude_rate_per_100k,0.31493647030732486,654,207660929,0.2912588248664975,0.34002622947867395,source_observed,complete_annual,False,reports/quality/respiratory_rates_manifest.json
sih-pneumoconiosis,SIH,pneumoconiosis,rest_of_rj_excluding_vr,2017,crude_rate_per_100k,0.2734938012629944,45,16453755,0.19948825534496206,0.36595622395592253,source_observed,complete_annual,False,reports/quality/respiratory_rates_manifest.json
sih-pneumoconiosis,SIH,pneumoconiosis,rj_total,2017,crude_rate_per_100k,0.29906173567296906,50,16718956,0.22196938455643922,0.39427561544116047,source_observed,complete_annual,False,reports/quality/respiratory_rates_manifest.json
sih-pneumoconiosis,SIH,pneumoconiosis,volta_redonda,2017,crude_rate_per_100k,1.8853624232186152,5,265201,0.6121720469072215,4.399806968798258,source_observed,complete_annual,False,reports/quality/respiratory_rates_manifest.json
sih-pneumoconiosis,SIH,pneumoconiosis,brazil_total,2018,crude_rate_per_100k,0.29736938409524644,620,208494900,0.2744197758862761,0.32172594901103885,source_observed,complete_annual,False,reports/quality/respiratory_rates_manifest.json
sih-pneumoconiosis,SIH,pneumoconiosis,rest_of_rj_excluding_vr,2018,crude_rate_per_100k,0.4441033204598636,75,16887962,0.34931543368851403,0.5566873578282138,source_observed,complete_annual,False,reports/quality/respiratory_rates_manifest.json
sih-pneumoconiosis,SIH,pneumoconiosis,rj_total,2018,crude_rate_per_100k,0.4487189946829713,77,17159960,0.3541220134222138,0.5608217530817257,source_observed,complete_annual,False,reports/quality/respiratory_rates_manifest.json
sih-pneumoconiosis,SIH,pneumoconiosis,volta_redonda,2018,crude_rate_per_100k,,,271998,,,source_observed,complete_annual,True,reports/quality/respiratory_rates_manifest.json
sih-pneumoconiosis,SIH,pneumoconiosis,brazil_total,2019,crude_rate_per_100k,0.3231069661314662,679,210147125,0.29925778745154047,0.3483512172421339,source_observed,complete_annual,False,reports/quality/respiratory_rates_manifest.json
sih-pneumoconiosis,SIH,pneumoconiosis,rest_of_rj_excluding_vr,2019,crude_rate_per_100k,0.6120552160905078,104,16991931,0.5000934638336895,0.7416073370060492,source_observed,complete_annual,False,reports/quality/respiratory_rates_manifest.json
sih-pneumoconiosis,SIH,pneumoconiosis,rj_total,2019,crude_rate_per_100k,0.6139609033172018,106,17264943,0.5026608820360745,0.7425680265955542,source_observed,complete_annual,False,reports/quality/respiratory_rates_manifest.json
sih-pneumoconiosis,SIH,pneumoconiosis,volta_redonda,2019,crude_rate_per_100k,,,273012,,,source_observed,complete_annual,True,reports/quality/respiratory_rates_manifest.json
sih-pneumoconiosis,SIH,pneumoconiosis,brazil_total,2020,crude_rate_per_100k,0.23895461568041343,506,211755692,0.21858508542509691,0.26071139947487987,source_observed,complete_annual,False,reports/quality/respiratory_rates_manifest.json
sih-pneumoconiosis,SIH,pneumoconiosis,rest_of_rj_excluding_vr,2020,crude_rate_per_100k,0.44464723998974737,76,17092201,0.3503314516161704,0.5565423257269885,source_observed,complete_annual,False,reports/quality/respiratory_rates_manifest.json
sih-pneumoconiosis,SIH,pneumoconiosis,rj_total,2020,crude_rate_per_100k,0.43763199859220697,76,17366189,0.3448042392977158,0.5477617050196308,source_observed,complete_annual,False,reports/quality/respiratory_rates_manifest.json
sih-pneumoconiosis,SIH,pneumoconiosis,volta_redonda,2020,crude_rate_per_100k,,,273988,,,source_observed,complete_annual,True,reports/quality/respiratory_rates_manifest.json
sih-pneumoconiosis,SIH,pneumoconiosis,brazil_total,2021,crude_rate_per_100k,0.231110752168038,493,213317639,0.21115764060816633,0.2524412234958404,source_observed,complete_annual,False,reports/quality/respiratory_rates_manifest.json
sih-pneumoconiosis,SIH,pneumoconiosis,rest_of_rj_excluding_vr,2021,crude_rate_per_100k,0.32580066677433606,56,17188424,0.2461063223866843,0.4230792654846363,source_observed,complete_annual,False,reports/quality/respiratory_rates_manifest.json
sih-pneumoconiosis,SIH,pneumoconiosis,rj_total,2021,crude_rate_per_100k,0.32639787477190085,57,17463349,0.2472105628933187,0.4228863055016699,source_observed,complete_annual,False,reports/quality/respiratory_rates_manifest.json
sih-pneumoconiosis,SIH,pneumoconiosis,volta_redonda,2021,crude_rate_per_100k,,,274925,,,source_observed,complete_annual,True,reports/quality/respiratory_rates_manifest.json
sih-pneumoconiosis,SIH,pneumoconiosis,brazil_total,2022,crude_rate_per_100k,0.2683661469134968,545,203080756,0.24630525371121,0.29187278092150387,source_observed,complete_annual,False,reports/quality/respiratory_rates_manifest.json
sih-pneumoconiosis,SIH,pneumoconiosis,rest_of_rj_excluding_vr,2022,crude_rate_per_100k,0.39889547741805215,63,15793611,0.3065222373495665,0.5103605963632414,source_observed,complete_annual,False,reports/quality/respiratory_rates_manifest.json
sih-pneumoconiosis,SIH,pneumoconiosis,rj_total,2022,crude_rate_per_100k,0.3986253901701719,64,16055174,0.30699012384565527,0.5090357239908144,source_observed,complete_annual,False,reports/quality/respiratory_rates_manifest.json
sih-pneumoconiosis,SIH,pneumoconiosis,volta_redonda,2022,crude_rate_per_100k,,,261563,,,source_observed,complete_annual,True,reports/quality/respiratory_rates_manifest.json
sih-pneumoconiosis,SIH,pneumoconiosis,brazil_total,2024,crude_rate_per_100k,0.2596623683607049,552,212583750,0.23844984336772573,0.28225588214025876,source_observed,complete_annual,False,reports/quality/respiratory_rates_manifest.json
sih-pneumoconiosis,SIH,pneumoconiosis,rest_of_rj_excluding_vr,2024,crude_rate_per_100k,0.14758160096638792,25,16939781,0.09550703074513965,0.2178595561390691,source_observed,complete_annual,False,reports/quality/respiratory_rates_manifest.json
sih-pneumoconiosis,SIH,pneumoconiosis,rj_total,2024,crude_rate_per_100k,0.16260465714837077,28,17219679,0.10804961379278634,0.23500900303233407,source_observed,complete_annual,False,reports/quality/respiratory_rates_manifest.json
sih-pneumoconiosis,SIH,pneumoconiosis,volta_redonda,2024,crude_rate_per_100k,,,279898,,,source_observed,complete_annual,True,reports/quality/respiratory_rates_manifest.json
sih-pneumoconiosis,SIH,pneumoconiosis,brazil_total,2025,crude_rate_per_100k,0.29097412735371536,621,213421037,0.26853580079226597,0.31478692088310056,provisional,provisional_2025,False,reports/quality/respiratory_rates_manifest.json
sih-pneumoconiosis,SIH,pneumoconiosis,rest_of_rj_excluding_vr,2025,crude_rate_per_100k,0.2773912661648285,47,16943576,0.20381666873076706,0.36887157906127355,provisional,provisional_2025,False,reports/quality/respiratory_rates_manifest.json
sih-pneumoconiosis,SIH,pneumoconiosis,rj_total,2025,crude_rate_per_100k,0.2903002500007693,50,17223547,0.21546644101509324,0.38272468884798705,provisional,provisional_2025,False,reports/quality/respiratory_rates_manifest.json
sih-pneumoconiosis,SIH,pneumoconiosis,volta_redonda,2025,crude_rate_per_100k,,,279971,,,provisional,provisional_2025,True,reports/quality/respiratory_rates_manifest.json
sih-pneumonia,SIH,pneumonia,brazil_total,2008,crude_rate_per_100k,366.8744492032588,695641,189612823,366.01281840559017,367.7376070498923,source_observed,complete_annual,False,reports/quality/respiratory_rates_manifest.json
sih-pneumonia,SIH,pneumonia,rest_of_rj_excluding_vr,2008,crude_rate_per_100k,263.31379157704595,41110,15612551,260.7745109699011,265.87164144846463,source_observed,complete_annual,False,reports/quality/respiratory_rates_manifest.json
sih-pneumonia,SIH,pneumonia,rj_total,2008,crude_rate_per_100k,263.96197364954253,41897,15872362,261.4404064904164,266.50180583001736,source_observed,complete_annual,False,reports/quality/respiratory_rates_manifest.json
sih-pneumonia,SIH,pneumonia,volta_redonda,2008,crude_rate_per_100k,302.9125017801402,787,259811,282.1163481156972,324.8360358225785,source_observed,complete_annual,False,reports/quality/respiratory_rates_manifest.json
sih-pneumonia,SIH,pneumonia,brazil_total,2009,crude_rate_per_100k,422.1575832500655,808350,191480630,421.23779168032365,423.07888692873,source_observed,complete_annual,False,reports/quality/respiratory_rates_manifest.json
sih-pneumonia,SIH,pneumonia,rest_of_rj_excluding_vr,2009,crude_rate_per_100k,282.15713149498896,44437,15749026,279.5397371597958,284.79293301073164,source_observed,complete_annual,False,reports/quality/respiratory_rates_manifest.json
sih-pneumonia,SIH,pneumonia,rj_total,2009,crude_rate_per_100k,282.6095415681866,45247,16010429,280.01146823260086,285.2257212887214,source_observed,complete_annual,False,reports/quality/respiratory_rates_manifest.json
sih-pneumonia,SIH,pneumonia,volta_redonda,2009,crude_rate_per_100k,309.86637490770954,810,261403,288.89169464434667,331.96138046295465,source_observed,complete_annual,False,reports/quality/respiratory_rates_manifest.json
sih-pneumonia,SIH,pneumonia,brazil_total,2010,crude_rate_per_100k,398.7831583563024,760702,190755799,397.8875113590111,399.6803232258231,source_observed,complete_annual,False,reports/quality/respiratory_rates_manifest.json
sih-pneumonia,SIH,pneumonia,rest_of_rj_excluding_vr,2010,crude_rate_per_100k,290.3167696470267,45673,15732126,287.66029017811576,292.9916756680726,source_observed,complete_annual,False,reports/quality/respiratory_rates_manifest.json
sih-pneumonia,SIH,pneumonia,rj_total,2010,crude_rate_per_100k,289.9512561938205,46363,15989929,287.31789334704905,292.6027482905345,source_observed,complete_annual,False,reports/quality/respiratory_rates_manifest.json
sih-pneumonia,SIH,pneumonia,volta_redonda,2010,crude_rate_per_100k,267.64622599426696,690,257803,248.04581665615711,288.3837078392988,source_observed,complete_annual,False,reports/quality/respiratory_rates_manifest.json
sih-pneumonia,SIH,pneumonia,brazil_total,2011,crude_rate_per_100k,380.9245846721534,732820,192379287,380.0529326315978,381.7977417866245,source_observed,complete_annual,False,reports/quality/respiratory_rates_manifest.json
sih-pneumonia,SIH,pneumonia,rest_of_rj_excluding_vr,2011,crude_rate_per_100k,244.65634636178157,38787,15853666,242.2275363597508,247.10344411054962,source_observed,complete_annual,False,reports/quality/respiratory_rates_manifest.json
sih-pneumonia,SIH,pneumonia,rj_total,2011,crude_rate_per_100k,245.8250577588654,39609,16112678,243.41003890268408,248.25807006378935,source_observed,complete_annual,False,reports/quality/respiratory_rates_manifest.json
sih-pneumonia,SIH,pneumonia,volta_redonda,2011,crude_rate_per_100k,317.35981344493695,822,259012,296.0325529260332,339.8176448512291,source_observed,complete_annual,False,reports/quality/respiratory_rates_manifest.json
sih-pneumonia,SIH,pneumonia,brazil_total,2012,crude_rate_per_100k,351.5539816401074,681828,193946886,350.72001553703836,352.3894406738178,source_observed,complete_annual,False,reports/quality/respiratory_rates_manifest.json
sih-pneumonia,SIH,pneumonia,rest_of_rj_excluding_vr,2012,crude_rate_per_100k,222.66976432869572,35563,15971185,220.3614510879446,224.9962321310671,source_observed,complete_annual,False,reports/quality/respiratory_rates_manifest.json
sih-pneumonia,SIH,pneumonia,rj_total,2012,crude_rate_per_100k,223.07427625464646,36208,16231365,220.7824066017263,225.38400917536813,source_observed,complete_annual,False,reports/quality/respiratory_rates_manifest.json
sih-pneumonia,SIH,pneumonia,volta_redonda,2012,crude_rate_per_100k,247.90529633330772,645,260180,229.14017390995664,267.79758910488005,source_observed,complete_annual,False,reports/quality/respiratory_rates_manifest.json
sih-pneumonia,SIH,pneumonia,brazil_total,2013,crude_rate_per_100k,344.8916279367347,693345,201032714,344.0802860941143,345.7044100835407,source_observed,complete_annual,False,reports/quality/respiratory_rates_manifest.json
sih-pneumonia,SIH,pneumonia,rest_of_rj_excluding_vr,2013,crude_rate_per_100k,194.74589010679827,31369,16107657,192.596683069448,196.91309997721314,source_observed,complete_annual,False,reports/quality/respiratory_rates_manifest.json
sih-pneumonia,SIH,pneumonia,rj_total,2013,crude_rate_per_100k,195.12890658719047,31941,16369179,192.99478894795175,197.2807391338885,source_observed,complete_annual,False,reports/quality/respiratory_rates_manifest.json
sih-pneumonia,SIH,pneumonia,volta_redonda,2013,crude_rate_per_100k,218.71964882495547,572,261522,201.1603997480513,237.40118639451438,source_observed,complete_annual,False,reports/quality/respiratory_rates_manifest.json
sih-pneumonia,SIH,pneumonia,brazil_total,2014,crude_rate_per_100k,322.9159360512701,654772,202768562,322.13424881823556,323.69905127527346,source_observed,complete_annual,False,reports/quality/respiratory_rates_manifest.json
sih-pneumonia,SIH,pneumonia,rest_of_rj_excluding_vr,2014,crude_rate_per_100k,185.79023260448201,30096,16198914,183.6970657068015,187.90130162956558,source_observed,complete_annual,False,reports/quality/respiratory_rates_manifest.json
sih-pneumonia,SIH,pneumonia,rj_total,2014,crude_rate_per_100k,186.25039661511366,30659,16461173,184.17134727778117,188.34706254756753,source_observed,complete_annual,False,reports/quality/respiratory_rates_manifest.json
sih-pneumonia,SIH,pneumonia,volta_redonda,2014,crude_rate_per_100k,214.67328099321662,563,262259,197.3045706667025,233.16124878608434,source_observed,complete_annual,False,reports/quality/respiratory_rates_manifest.json
sih-pneumonia,SIH,pneumonia,brazil_total,2015,crude_rate_per_100k,308.30220050473065,630324,204450049,307.5415620008381,309.06425526654147,source_observed,complete_annual,False,reports/quality/respiratory_rates_manifest.json
sih-pneumonia,SIH,pneumonia,rest_of_rj_excluding_vr,2015,crude_rate_per_100k,192.98149315401054,31431,16287054,190.85385373556167,195.12693707626386,source_observed,complete_annual,False,reports/quality/respiratory_rates_manifest.json
sih-pneumonia,SIH,pneumonia,rj_total,2015,crude_rate_per_100k,193.3108979177311,31993,16550024,191.1983779959152,195.4409391462273,source_observed,complete_annual,False,reports/quality/respiratory_rates_manifest.json
sih-pneumonia,SIH,pneumonia,volta_redonda,2015,crude_rate_per_100k,213.71259078982393,562,262970,196.40655583535306,232.1348708312915,source_observed,complete_annual,False,reports/quality/respiratory_rates_manifest.json
sih-pneumonia,SIH,pneumonia,brazil_total,2016,crude_rate_per_100k,296.27657090426277,610571,206081432,295.5338791887726,297.0206676758904,source_observed,complete_annual,False,reports/quality/respiratory_rates_manifest.json
sih-pneumonia,SIH,pneumonia,rest_of_rj_excluding_vr,2016,crude_rate_per_100k,182.41745207174762,29866,16372337,180.3544077820421,184.49820899402684,source_observed,complete_annual,False,reports/quality/respiratory_rates_manifest.json
sih-pneumonia,SIH,pneumonia,rj_total,2016,crude_rate_per_100k,183.55378301365303,30536,16635996,181.5007240380699,185.62427352409753,source_observed,complete_annual,False,reports/quality/respiratory_rates_manifest.json
sih-pneumonia,SIH,pneumonia,volta_redonda,2016,crude_rate_per_100k,254.11611209934043,670,263659,235.23615081111416,274.1080981923426,source_observed,complete_annual,False,reports/quality/respiratory_rates_manifest.json
sih-pneumonia,SIH,pneumonia,brazil_total,2017,crude_rate_per_100k,301.46402744832176,626023,207660929,300.7177109408266,302.21173831741083,source_observed,complete_annual,False,reports/quality/respiratory_rates_manifest.json
sih-pneumonia,SIH,pneumonia,rest_of_rj_excluding_vr,2017,crude_rate_per_100k,166.77652001017398,27441,16453755,164.80902857791332,168.76163791581678,source_observed,complete_annual,False,reports/quality/respiratory_rates_manifest.json
sih-pneumonia,SIH,pneumonia,rj_total,2017,crude_rate_per_100k,168.52726928643153,28176,16718956,166.56515119466167,170.50673379149237,source_observed,complete_annual,False,reports/quality/respiratory_rates_manifest.json
sih-pneumonia,SIH,pneumonia,volta_redonda,2017,crude_rate_per_100k,277.14827621313646,735,265201,257.47152021406066,297.92995256016894,source_observed,complete_annual,False,reports/quality/respiratory_rates_manifest.json
sih-pneumonia,SIH,pneumonia,brazil_total,2018,crude_rate_per_100k,300.4845682076636,626495,208494900,299.74095659369254,301.2295686056159,source_observed,complete_annual,False,reports/quality/respiratory_rates_manifest.json
sih-pneumonia,SIH,pneumonia,rest_of_rj_excluding_vr,2018,crude_rate_per_100k,183.18965900089069,30937,16887962,181.15395860448166,185.2425306405606,source_observed,complete_annual,False,reports/quality/respiratory_rates_manifest.json
sih-pneumonia,SIH,pneumonia,rj_total,2018,crude_rate_per_100k,184.0155804558985,31577,17159960,181.9914738597115,186.0565857883044,source_observed,complete_annual,False,reports/quality/respiratory_rates_manifest.json
sih-pneumonia,SIH,pneumonia,volta_redonda,2018,crude_rate_per_100k,235.2958477635865,640,271998,217.41712775514094,254.2528185258311,source_observed,complete_annual,False,reports/quality/respiratory_rates_manifest.json
sih-pneumonia,SIH,pneumonia,brazil_total,2019,crude_rate_per_100k,304.3743758093288,639634,210147125,303.6289097869381,305.12121969068147,source_observed,complete_annual,False,reports/quality/respiratory_rates_manifest.json
sih-pneumonia,SIH,pneumonia,rest_of_rj_excluding_vr,2019,crude_rate_per_100k,184.29335665263707,31315,16991931,182.25775527578494,186.3460240084022,source_observed,complete_annual,False,reports/quality/respiratory_rates_manifest.json
sih-pneumonia,SIH,pneumonia,rj_total,2019,crude_rate_per_100k,186.37767874472567,32178,17264943,184.34677319338942,188.425379976841,source_observed,complete_annual,False,reports/quality/respiratory_rates_manifest.json
sih-pneumonia,SIH,pneumonia,volta_redonda,2019,crude_rate_per_100k,316.1033214657231,863,273012,295.36259779366185,337.9163426151511,source_observed,complete_annual,False,reports/quality/respiratory_rates_manifest.json
sih-pneumonia,SIH,pneumonia,brazil_total,2020,crude_rate_per_100k,182.10750150697248,385623,211755692,181.5331784332335,182.6831921395274,source_observed,complete_annual,False,reports/quality/respiratory_rates_manifest.json
sih-pneumonia,SIH,pneumonia,rest_of_rj_excluding_vr,2020,crude_rate_per_100k,151.63055945808267,25917,17092201,149.79006135769146,153.48802663051762,source_observed,complete_annual,False,reports/quality/respiratory_rates_manifest.json
sih-pneumonia,SIH,pneumonia,rj_total,2020,crude_rate_per_100k,151.9389199322891,26386,17366189,150.11109349178858,153.7834474098087,source_observed,complete_annual,False,reports/quality/respiratory_rates_manifest.json
sih-pneumonia,SIH,pneumonia,volta_redonda,2020,crude_rate_per_100k,171.1753799436472,469,273988,156.03207633826003,187.39144997465462,source_observed,complete_annual,False,reports/quality/respiratory_rates_manifest.json
sih-pneumonia,SIH,pneumonia,brazil_total,2021,crude_rate_per_100k,169.209635777002,360954,213317639,168.65806953160904,169.76255959257034,source_observed,complete_annual,False,reports/quality/respiratory_rates_manifest.json
sih-pneumonia,SIH,pneumonia,rest_of_rj_excluding_vr,2021,crude_rate_per_100k,153.7197360269912,26422,17188424,151.87174281986123,155.58460297164027,source_observed,complete_annual,False,reports/quality/respiratory_rates_manifest.json
sih-pneumonia,SIH,pneumonia,rj_total,2021,crude_rate_per_100k,155.06189563067198,27079,17463349,153.22045295680138,156.91994597864684,source_observed,complete_annual,False,reports/quality/respiratory_rates_manifest.json
sih-pneumonia,SIH,pneumonia,volta_redonda,2021,crude_rate_per_100k,238.97426570882968,657,274925,221.04789931151964,257.9672218733377,source_observed,complete_annual,False,reports/quality/respiratory_rates_manifest.json
sih-pneumonia,SIH,pneumonia,brazil_total,2022,crude_rate_per_100k,314.8762160408739,639453,203080756,314.10492010684055,315.64893777773835,source_observed,complete_annual,False,reports/quality/respiratory_rates_manifest.json
sih-pneumonia,SIH,pneumonia,rest_of_rj_excluding_vr,2022,crude_rate_per_100k,256.16054491908153,40457,15793611,253.67043869851642,258.6690077691168,source_observed,complete_annual,False,reports/quality/respiratory_rates_manifest.json
sih-pneumonia,SIH,pneumonia,rj_total,2022,crude_rate_per_100k,257.28777526796034,41308,16055174,254.81254624182174,259.7810615526097,source_observed,complete_annual,False,reports/quality/respiratory_rates_manifest.json
sih-pneumonia,SIH,pneumonia,volta_redonda,2022,crude_rate_per_100k,325.35182728444005,851,261563,303.85684691645787,347.9661298830725,source_observed,complete_annual,False,reports/quality/respiratory_rates_manifest.json
sih-pneumonia,SIH,pneumonia,brazil_total,2024,crude_rate_per_100k,330.91099390240316,703463,212583750,330.1381561959741,331.6851936480768,source_observed,complete_annual,False,reports/quality/respiratory_rates_manifest.json
sih-pneumonia,SIH,pneumonia,rest_of_rj_excluding_vr,2024,crude_rate_per_100k,244.5958421776527,41434,16939781,242.24628759307535,246.96251101504544,source_observed,complete_annual,False,reports/quality/respiratory_rates_manifest.json
sih-pneumonia,SIH,pneumonia,rj_total,2024,crude_rate_per_100k,248.18697259106864,42737,17219679,245.83946086976775,250.55131995191573,source_observed,complete_annual,False,reports/quality/respiratory_rates_manifest.json
sih-pneumonia,SIH,pneumonia,volta_redonda,2024,crude_rate_per_100k,465.52672759362343,1303,279898,440.59009528971586,491.5070781401903,source_observed,complete_annual,False,reports/quality/respiratory_rates_manifest.json
sih-pneumonia,SIH,pneumonia,brazil_total,2025,crude_rate_per_100k,330.0785198602517,704457,213421037,329.30817013445136,330.8502262813987,provisional,provisional_2025,False,reports/quality/respiratory_rates_manifest.json
sih-pneumonia,SIH,pneumonia,rest_of_rj_excluding_vr,2025,crude_rate_per_100k,229.11928391031503,38821,16943576,226.84571090113596,231.40996827845566,provisional,provisional_2025,False,reports/quality/respiratory_rates_manifest.json
sih-pneumonia,SIH,pneumonia,rj_total,2025,crude_rate_per_100k,232.17052794061527,39988,17223547,229.9004613718261,234.45742729709733,provisional,provisional_2025,False,reports/quality/respiratory_rates_manifest.json
sih-pneumonia,SIH,pneumonia,volta_redonda,2025,crude_rate_per_100k,416.82888584889145,1167,279971,393.25396191330753,441.4478007815601,provisional,provisional_2025,False,reports/quality/respiratory_rates_manifest.json
sih-pulmonary-embolism,SIH,pulmonary_embolism,brazil_total,2008,crude_rate_per_100k,2.6005625157534835,4931,189612823,2.5284781510812175,2.6741806551050664,source_observed,complete_annual,False,reports/quality/respiratory_rates_manifest.json
sih-pulmonary-embolism,SIH,pulmonary_embolism,rest_of_rj_excluding_vr,2008,crude_rate_per_100k,1.7357829607730346,271,15612551,1.5352536574759743,1.9552284398478836,source_observed,complete_annual,False,reports/quality/respiratory_rates_manifest.json
sih-pulmonary-embolism,SIH,pulmonary_embolism,rj_total,2008,crude_rate_per_100k,1.7136705929464058,272,15872362,1.5160488851690739,1.929898164818812,source_observed,complete_annual,False,reports/quality/respiratory_rates_manifest.json
sih-pulmonary-embolism,SIH,pulmonary_embolism,volta_redonda,2008,crude_rate_per_100k,,,259811,,,source_observed,complete_annual,True,reports/quality/respiratory_rates_manifest.json
sih-pulmonary-embolism,SIH,pulmonary_embolism,brazil_total,2009,crude_rate_per_100k,2.5219261081395024,4829,191480630,2.451292197605702,2.5940789083323765,source_observed,complete_annual,False,reports/quality/respiratory_rates_manifest.json
sih-pulmonary-embolism,SIH,pulmonary_embolism,rest_of_rj_excluding_vr,2009,crude_rate_per_100k,1.765188526579358,278,15749026,1.5637670773009331,1.9853575308964144,source_observed,complete_annual,False,reports/quality/respiratory_rates_manifest.json
sih-pulmonary-embolism,SIH,pulmonary_embolism,rj_total,2009,crude_rate_per_100k,1.7675978576214293,283,16010429,1.5676371268500142,1.9859968534653314,source_observed,complete_annual,False,reports/quality/respiratory_rates_manifest.json
sih-pulmonary-embolism,SIH,pulmonary_embolism,volta_redonda,2009,crude_rate_per_100k,1.9127554006648737,5,261403,0.6210664721209859,4.463733040295127,source_observed,complete_annual,False,reports/quality/respiratory_rates_manifest.json
sih-pulmonary-embolism,SIH,pulmonary_embolism,brazil_total,2010,crude_rate_per_100k,2.6976899402151333,5146,190755799,2.62448131074595,2.772423000407331,source_observed,complete_annual,False,reports/quality/respiratory_rates_manifest.json
sih-pulmonary-embolism,SIH,pulmonary_embolism,rest_of_rj_excluding_vr,2010,crude_rate_per_100k,1.9577773531689233,308,15732126,1.7452154610655186,2.1890886127810587,source_observed,complete_annual,False,reports/quality/respiratory_rates_manifest.json
sih-pulmonary-embolism,SIH,pulmonary_embolism,rj_total,2010,crude_rate_per_100k,1.988751794957939,318,15989929,1.776151795528024,2.2197934297149398,source_observed,complete_annual,False,reports/quality/respiratory_rates_manifest.json
sih-pulmonary-embolism,SIH,pulmonary_embolism,volta_redonda,2010,crude_rate_per_100k,3.8789308115111156,10,257803,1.860098096660021,7.133491868604237,source_observed,complete_annual,False,reports/quality/respiratory_rates_manifest.json
sih-pulmonary-embolism,SIH,pulmonary_embolism,brazil_total,2011,crude_rate_per_100k,2.8329453159892415,5450,192379287,2.758226701673452,2.9091752962590767,source_observed,complete_annual,False,reports/quality/respiratory_rates_manifest.json
sih-pulmonary-embolism,SIH,pulmonary_embolism,rest_of_rj_excluding_vr,2011,crude_rate_per_100k,1.5895377132330148,252,15853666,1.399324563691674,1.7983929801853065,source_observed,complete_annual,False,reports/quality/respiratory_rates_manifest.json
sih-pulmonary-embolism,SIH,pulmonary_embolism,rj_total,2011,crude_rate_per_100k,1.6198424619420808,261,16112678,1.4292679369368446,1.8287528959965593,source_observed,complete_annual,False,reports/quality/respiratory_rates_manifest.json
sih-pulmonary-embolism,SIH,pulmonary_embolism,volta_redonda,2011,crude_rate_per_100k,3.4747424829737614,9,259012,1.5888735260830902,6.596143596211436,source_observed,complete_annual,False,reports/quality/respiratory_rates_manifest.json
sih-pulmonary-embolism,SIH,pulmonary_embolism,brazil_total,2012,crude_rate_per_100k,2.988962658570347,5797,193946886,2.9125095610062566,3.0669146990713974,source_observed,complete_annual,False,reports/quality/respiratory_rates_manifest.json
sih-pulmonary-embolism,SIH,pulmonary_embolism,rest_of_rj_excluding_vr,2012,crude_rate_per_100k,1.239732681075324,198,15971185,1.073056751288278,1.4249620602185662,source_observed,complete_annual,False,reports/quality/respiratory_rates_manifest.json
sih-pulmonary-embolism,SIH,pulmonary_embolism,rj_total,2012,crude_rate_per_100k,1.27530863855258,207,16231365,1.1074841382039071,1.4613799618657919,source_observed,complete_annual,False,reports/quality/respiratory_rates_manifest.json
sih-pulmonary-embolism,SIH,pulmonary_embolism,volta_redonda,2012,crude_rate_per_100k,3.4591436697670845,9,260180,1.5817407553917804,6.56653218979905,source_observed,complete_annual,False,reports/quality/respiratory_rates_manifest.json
sih-pulmonary-embolism,SIH,pulmonary_embolism,brazil_total,2013,crude_rate_per_100k,3.1596847466328293,6352,201032714,3.0824541705415642,3.2383611471566778,source_observed,complete_annual,False,reports/quality/respiratory_rates_manifest.json
sih-pulmonary-embolism,SIH,pulmonary_embolism,rest_of_rj_excluding_vr,2013,crude_rate_per_100k,1.229229055473431,198,16107657,1.0639652862190991,1.412889080127039,source_observed,complete_annual,False,reports/quality/respiratory_rates_manifest.json
sih-pulmonary-embolism,SIH,pulmonary_embolism,rj_total,2013,crude_rate_per_100k,1.295116877883735,212,16369179,1.1266363695339496,1.4816857570262971,source_observed,complete_annual,False,reports/quality/respiratory_rates_manifest.json
sih-pulmonary-embolism,SIH,pulmonary_embolism,volta_redonda,2013,crude_rate_per_100k,5.353278118093315,14,261522,2.926686961823706,8.981891053844638,source_observed,complete_annual,False,reports/quality/respiratory_rates_manifest.json
sih-pulmonary-embolism,SIH,pulmonary_embolism,brazil_total,2014,crude_rate_per_100k,3.3003143751643313,6692,202768562,3.221710023351814,3.3803520185822546,source_observed,complete_annual,False,reports/quality/respiratory_rates_manifest.json
sih-pulmonary-embolism,SIH,pulmonary_embolism,rest_of_rj_excluding_vr,2014,crude_rate_per_100k,1.2099576551860205,196,16198914,1.0464873107235433,1.391722758556837,source_observed,complete_annual,False,reports/quality/respiratory_rates_manifest.json
sih-pulmonary-embolism,SIH,pulmonary_embolism,rj_total,2014,crude_rate_per_100k,1.2575045532903397,207,16461173,1.092022985172324,1.440978207611921,source_observed,complete_annual,False,reports/quality/respiratory_rates_manifest.json
sih-pulmonary-embolism,SIH,pulmonary_embolism,volta_redonda,2014,crude_rate_per_100k,4.194326982105475,11,262259,2.0937929173972436,7.504809563561957,source_observed,complete_annual,False,reports/quality/respiratory_rates_manifest.json
sih-pulmonary-embolism,SIH,pulmonary_embolism,brazil_total,2015,crude_rate_per_100k,3.5333813982113544,7224,204450049,3.4523658918714717,3.6158181890068946,source_observed,complete_annual,False,reports/quality/respiratory_rates_manifest.json
sih-pulmonary-embolism,SIH,pulmonary_embolism,rest_of_rj_excluding_vr,2015,crude_rate_per_100k,1.7252966681390016,281,16287054,1.5294489600794645,1.9392707267390368,source_observed,complete_annual,False,reports/quality/respiratory_rates_manifest.json
sih-pulmonary-embolism,SIH,pulmonary_embolism,rj_total,2015,crude_rate_per_100k,1.782474756532075,295,16550024,1.584852324598179,1.997927191537994,source_observed,complete_annual,False,reports/quality/respiratory_rates_manifest.json
sih-pulmonary-embolism,SIH,pulmonary_embolism,volta_redonda,2015,crude_rate_per_100k,5.323801194052553,14,262970,2.9105716531545776,8.93243378401931,source_observed,complete_annual,False,reports/quality/respiratory_rates_manifest.json
sih-pulmonary-embolism,SIH,pulmonary_embolism,brazil_total,2016,crude_rate_per_100k,3.8242164388686897,7881,206081432,3.740246372838808,3.909596300669513,source_observed,complete_annual,False,reports/quality/respiratory_rates_manifest.json
sih-pulmonary-embolism,SIH,pulmonary_embolism,rest_of_rj_excluding_vr,2016,crude_rate_per_100k,1.6369074250059719,268,16372337,1.4467781942787528,1.8450769857832445,source_observed,complete_annual,False,reports/quality/respiratory_rates_manifest.json
sih-pulmonary-embolism,SIH,pulmonary_embolism,rj_total,2016,crude_rate_per_100k,1.7251747355553584,287,16635996,1.531337007286382,1.936754986484722,source_observed,complete_annual,False,reports/quality/respiratory_rates_manifest.json
sih-pulmonary-embolism,SIH,pulmonary_embolism,volta_redonda,2016,crude_rate_per_100k,7.206277805802191,19,263659,4.33864998515762,11.253495451164417,source_observed,complete_annual,False,reports/quality/respiratory_rates_manifest.json
sih-pulmonary-embolism,SIH,pulmonary_embolism,brazil_total,2017,crude_rate_per_100k,3.9010708653817106,8101,207660929,3.8165780372167886,3.986962693772992,source_observed,complete_annual,False,reports/quality/respiratory_rates_manifest.json
sih-pulmonary-embolism,SIH,pulmonary_embolism,rest_of_rj_excluding_vr,2017,crude_rate_per_100k,1.9205342488690271,316,16453755,1.714596593728969,2.144394712834011,source_observed,complete_annual,False,reports/quality/respiratory_rates_manifest.json
sih-pulmonary-embolism,SIH,pulmonary_embolism,rj_total,2017,crude_rate_per_100k,1.9857699248685146,332,16718956,1.777886945420394,2.211283508958962,source_observed,complete_annual,False,reports/quality/respiratory_rates_manifest.json
sih-pulmonary-embolism,SIH,pulmonary_embolism,volta_redonda,2017,crude_rate_per_100k,6.033159754299569,16,265201,3.448472084811718,9.797473462604188,source_observed,complete_annual,False,reports/quality/respiratory_rates_manifest.json
sih-pulmonary-embolism,SIH,pulmonary_embolism,brazil_total,2018,crude_rate_per_100k,4.37085031816126,9113,208494900,4.281566022764826,4.461527720259559,source_observed,complete_annual,False,reports/quality/respiratory_rates_manifest.json
sih-pulmonary-embolism,SIH,pulmonary_embolism,rest_of_rj_excluding_vr,2018,crude_rate_per_100k,2.14946007102574,363,16887962,1.9340027920447744,2.382357841334725,source_observed,complete_annual,False,reports/quality/respiratory_rates_manifest.json
sih-pulmonary-embolism,SIH,pulmonary_embolism,rj_total,2018,crude_rate_per_100k,2.231939934591922,383,17159960,2.013982001677874,2.4670541075467547,source_observed,complete_annual,False,reports/quality/respiratory_rates_manifest.json
sih-pulmonary-embolism,SIH,pulmonary_embolism,volta_redonda,2018,crude_rate_per_100k,7.352995242612078,20,271998,4.491400519637624,11.356104788518518,source_observed,complete_annual,False,reports/quality/respiratory_rates_manifest.json
sih-pulmonary-embolism,SIH,pulmonary_embolism,brazil_total,2019,crude_rate_per_100k,4.8023497823251216,10092,210147125,4.709106984067191,4.896974492078387,source_observed,complete_annual,False,reports/quality/respiratory_rates_manifest.json
sih-pulmonary-embolism,SIH,pulmonary_embolism,rest_of_rj_excluding_vr,2019,crude_rate_per_100k,2.3481733771164675,399,16991931,2.123392195493648,2.590274574717702,source_observed,complete_annual,False,reports/quality/respiratory_rates_manifest.json
sih-pulmonary-embolism,SIH,pulmonary_embolism,rj_total,2019,crude_rate_per_100k,2.4326752772945732,420,17264943,2.205556477243466,2.676833122644643,source_observed,complete_annual,False,reports/quality/respiratory_rates_manifest.json
sih-pulmonary-embolism,SIH,pulmonary_embolism,volta_redonda,2019,crude_rate_per_100k,7.69196958375456,21,273012,4.7614504066034415,11.757992591879992,source_observed,complete_annual,False,reports/quality/respiratory_rates_manifest.json
sih-pulmonary-embolism,SIH,pulmonary_embolism,brazil_total,2020,crude_rate_per_100k,4.564222056425288,9665,211755692,4.4736759195467535,4.656139707714421,source_observed,complete_annual,False,reports/quality/respiratory_rates_manifest.json
sih-pulmonary-embolism,SIH,pulmonary_embolism,rest_of_rj_excluding_vr,2020,crude_rate_per_100k,1.9775100936386134,338,17092201,1.77228666897834,2.1999763619778316,source_observed,complete_annual,False,reports/quality/respiratory_rates_manifest.json
sih-pulmonary-embolism,SIH,pulmonary_embolism,rj_total,2020,crude_rate_per_100k,2.003893888290632,348,17366189,1.7988605089649718,2.2258937000319587,source_observed,complete_annual,False,reports/quality/respiratory_rates_manifest.json
sih-pulmonary-embolism,SIH,pulmonary_embolism,volta_redonda,2020,crude_rate_per_100k,3.6497948815276584,10,273988,1.7502185118079745,6.712102735162773,source_observed,complete_annual,False,reports/quality/respiratory_rates_manifest.json
sih-pulmonary-embolism,SIH,pulmonary_embolism,brazil_total,2021,crude_rate_per_100k,5.1341277033354,10952,213317639,5.038418329704683,5.231198266567936,source_observed,complete_annual,False,reports/quality/respiratory_rates_manifest.json
sih-pulmonary-embolism,SIH,pulmonary_embolism,rest_of_rj_excluding_vr,2021,crude_rate_per_100k,2.0362541673396004,350,17188424,1.8284897792235049,2.2611595967523006,source_observed,complete_annual,False,reports/quality/respiratory_rates_manifest.json
sih-pulmonary-embolism,SIH,pulmonary_embolism,rj_total,2021,crude_rate_per_100k,2.0614602617172686,360,17463349,1.8539875701139952,2.2858000159138774,source_observed,complete_annual,False,reports/quality/respiratory_rates_manifest.json
sih-pulmonary-embolism,SIH,pulmonary_embolism,volta_redonda,2021,crude_rate_per_100k,3.63735564244794,10,274925,1.7442534131608378,6.6892265316059945,source_observed,complete_annual,False,reports/quality/respiratory_rates_manifest.json
sih-pulmonary-embolism,SIH,pulmonary_embolism,brazil_total,2022,crude_rate_per_100k,5.916365605808558,12015,203080756,5.811043598417998,6.023117209417889,source_observed,complete_annual,False,reports/quality/respiratory_rates_manifest.json
sih-pulmonary-embolism,SIH,pulmonary_embolism,rest_of_rj_excluding_vr,2022,crude_rate_per_100k,2.6213131373186283,414,15793611,2.3748594807290795,2.886395349603621,source_observed,complete_annual,False,reports/quality/respiratory_rates_manifest.json
sih-pulmonary-embolism,SIH,pulmonary_embolism,rj_total,2022,crude_rate_per_100k,2.7654636443055676,444,16055174,2.51418111622129,3.0350610789459918,source_observed,complete_annual,False,reports/quality/respiratory_rates_manifest.json
sih-pulmonary-embolism,SIH,pulmonary_embolism,volta_redonda,2022,crude_rate_per_100k,11.469512125185902,30,261563,7.738431667101583,16.3734417309817,source_observed,complete_annual,False,reports/quality/respiratory_rates_manifest.json
sih-pulmonary-embolism,SIH,pulmonary_embolism,brazil_total,2024,crude_rate_per_100k,6.560238023837664,13946,212583750,6.451805567274306,6.670035869052231,source_observed,complete_annual,False,reports/quality/respiratory_rates_manifest.json
sih-pulmonary-embolism,SIH,pulmonary_embolism,rest_of_rj_excluding_vr,2024,crude_rate_per_100k,3.1110201483714577,527,16939781,2.851044157159625,3.388332391160577,source_observed,complete_annual,False,reports/quality/respiratory_rates_manifest.json
sih-pulmonary-embolism,SIH,pulmonary_embolism,rj_total,2024,crude_rate_per_100k,3.199827360312582,551,17219679,2.9381927213565415,3.478511069123853,source_observed,complete_annual,False,reports/quality/respiratory_rates_manifest.json
sih-pulmonary-embolism,SIH,pulmonary_embolism,volta_redonda,2024,crude_rate_per_100k,8.574552158286233,24,279898,5.493877360569374,12.758253933130357,source_observed,complete_annual,False,reports/quality/respiratory_rates_manifest.json
sih-pulmonary-embolism,SIH,pulmonary_embolism,brazil_total,2025,crude_rate_per_100k,7.165179316413873,15292,213421037,7.052059152400951,7.279659337771522,provisional,provisional_2025,False,reports/quality/respiratory_rates_manifest.json
sih-pulmonary-embolism,SIH,pulmonary_embolism,rest_of_rj_excluding_vr,2025,crude_rate_per_100k,3.8362621916412447,650,16943576,3.546974487072585,4.142857487301027,provisional,provisional_2025,False,reports/quality/respiratory_rates_manifest.json
sih-pulmonary-embolism,SIH,pulmonary_embolism,rj_total,2025,crude_rate_per_100k,3.9306653850104167,677,17223547,3.6401150012088483,4.2382375790294855,provisional,provisional_2025,False,reports/quality/respiratory_rates_manifest.json
sih-pulmonary-embolism,SIH,pulmonary_embolism,volta_redonda,2025,crude_rate_per_100k,9.643855970796976,27,279971,6.3553618523935596,14.03130411548415,provisional,provisional_2025,False,reports/quality/respiratory_rates_manifest.json
sih-resp-all,SIH,resp_all,brazil_total,2008,crude_rate_per_100k,731.3355595154027,1386706,189612823,730.1188292892417,732.5538166098064,source_observed,complete_annual,False,reports/quality/respiratory_rates_manifest.json
sih-resp-all,SIH,resp_all,rest_of_rj_excluding_vr,2008,crude_rate_per_100k,475.5404802200486,74244,15612551,472.1259303069195,478.97359148550873,source_observed,complete_annual,False,reports/quality/respiratory_rates_manifest.json
sih-resp-all,SIH,resp_all,rj_total,2008,crude_rate_per_100k,477.2635603951069,75753,15872362,473.8708815792669,480.6744965102312,source_observed,complete_annual,False,reports/quality/respiratory_rates_manifest.json
sih-resp-all,SIH,resp_all,volta_redonda,2008,crude_rate_per_100k,580.8068172633183,1509,259811,551.8685000286366,610.868813008728,source_observed,complete_annual,False,reports/quality/respiratory_rates_manifest.json
sih-resp-all,SIH,resp_all,brazil_total,2009,crude_rate_per_100k,801.6231197902367,1534953,191480630,800.3554640474073,802.8922874858839,source_observed,complete_annual,False,reports/quality/respiratory_rates_manifest.json
sih-resp-all,SIH,resp_all,rest_of_rj_excluding_vr,2009,crude_rate_per_100k,488.2460667726372,76894,15749026,484.8011192449064,491.709414410604,source_observed,complete_annual,False,reports/quality/respiratory_rates_manifest.json
sih-resp-all,SIH,resp_all,rj_total,2009,crude_rate_per_100k,489.9931163618414,78450,16010429,486.5702404442828,493.4340917504215,source_observed,complete_annual,False,reports/quality/respiratory_rates_manifest.json
sih-resp-all,SIH,resp_all,volta_redonda,2009,crude_rate_per_100k,595.2494806869087,1556,261403,566.037269511708,625.5783811487313,source_observed,complete_annual,False,reports/quality/respiratory_rates_manifest.json
sih-resp-all,SIH,resp_all,brazil_total,2010,crude_rate_per_100k,761.4473623420487,1452505,190755799,760.2095495719062,762.6866928217079,source_observed,complete_annual,False,reports/quality/respiratory_rates_manifest.json
sih-resp-all,SIH,resp_all,rest_of_rj_excluding_vr,2010,crude_rate_per_100k,486.9335524009914,76605,15732126,483.4914023655705,490.3941223549811,source_observed,complete_annual,False,reports/quality/respiratory_rates_manifest.json
sih-resp-all,SIH,resp_all,rj_total,2010,crude_rate_per_100k,487.86332947444606,78009,15989929,484.4457285422122,491.29905314395546,source_observed,complete_annual,False,reports/quality/respiratory_rates_manifest.json
sih-resp-all,SIH,resp_all,volta_redonda,2010,crude_rate_per_100k,544.6018859361606,1404,257803,516.484240342132,573.8523188306988,source_observed,complete_annual,False,reports/quality/respiratory_rates_manifest.json
sih-resp-all,SIH,resp_all,brazil_total,2011,crude_rate_per_100k,738.113246048157,1419977,192379287,736.8997056180168,739.3282913846822,source_observed,complete_annual,False,reports/quality/respiratory_rates_manifest.json
sih-resp-all,SIH,resp_all,rest_of_rj_excluding_vr,2011,crude_rate_per_100k,426.50072229350616,67616,15853666,423.2919810108784,429.7277437176018,source_observed,complete_annual,False,reports/quality/respiratory_rates_manifest.json
sih-resp-all,SIH,resp_all,rj_total,2011,crude_rate_per_100k,429.2023957780327,69156,16112678,426.0094176795389,432.41335990231164,source_observed,complete_annual,False,reports/quality/respiratory_rates_manifest.json
sih-resp-all,SIH,resp_all,volta_redonda,2011,crude_rate_per_100k,594.5670470866215,1540,259012,565.2390427278582,625.0220984818122,source_observed,complete_annual,False,reports/quality/respiratory_rates_manifest.json
sih-resp-all,SIH,resp_all,brazil_total,2012,crude_rate_per_100k,678.2093938852929,1315366,193946886,677.0508685755381,679.3694119543811,source_observed,complete_annual,False,reports/quality/respiratory_rates_manifest.json
sih-resp-all,SIH,resp_all,rest_of_rj_excluding_vr,2012,crude_rate_per_100k,393.5963424129142,62862,15971185,390.5254361305192,396.68539520308985,source_observed,complete_annual,False,reports/quality/respiratory_rates_manifest.json
sih-resp-all,SIH,resp_all,rj_total,2012,crude_rate_per_100k,395.60443622578873,64212,16231365,392.55041861967703,398.67630920677874,source_observed,complete_annual,False,reports/quality/respiratory_rates_manifest.json
sih-resp-all,SIH,resp_all,volta_redonda,2012,crude_rate_per_100k,518.8715504650627,1350,260180,491.5589618156071,547.3067748008386,source_observed,complete_annual,False,reports/quality/respiratory_rates_manifest.json
sih-resp-all,SIH,resp_all,brazil_total,2013,crude_rate_per_100k,654.8372022674877,1316437,201032714,653.719056536868,655.9567881417724,source_observed,complete_annual,False,reports/quality/respiratory_rates_manifest.json
sih-resp-all,SIH,resp_all,rest_of_rj_excluding_vr,2013,crude_rate_per_100k,347.0088790691284,55895,16107657,344.13801321185485,349.8977391542361,source_observed,complete_annual,False,reports/quality/respiratory_rates_manifest.json
sih-resp-all,SIH,resp_all,rj_total,2013,crude_rate_per_100k,348.78352787271734,57093,16369179,345.92835292961695,351.6564092923103,source_observed,complete_annual,False,reports/quality/respiratory_rates_manifest.json
sih-resp-all,SIH,resp_all,volta_redonda,2013,crude_rate_per_100k,458.08765610541366,1198,261522,432.5118048721329,484.7810047645314,source_observed,complete_annual,False,reports/quality/respiratory_rates_manifest.json
sih-resp-all,SIH,resp_all,brazil_total,2014,crude_rate_per_100k,615.4479706770322,1247935,202768562,614.3686375418399,616.5287316386047,source_observed,complete_annual,False,reports/quality/respiratory_rates_manifest.json
sih-resp-all,SIH,resp_all,rest_of_rj_excluding_vr,2014,crude_rate_per_100k,332.12102984187703,53800,16198914,329.32045714539623,334.9394958881128,source_observed,complete_annual,False,reports/quality/respiratory_rates_manifest.json
sih-resp-all,SIH,resp_all,rj_total,2014,crude_rate_per_100k,334.4111625580996,55048,16461173,331.6233603445787,337.21657275271036,source_observed,complete_annual,False,reports/quality/respiratory_rates_manifest.json
sih-resp-all,SIH,resp_all,volta_redonda,2014,crude_rate_per_100k,475.8654612425122,1248,262259,449.8271679581928,503.0178949109301,source_observed,complete_annual,False,reports/quality/respiratory_rates_manifest.json
sih-resp-all,SIH,resp_all,brazil_total,2015,crude_rate_per_100k,595.5664994729349,1217636,204450049,594.5091237263315,596.6252913081514,source_observed,complete_annual,False,reports/quality/respiratory_rates_manifest.json
sih-resp-all,SIH,resp_all,rest_of_rj_excluding_vr,2015,crude_rate_per_100k,345.4645634502102,56266,16287054,342.6158929397616,348.33102990354257,source_observed,complete_annual,False,reports/quality/respiratory_rates_manifest.json
sih-resp-all,SIH,resp_all,rj_total,2015,crude_rate_per_100k,347.3227591694127,57482,16550024,344.48915955775396,350.1738716919092,source_observed,complete_annual,False,reports/quality/respiratory_rates_manifest.json
sih-resp-all,SIH,resp_all,volta_redonda,2015,crude_rate_per_100k,462.41016085485035,1216,262970,436.78204659090625,489.14953992038846,source_observed,complete_annual,False,reports/quality/respiratory_rates_manifest.json
sih-resp-all,SIH,resp_all,brazil_total,2016,crude_rate_per_100k,561.8366432935113,1157841,206081432,560.8137305967977,562.8609608797741,source_observed,complete_annual,False,reports/quality/respiratory_rates_manifest.json
sih-resp-all,SIH,resp_all,rest_of_rj_excluding_vr,2016,crude_rate_per_100k,310.81695911829814,50888,16372337,308.1222430932359,313.52937968606614,source_observed,complete_annual,False,reports/quality/respiratory_rates_manifest.json
sih-resp-all,SIH,resp_all,rj_total,2016,crude_rate_per_100k,313.56102754533,52164,16635996,310.87590496325123,316.26357375506905,source_observed,complete_annual,False,reports/quality/respiratory_rates_manifest.json
sih-resp-all,SIH,resp_all,volta_redonda,2016,crude_rate_per_100k,483.95844632650505,1276,263659,457.76543209639937,511.2595698544404,source_observed,complete_annual,False,reports/quality/respiratory_rates_manifest.json
sih-resp-all,SIH,resp_all,brazil_total,2017,crude_rate_per_100k,569.4128431834184,1182448,207660929,568.3869757449734,570.4401048210475,source_observed,complete_annual,False,reports/quality/respiratory_rates_manifest.json
sih-resp-all,SIH,resp_all,rest_of_rj_excluding_vr,2017,crude_rate_per_100k,280.9753761375443,46231,16453755,278.4199007892791,283.5484697175044,source_observed,complete_annual,False,reports/quality/respiratory_rates_manifest.json
sih-resp-all,SIH,resp_all,rj_total,2017,crude_rate_per_100k,284.7426597689473,47606,16718956,282.1905107759315,287.3121471320217,source_observed,complete_annual,False,reports/quality/respiratory_rates_manifest.json
sih-resp-all,SIH,resp_all,volta_redonda,2017,crude_rate_per_100k,518.4746663851192,1375,265201,491.4288899765142,546.6217327085766,source_observed,complete_annual,False,reports/quality/respiratory_rates_manifest.json
sih-resp-all,SIH,resp_all,brazil_total,2018,crude_rate_per_100k,564.911659709662,1177812,208494900,563.891901562281,565.9328064803373,source_observed,complete_annual,False,reports/quality/respiratory_rates_manifest.json
sih-resp-all,SIH,resp_all,rest_of_rj_excluding_vr,2018,crude_rate_per_100k,301.94880826946434,50993,16887962,299.3336679928092,304.58111250543425,source_observed,complete_annual,False,reports/quality/respiratory_rates_manifest.json
sih-resp-all,SIH,resp_all,rj_total,2018,crude_rate_per_100k,304.91329816619617,52323,17159960,302.3061907150024,307.5372971922204,source_observed,complete_annual,False,reports/quality/respiratory_rates_manifest.json
sih-resp-all,SIH,resp_all,volta_redonda,2018,crude_rate_per_100k,488.9741836337032,1330,271998,463.04515703113077,515.9771415631008,source_observed,complete_annual,False,reports/quality/respiratory_rates_manifest.json
sih-resp-all,SIH,resp_all,brazil_total,2019,crude_rate_per_100k,566.7220048811042,1190950,210147125,565.7046346762337,567.7407527892173,source_observed,complete_annual,False,reports/quality/respiratory_rates_manifest.json
sih-resp-all,SIH,resp_all,rest_of_rj_excluding_vr,2019,crude_rate_per_100k,305.1036400748096,51843,16991931,302.4828818537362,307.74145702362557,source_observed,complete_annual,False,reports/quality/respiratory_rates_manifest.json
sih-resp-all,SIH,resp_all,rj_total,2019,crude_rate_per_100k,310.78585084236886,53657,17264943,308.16170210188983,313.42678813499055,source_observed,complete_annual,False,reports/quality/respiratory_rates_manifest.json
sih-resp-all,SIH,resp_all,volta_redonda,2019,crude_rate_per_100k,664.4396583300368,1814,273012,634.2117459272692,695.736109052222,source_observed,complete_annual,False,reports/quality/respiratory_rates_manifest.json
sih-resp-all,SIH,resp_all,brazil_total,2020,crude_rate_per_100k,359.34287896261134,760929,211755692,358.5359331811633,360.1511920882398,source_observed,complete_annual,False,reports/quality/respiratory_rates_manifest.json
sih-resp-all,SIH,resp_all,rest_of_rj_excluding_vr,2020,crude_rate_per_100k,241.70087866390057,41312,17092201,239.3757151963306,244.04300380914114,source_observed,complete_annual,False,reports/quality/respiratory_rates_manifest.json
sih-resp-all,SIH,resp_all,rj_total,2020,crude_rate_per_100k,243.45583247999892,42279,17366189,241.1406611916461,245.7876975211345,source_observed,complete_annual,False,reports/quality/respiratory_rates_manifest.json
sih-resp-all,SIH,resp_all,volta_redonda,2020,crude_rate_per_100k,352.9351650437245,967,273988,331.03798303105333,375.9001580052458,source_observed,complete_annual,False,reports/quality/respiratory_rates_manifest.json
sih-resp-all,SIH,resp_all,brazil_total,2021,crude_rate_per_100k,362.6765248419049,773653,213317639,361.86881438048647,363.48559263123633,source_observed,complete_annual,False,reports/quality/respiratory_rates_manifest.json
sih-resp-all,SIH,resp_all,rest_of_rj_excluding_vr,2021,crude_rate_per_100k,265.19592488525996,45583,17188424,262.7669191988353,267.6417959510703,source_observed,complete_annual,False,reports/quality/respiratory_rates_manifest.json
sih-resp-all,SIH,resp_all,rj_total,2021,crude_rate_per_100k,267.9726551877306,46797,17463349,265.55019027487015,270.4117196260767,source_observed,complete_annual,False,reports/quality/respiratory_rates_manifest.json
sih-resp-all,SIH,resp_all,volta_redonda,2021,crude_rate_per_100k,441.57497499318,1214,274925,417.0817425982097,467.1311576453094,source_observed,complete_annual,False,reports/quality/respiratory_rates_manifest.json
sih-resp-all,SIH,resp_all,brazil_total,2022,crude_rate_per_100k,610.7432454111998,1240302,203080756,609.6688738066941,611.8190426484294,source_observed,complete_annual,False,reports/quality/respiratory_rates_manifest.json
sih-resp-all,SIH,resp_all,rest_of_rj_excluding_vr,2022,crude_rate_per_100k,431.497268104172,68149,15793611,428.2636319796,434.7492537868142,source_observed,complete_annual,False,reports/quality/respiratory_rates_manifest.json
sih-resp-all,SIH,resp_all,rj_total,2022,crude_rate_per_100k,435.5106958043557,69922,16055174,432.2885511260692,438.75089080070865,source_observed,complete_annual,False,reports/quality/respiratory_rates_manifest.json
sih-resp-all,SIH,resp_all,volta_redonda,2022,crude_rate_per_100k,677.8481665984868,1773,261563,646.6598799012423,710.1518635589972,source_observed,complete_annual,False,reports/quality/respiratory_rates_manifest.json
sih-resp-all,SIH,resp_all,brazil_total,2024,crude_rate_per_100k,639.7666801907484,1360040,212583750,638.6919143846083,640.8428078818375,source_observed,complete_annual,False,reports/quality/respiratory_rates_manifest.json
sih-resp-all,SIH,resp_all,rest_of_rj_excluding_vr,2024,crude_rate_per_100k,401.6757949822374,68043,16939781,398.6633012745114,404.70539670772104,source_observed,complete_annual,False,reports/quality/respiratory_rates_manifest.json
sih-resp-all,SIH,resp_all,rj_total,2024,crude_rate_per_100k,408.6719618873267,70372,17219679,405.65804981518346,411.7027035305516,source_observed,complete_annual,False,reports/quality/respiratory_rates_manifest.json
sih-resp-all,SIH,resp_all,volta_redonda,2024,crude_rate_per_100k,832.0888323603599,2329,279898,798.6349974669436,866.5839581558251,source_observed,complete_annual,False,reports/quality/respiratory_rates_manifest.json
sih-resp-all,SIH,resp_all,brazil_total,2025,crude_rate_per_100k,667.0068799262746,1423533,213421037,665.9116162879349,668.1035000977785,provisional,provisional_2025,False,reports/quality/respiratory_rates_manifest.json
sih-resp-all,SIH,resp_all,rest_of_rj_excluding_vr,2025,crude_rate_per_100k,414.8710992295841,70294,16943576,411.8097752339047,417.94952705366546,provisional,provisional_2025,False,reports/quality/respiratory_rates_manifest.json
sih-resp-all,SIH,resp_all,rj_total,2025,crude_rate_per_100k,421.0921246361159,72527,17223547,418.0330165317939,424.16805821128094,provisional,provisional_2025,False,reports/quality/respiratory_rates_manifest.json
sih-resp-all,SIH,resp_all,volta_redonda,2025,crude_rate_per_100k,797.5826067699868,2233,279971,764.8411404850966,831.3652457875442,provisional,provisional_2025,False,reports/quality/respiratory_rates_manifest.json
sim-acute-bronchitis-bronchiolitis,SIM,acute_bronchitis_bronchiolitis,brazil_total,2010,crude_rate_per_100k,0.18557758236225363,354,190755799,0.16674701069374973,0.20595252798415956,source_observed,source_year_observed,False,reports/quality/sim_mortality_rates_manifest.json
sim-acute-bronchitis-bronchiolitis,SIM,acute_bronchitis_bronchiolitis,rest_of_rj_excluding_vr,2010,crude_rate_per_100k,0.27332605904631074,43,15732126,0.1978074241966228,0.36816840781966553,source_observed,source_year_observed,False,reports/quality/sim_mortality_rates_manifest.json
sim-acute-bronchitis-bronchiolitis,SIM,acute_bronchitis_bronchiolitis,rj_total,2010,crude_rate_per_100k,0.2751732043338029,44,15989929,0.199941271522496,0.36940718298566383,source_observed,source_year_observed,False,reports/quality/sim_mortality_rates_manifest.json
sim-acute-bronchitis-bronchiolitis,SIM,acute_bronchitis_bronchiolitis,volta_redonda,2010,crude_rate_per_100k,,,257803,,,source_observed,source_year_observed,True,reports/quality/sim_mortality_rates_manifest.json
sim-acute-bronchitis-bronchiolitis,SIM,acute_bronchitis_bronchiolitis,brazil_total,2011,crude_rate_per_100k,0.199605688319242,384,192379287,0.18013813141483384,0.2206035241526414,source_observed,source_year_observed,False,reports/quality/sim_mortality_rates_manifest.json
sim-acute-bronchitis-bronchiolitis,SIM,acute_bronchitis_bronchiolitis,rest_of_rj_excluding_vr,2011,crude_rate_per_100k,0.3658459816171225,58,15853666,0.2778021921254664,0.47294076805134266,source_observed,source_year_observed,False,reports/quality/sim_mortality_rates_manifest.json
sim-acute-bronchitis-bronchiolitis,SIM,acute_bronchitis_bronchiolitis,rj_total,2011,crude_rate_per_100k,0.3599649915426846,58,16112678,0.27333650979836965,0.4653382246246997,source_observed,source_year_observed,False,reports/quality/sim_mortality_rates_manifest.json
sim-acute-bronchitis-bronchiolitis,SIM,acute_bronchitis_bronchiolitis,volta_redonda,2011,crude_rate_per_100k,,,259012,,,source_observed,source_year_observed,True,reports/quality/sim_mortality_rates_manifest.json
sim-acute-bronchitis-bronchiolitis,SIM,acute_bronchitis_bronchiolitis,brazil_total,2012,crude_rate_per_100k,0.19438311579800255,377,193946886,0.17525427401723298,0.2150301024303109,source_observed,source_year_observed,False,reports/quality/sim_mortality_rates_manifest.json
sim-acute-bronchitis-bronchiolitis,SIM,acute_bronchitis_bronchiolitis,rest_of_rj_excluding_vr,2012,crude_rate_per_100k,0.38193784618987253,61,15971185,0.29215218883872757,0.49061514167443476,source_observed,source_year_observed,False,reports/quality/sim_mortality_rates_manifest.json
sim-acute-bronchitis-bronchiolitis,SIM,acute_bronchitis_bronchiolitis,rj_total,2012,crude_rate_per_100k,0.375815589138683,61,16231365,0.28746914730204476,0.4827508463695819,source_observed,source_year_observed,False,reports/quality/sim_mortality_rates_manifest.json
sim-acute-bronchitis-bronchiolitis,SIM,acute_bronchitis_bronchiolitis,volta_redonda,2012,crude_rate_per_100k,,,260180,,,source_observed,source_year_observed,True,reports/quality/sim_mortality_rates_manifest.json
sim-acute-bronchitis-bronchiolitis,SIM,acute_bronchitis_bronchiolitis,brazil_total,2013,crude_rate_per_100k,0.19499313927582948,392,201032714,0.17616553339632776,0.2152849021969133,source_observed,source_year_observed,False,reports/quality/sim_mortality_rates_manifest.json
sim-acute-bronchitis-bronchiolitis,SIM,acute_bronchitis_bronchiolitis,rest_of_rj_excluding_vr,2013,crude_rate_per_100k,0.3600771980679748,58,16107657,0.2734217129173395,0.46548327757844965,source_observed,source_year_observed,False,reports/quality/sim_mortality_rates_manifest.json
sim-acute-bronchitis-bronchiolitis,SIM,acute_bronchitis_bronchiolitis,rj_total,2013,crude_rate_per_100k,0.36654251260860427,60,16369179,0.27971055206866063,0.47181287104651565,source_observed,source_year_observed,False,reports/quality/sim_mortality_rates_manifest.json
sim-acute-bronchitis-bronchiolitis,SIM,acute_bronchitis_bronchiolitis,volta_redonda,2013,crude_rate_per_100k,,,261522,,,source_observed,source_year_observed,True,reports/quality/sim_mortality_rates_manifest.json
sim-acute-bronchitis-bronchiolitis,SIM,acute_bronchitis_bronchiolitis,brazil_total,2014,crude_rate_per_100k,0.16866519968711913,342,202768562,0.15126119920659334,0.18752251915907484,source_observed,source_year_observed,False,reports/quality/sim_mortality_rates_manifest.json
sim-acute-bronchitis-bronchiolitis,SIM,acute_bronchitis_bronchiolitis,rest_of_rj_excluding_vr,2014,crude_rate_per_100k,0.20989061365471784,34,16198914,0.14535535150425688,0.2933010947227887,source_observed,source_year_observed,False,reports/quality/sim_mortality_rates_manifest.json
sim-acute-bronchitis-bronchiolitis,SIM,acute_bronchitis_bronchiolitis,rj_total,2014,crude_rate_per_100k,0.20654664160324418,34,16461173,0.14303955364889412,0.288628228955513,source_observed,source_year_observed,False,reports/quality/sim_mortality_rates_manifest.json
sim-acute-bronchitis-bronchiolitis,SIM,acute_bronchitis_bronchiolitis,volta_redonda,2014,crude_rate_per_100k,,,262259,,,source_observed,source_year_observed,True,reports/quality/sim_mortality_rates_manifest.json
sim-acute-bronchitis-bronchiolitis,SIM,acute_bronchitis_bronchiolitis,brazil_total,2015,crude_rate_per_100k,0.16189773571538738,331,204450049,0.14492438384936893,0.18031287391125214,source_observed,source_year_observed,False,reports/quality/sim_mortality_rates_manifest.json
sim-acute-bronchitis-bronchiolitis,SIM,acute_bronchitis_bronchiolitis,rest_of_rj_excluding_vr,2015,crude_rate_per_100k,0.3254118270867156,53,16287054,0.2437557886917884,0.42564668189351035,source_observed,source_year_observed,False,reports/quality/sim_mortality_rates_manifest.json
sim-acute-bronchitis-bronchiolitis,SIM,acute_bronchitis_bronchiolitis,rj_total,2015,crude_rate_per_100k,0.3202412274447457,53,16550024,0.2398826547463464,0.41888341025489906,source_observed,source_year_observed,False,reports/quality/sim_mortality_rates_manifest.json
sim-acute-bronchitis-bronchiolitis,SIM,acute_bronchitis_bronchiolitis,volta_redonda,2015,crude_rate_per_100k,,,262970,,,source_observed,source_year_observed,True,reports/quality/sim_mortality_rates_manifest.json
sim-acute-bronchitis-bronchiolitis,SIM,acute_bronchitis_bronchiolitis,brazil_total,2016,crude_rate_per_100k,0.16886528622336047,348,206081432,0.15158741513074256,0.187572894430704,source_observed,source_year_observed,False,reports/quality/sim_mortality_rates_manifest.json
sim-acute-bronchitis-bronchiolitis,SIM,acute_bronchitis_bronchiolitis,rest_of_rj_excluding_vr,2016,crude_rate_per_100k,0.3176089033593677,52,16372337,0.23720552050975513,0.4165018209732238,source_observed,source_year_observed,False,reports/quality/sim_mortality_rates_manifest.json
sim-acute-bronchitis-bronchiolitis,SIM,acute_bronchitis_bronchiolitis,rj_total,2016,crude_rate_per_100k,0.31257521341072697,52,16635996,0.23344612009080326,0.40990080630503206,source_observed,source_year_observed,False,reports/quality/sim_mortality_rates_manifest.json
sim-acute-bronchitis-bronchiolitis,SIM,acute_bronchitis_bronchiolitis,volta_redonda,2016,crude_rate_per_100k,,,263659,,,source_observed,source_year_observed,True,reports/quality/sim_mortality_rates_manifest.json
sim-acute-bronchitis-bronchiolitis,SIM,acute_bronchitis_bronchiolitis,brazil_total,2017,crude_rate_per_100k,0.203215887568335,422,207660929,0.18428720727371797,0.22356114135700528,source_observed,source_year_observed,False,reports/quality/sim_mortality_rates_manifest.json
sim-acute-bronchitis-bronchiolitis,SIM,acute_bronchitis_bronchiolitis,rest_of_rj_excluding_vr,2017,crude_rate_per_100k,0.2491832411507282,41,16453755,0.178818196019421,0.3380452034549858,source_observed,source_year_observed,False,reports/quality/sim_mortality_rates_manifest.json
sim-acute-bronchitis-bronchiolitis,SIM,acute_bronchitis_bronchiolitis,rj_total,2017,crude_rate_per_100k,0.24523062325183465,41,16718956,0.1759817291728938,0.3326830309603955,source_observed,source_year_observed,False,reports/quality/sim_mortality_rates_manifest.json
sim-acute-bronchitis-bronchiolitis,SIM,acute_bronchitis_bronchiolitis,volta_redonda,2017,crude_rate_per_100k,,,265201,,,source_observed,source_year_observed,True,reports/quality/sim_mortality_rates_manifest.json
sim-acute-bronchitis-bronchiolitis,SIM,acute_bronchitis_bronchiolitis,brazil_total,2018,crude_rate_per_100k,0.19041233142873037,397,208494900,0.172140230612792,0.21009603834036708,source_observed,source_year_observed,False,reports/quality/sim_mortality_rates_manifest.json
sim-acute-bronchitis-bronchiolitis,SIM,acute_bronchitis_bronchiolitis,rest_of_rj_excluding_vr,2018,crude_rate_per_100k,0.5210812293395733,88,16887962,0.417922383240185,0.6419866484923065,source_observed,source_year_observed,False,reports/quality/sim_mortality_rates_manifest.json
sim-acute-bronchitis-bronchiolitis,SIM,acute_bronchitis_bronchiolitis,rj_total,2018,crude_rate_per_100k,0.51282170820911,88,17159960,0.4112980057709739,0.6318106874518022,source_observed,source_year_observed,False,reports/quality/sim_mortality_rates_manifest.json
sim-acute-bronchitis-bronchiolitis,SIM,acute_bronchitis_bronchiolitis,volta_redonda,2018,crude_rate_per_100k,,,271998,,,source_observed,source_year_observed,True,reports/quality/sim_mortality_rates_manifest.json
sim-acute-bronchitis-bronchiolitis,SIM,acute_bronchitis_bronchiolitis,brazil_total,2019,crude_rate_per_100k,0.1922462655627575,404,210147125,0.17395467431247025,0.2119381639635356,source_observed,source_year_observed,False,reports/quality/sim_mortality_rates_manifest.json
sim-acute-bronchitis-bronchiolitis,SIM,acute_bronchitis_bronchiolitis,rest_of_rj_excluding_vr,2019,crude_rate_per_100k,0.4119602415993803,70,16991931,0.3211432185544155,0.5204869819212363,source_observed,source_year_observed,False,reports/quality/sim_mortality_rates_manifest.json
sim-acute-bronchitis-bronchiolitis,SIM,acute_bronchitis_bronchiolitis,rj_total,2019,crude_rate_per_100k,0.4228221315297711,73,17264943,0.3314250555156721,0.5316353502179622,source_observed,source_year_observed,False,reports/quality/sim_mortality_rates_manifest.json
sim-acute-bronchitis-bronchiolitis,SIM,acute_bronchitis_bronchiolitis,volta_redonda,2019,crude_rate_per_100k,,,273012,,,source_observed,source_year_observed,True,reports/quality/sim_mortality_rates_manifest.json
sim-acute-bronchitis-bronchiolitis,SIM,acute_bronchitis_bronchiolitis,brazil_total,2020,crude_rate_per_100k,0.12042179248716488,255,211755692,0.10609373879639424,0.13614537035127505,source_observed,respiratory_pandemic,False,reports/quality/sim_mortality_rates_manifest.json
sim-acute-bronchitis-bronchiolitis,SIM,acute_bronchitis_bronchiolitis,rest_of_rj_excluding_vr,2020,crude_rate_per_100k,0.21647299841606124,37,17092201,0.15241696822489995,0.29837951321734885,source_observed,respiratory_pandemic,False,reports/quality/sim_mortality_rates_manifest.json
sim-acute-bronchitis-bronchiolitis,SIM,acute_bronchitis_bronchiolitis,rj_total,2020,crude_rate_per_100k,0.2130576835251534,37,17366189,0.1500122713573256,0.29367195152563885,source_observed,respiratory_pandemic,False,reports/quality/sim_mortality_rates_manifest.json
sim-acute-bronchitis-bronchiolitis,SIM,acute_bronchitis_bronchiolitis,volta_redonda,2020,crude_rate_per_100k,,,273988,,,source_observed,respiratory_pandemic,True,reports/quality/sim_mortality_rates_manifest.json
sim-acute-bronchitis-bronchiolitis,SIM,acute_bronchitis_bronchiolitis,brazil_total,2021,crude_rate_per_100k,0.15938672563312967,340,213317639,0.14289316351214434,0.17726180833517058,source_observed,respiratory_pandemic,False,reports/quality/sim_mortality_rates_manifest.json
sim-acute-bronchitis-bronchiolitis,SIM,acute_bronchitis_bronchiolitis,rest_of_rj_excluding_vr,2021,crude_rate_per_100k,0.26762197627891887,46,17188424,0.1959329221164888,0.3569702126884117,source_observed,respiratory_pandemic,False,reports/quality/sim_mortality_rates_manifest.json
sim-acute-bronchitis-bronchiolitis,SIM,acute_bronchitis_bronchiolitis,rj_total,2021,crude_rate_per_100k,0.2634088112194288,46,17463349,0.19284835577054477,0.35135044091821105,source_observed,respiratory_pandemic,False,reports/quality/sim_mortality_rates_manifest.json
sim-acute-bronchitis-bronchiolitis,SIM,acute_bronchitis_bronchiolitis,volta_redonda,2021,crude_rate_per_100k,,,274925,,,source_observed,respiratory_pandemic,True,reports/quality/sim_mortality_rates_manifest.json
sim-acute-bronchitis-bronchiolitis,SIM,acute_bronchitis_bronchiolitis,brazil_total,2022,crude_rate_per_100k,0.2693509768104271,547,203080756,0.24724877405311707,0.2928988830334176,source_observed,source_year_observed,False,reports/quality/sim_mortality_rates_manifest.json
sim-acute-bronchitis-bronchiolitis,SIM,acute_bronchitis_bronchiolitis,rest_of_rj_excluding_vr,2022,crude_rate_per_100k,0.40522715166278317,64,15793611,0.31207428463468834,0.5174660260334701,source_observed,source_year_observed,False,reports/quality/sim_mortality_rates_manifest.json
sim-acute-bronchitis-bronchiolitis,SIM,acute_bronchitis_bronchiolitis,rj_total,2022,crude_rate_per_100k,0.3986253901701719,64,16055174,0.30699012384565527,0.5090357239908144,source_observed,source_year_observed,False,reports/quality/sim_mortality_rates_manifest.json
sim-acute-bronchitis-bronchiolitis,SIM,acute_bronchitis_bronchiolitis,volta_redonda,2022,crude_rate_per_100k,,,261563,,,source_observed,source_year_observed,True,reports/quality/sim_mortality_rates_manifest.json
sim-acute-bronchitis-bronchiolitis,SIM,acute_bronchitis_bronchiolitis,brazil_total,2024,crude_rate_per_100k,0.37067743889173094,788,212583750,0.34524481759748826,0.3974878871810929,source_observed,source_year_observed,False,reports/quality/sim_mortality_rates_manifest.json
sim-acute-bronchitis-bronchiolitis,SIM,acute_bronchitis_bronchiolitis,rest_of_rj_excluding_vr,2024,crude_rate_per_100k,0.4250350107831972,72,16939781,0.3325637190362044,0.53526125305078,source_observed,source_year_observed,False,reports/quality/sim_mortality_rates_manifest.json
sim-acute-bronchitis-bronchiolitis,SIM,acute_bronchitis_bronchiolitis,rj_total,2024,crude_rate_per_100k,0.4181262612386677,72,17219679,0.32715804801116405,0.5265608263932094,source_observed,source_year_observed,False,reports/quality/sim_mortality_rates_manifest.json
sim-acute-bronchitis-bronchiolitis,SIM,acute_bronchitis_bronchiolitis,volta_redonda,2024,crude_rate_per_100k,,,279898,,,source_observed,source_year_observed,True,reports/quality/sim_mortality_rates_manifest.json
sim-acute-myocardial-infarction,SIM,acute_myocardial_infarction,brazil_total,2010,crude_rate_per_100k,41.84826905314684,79828,190755799,41.558465276478266,42.13959193050471,source_observed,source_year_observed,False,reports/quality/sim_mortality_rates_manifest.json
sim-acute-myocardial-infarction,SIM,acute_myocardial_infarction,rest_of_rj_excluding_vr,2010,crude_rate_per_100k,60.792800667881764,9564,15732126,59.58045876114398,62.02360360255467,source_observed,source_year_observed,False,reports/quality/sim_mortality_rates_manifest.json
sim-acute-myocardial-infarction,SIM,acute_myocardial_infarction,rj_total,2010,crude_rate_per_100k,60.51934314405023,9677,15989929,59.319486776878946,61.737362529120794,source_observed,source_year_observed,False,reports/quality/sim_mortality_rates_manifest.json
sim-acute-myocardial-infarction,SIM,acute_myocardial_infarction,volta_redonda,2010,crude_rate_per_100k,43.8319181700756,113,257803,36.12370432508533,52.698054417931665,source_observed,source_year_observed,False,reports/quality/sim_mortality_rates_manifest.json
sim-acute-myocardial-infarction,SIM,acute_myocardial_infarction,brazil_total,2011,crude_rate_per_100k,43.12002674175625,82954,192379287,42.827086730754516,43.41447299949965,source_observed,source_year_observed,False,reports/quality/sim_mortality_rates_manifest.json
sim-acute-myocardial-infarction,SIM,acute_myocardial_infarction,rest_of_rj_excluding_vr,2011,crude_rate_per_100k,61.84689396130838,9805,15853666,60.62870794004913,63.08339870212919,source_observed,source_year_observed,False,reports/quality/sim_mortality_rates_manifest.json
sim-acute-myocardial-infarction,SIM,acute_myocardial_infarction,rj_total,2011,crude_rate_per_100k,61.560219846756695,9919,16112678,60.35463424257331,62.78382934330923,source_observed,source_year_observed,False,reports/quality/sim_mortality_rates_manifest.json
sim-acute-myocardial-infarction,SIM,acute_myocardial_infarction,volta_redonda,2011,crude_rate_per_100k,44.01340478433432,114,259012,36.30563146184555,52.87354392307514,source_observed,source_year_observed,False,reports/quality/sim_mortality_rates_manifest.json
sim-acute-myocardial-infarction,SIM,acute_myocardial_infarction,brazil_total,2012,crude_rate_per_100k,43.45519628502826,84280,193946886,43.162306946958914,43.74957968157693,source_observed,source_year_observed,False,reports/quality/sim_mortality_rates_manifest.json
sim-acute-myocardial-infarction,SIM,acute_myocardial_infarction,rest_of_rj_excluding_vr,2012,crude_rate_per_100k,63.758575209040536,10183,15971185,62.526150784962354,65.00918240236567,source_observed,source_year_observed,False,reports/quality/sim_mortality_rates_manifest.json
sim-acute-myocardial-infarction,SIM,acute_myocardial_infarction,rj_total,2012,crude_rate_per_100k,63.52515638703214,10311,16231365,62.3048525621997,64.76335114967013,source_observed,source_year_observed,False,reports/quality/sim_mortality_rates_manifest.json
sim-acute-myocardial-infarction,SIM,acute_myocardial_infarction,volta_redonda,2012,crude_rate_per_100k,49.196709970020756,128,260180,41.04363663348606,58.49504897258591,source_observed,source_year_observed,False,reports/quality/sim_mortality_rates_manifest.json
sim-acute-myocardial-infarction,SIM,acute_myocardial_infarction,brazil_total,2013,crude_rate_per_100k,42.82686050788729,86096,201032714,42.54126159583205,43.113900799348826,source_observed,source_year_observed,False,reports/quality/sim_mortality_rates_manifest.json
sim-acute-myocardial-infarction,SIM,acute_myocardial_infarction,rest_of_rj_excluding_vr,2013,crude_rate_per_100k,64.36069504087405,10367,16107657,63.127668469118426,65.61174979257243,source_observed,source_year_observed,False,reports/quality/sim_mortality_rates_manifest.json
sim-acute-myocardial-infarction,SIM,acute_myocardial_infarction,rj_total,2013,crude_rate_per_100k,64.04108599459997,10483,16369179,62.82095717351732,65.27895464329707,source_observed,source_year_observed,False,reports/quality/sim_mortality_rates_manifest.json
sim-acute-myocardial-infarction,SIM,acute_myocardial_infarction,volta_redonda,2013,crude_rate_per_100k,44.35573297848747,116,261522,36.65200040586011,53.20047662464228,source_observed,source_year_observed,False,reports/quality/sim_mortality_rates_manifest.json
sim-acute-myocardial-infarction,SIM,acute_myocardial_infarction,brazil_total,2014,crude_rate_per_100k,43.10727419371845,87408,202768562,42.82196736176692,43.39401005341194,source_observed,source_year_observed,False,reports/quality/sim_mortality_rates_manifest.json
sim-acute-myocardial-infarction,SIM,acute_myocardial_infarction,rest_of_rj_excluding_vr,2014,crude_rate_per_100k,61.80043921462883,10011,16198914,60.59569609377348,63.02310999749552,source_observed,source_year_observed,False,reports/quality/sim_mortality_rates_manifest.json
sim-acute-myocardial-infarction,SIM,acute_myocardial_infarction,rj_total,2014,crude_rate_per_100k,61.4840752843069,10121,16461173,60.291998901062236,62.69379338318806,source_observed,source_year_observed,False,reports/quality/sim_mortality_rates_manifest.json
sim-acute-myocardial-infarction,SIM,acute_myocardial_infarction,volta_redonda,2014,crude_rate_per_100k,41.94326982105476,110,262259,34.472266763922576,50.552982748666146,source_observed,source_year_observed,False,reports/quality/sim_mortality_rates_manifest.json
sim-acute-myocardial-infarction,SIM,acute_myocardial_infarction,brazil_total,2015,crude_rate_per_100k,44.52187732173153,91025,204450049,44.23311228179856,44.81205960394695,source_observed,source_year_observed,False,reports/quality/sim_mortality_rates_manifest.json
sim-acute-myocardial-infarction,SIM,acute_myocardial_infarction,rest_of_rj_excluding_vr,2015,crude_rate_per_100k,64.57275821643374,10517,16287054,63.34448060720324,65.8188650088621,source_observed,source_year_observed,False,reports/quality/sim_mortality_rates_manifest.json
sim-acute-myocardial-infarction,SIM,acute_myocardial_infarction,rj_total,2015,crude_rate_per_100k,64.48933246259945,10673,16550024,63.27159716129102,65.72461322966966,source_observed,source_year_observed,False,reports/quality/sim_mortality_rates_manifest.json
sim-acute-myocardial-infarction,SIM,acute_myocardial_infarction,volta_redonda,2015,crude_rate_per_100k,59.322356162299876,156,262970,50.37856916085491,69.39623912883805,source_observed,source_year_observed,False,reports/quality/sim_mortality_rates_manifest.json
sim-acute-myocardial-infarction,SIM,acute_myocardial_infarction,brazil_total,2016,crude_rate_per_100k,45.789181045675186,94363,206081432,45.49748808841139,46.082279997937405,source_observed,source_year_observed,False,reports/quality/sim_mortality_rates_manifest.json
sim-acute-myocardial-infarction,SIM,acute_myocardial_infarction,rest_of_rj_excluding_vr,2016,crude_rate_per_100k,67.84004018485571,11107,16372337,66.58419417205326,69.11362094211286,source_observed,source_year_observed,False,reports/quality/sim_mortality_rates_manifest.json
sim-acute-myocardial-infarction,SIM,acute_myocardial_infarction,rj_total,2016,crude_rate_per_100k,67.73865538318235,11269,16635996,66.49369066547169,69.00107337046633,source_observed,source_year_observed,False,reports/quality/sim_mortality_rates_manifest.json
sim-acute-myocardial-infarction,SIM,acute_myocardial_infarction,volta_redonda,2016,crude_rate_per_100k,61.443000238945,162,263659,52.34562698605897,71.66697392327875,source_observed,source_year_observed,False,reports/quality/sim_mortality_rates_manifest.json
sim-acute-myocardial-infarction,SIM,acute_myocardial_infarction,brazil_total,2017,crude_rate_per_100k,44.71712634975258,92860,207660929,44.42997030544831,45.005677707239315,source_observed,source_year_observed,False,reports/quality/sim_mortality_rates_manifest.json
sim-acute-myocardial-infarction,SIM,acute_myocardial_infarction,rest_of_rj_excluding_vr,2017,crude_rate_per_100k,62.879263730376444,10346,16453755,61.67340241777714,64.10277406670626,source_observed,source_year_observed,False,reports/quality/sim_mortality_rates_manifest.json
sim-acute-myocardial-infarction,SIM,acute_myocardial_infarction,rj_total,2017,crude_rate_per_100k,62.58764004163896,10464,16718956,61.394125744254765,63.79852308380718,source_observed,source_year_observed,False,reports/quality/sim_mortality_rates_manifest.json
sim-acute-myocardial-infarction,SIM,acute_myocardial_infarction,volta_redonda,2017,crude_rate_per_100k,44.49455318795932,118,265201,36.829317740237386,53.28468773641977,source_observed,source_year_observed,False,reports/quality/sim_mortality_rates_manifest.json
sim-acute-myocardial-infarction,SIM,acute_myocardial_infarction,brazil_total,2018,crude_rate_per_100k,44.84282349352431,93495,208494900,44.55583827987309,45.13119843392071,source_observed,source_year_observed,False,reports/quality/sim_mortality_rates_manifest.json
sim-acute-myocardial-infarction,SIM,acute_myocardial_infarction,rest_of_rj_excluding_vr,2018,crude_rate_per_100k,63.60151686745861,10741,16887962,62.40433569541146,64.81589223263673,source_observed,source_year_observed,False,reports/quality/sim_mortality_rates_manifest.json
sim-acute-myocardial-infarction,SIM,acute_myocardial_infarction,rj_total,2018,crude_rate_per_100k,63.31599840559068,10865,17159960,62.13098015070195,64.51793799850266,source_observed,source_year_observed,False,reports/quality/sim_mortality_rates_manifest.json
sim-acute-myocardial-infarction,SIM,acute_myocardial_infarction,volta_redonda,2018,crude_rate_per_100k,45.588570504194884,124,271998,37.91821429240935,54.35492690732766,source_observed,source_year_observed,False,reports/quality/sim_mortality_rates_manifest.json
sim-acute-myocardial-infarction,SIM,acute_myocardial_infarction,brazil_total,2019,crude_rate_per_100k,45.56664765221033,95757,210147125,45.27848960324256,45.85618448346773,source_observed,source_year_observed,False,reports/quality/sim_mortality_rates_manifest.json
sim-acute-myocardial-infarction,SIM,acute_myocardial_infarction,rest_of_rj_excluding_vr,2019,crude_rate_per_100k,67.17305996593325,11414,16991931,65.94632128862463,68.41688596874486,source_observed,source_year_observed,False,reports/quality/sim_mortality_rates_manifest.json
sim-acute-myocardial-infarction,SIM,acute_myocardial_infarction,rj_total,2019,crude_rate_per_100k,66.87540178962654,11546,17264943,65.66106867484832,68.10655172281712,source_observed,source_year_observed,False,reports/quality/sim_mortality_rates_manifest.json
sim-acute-myocardial-infarction,SIM,acute_myocardial_infarction,volta_redonda,2019,crude_rate_per_100k,48.34952309788581,132,273012,40.45364614678565,57.336365585416395,source_observed,source_year_observed,False,reports/quality/sim_mortality_rates_manifest.json
sim-acute-myocardial-infarction,SIM,acute_myocardial_infarction,brazil_total,2020,crude_rate_per_100k,42.79507159599753,90621,211755692,42.516889440964974,43.07462210138663,source_observed,cardiovascular_pandemic_context,False,reports/quality/sim_mortality_rates_manifest.json
sim-acute-myocardial-infarction,SIM,acute_myocardial_infarction,rest_of_rj_excluding_vr,2020,crude_rate_per_100k,62.022439356990944,10601,17092201,60.84733414789689,63.21453366459131,source_observed,cardiovascular_pandemic_context,False,reports/quality/sim_mortality_rates_manifest.json
sim-acute-myocardial-infarction,SIM,acute_myocardial_infarction,rj_total,2020,crude_rate_per_100k,61.723386748814036,10719,17366189,60.56037184264064,62.90312241320534,source_observed,cardiovascular_pandemic_context,False,reports/quality/sim_mortality_rates_manifest.json
sim-acute-myocardial-infarction,SIM,acute_myocardial_infarction,volta_redonda,2020,crude_rate_per_100k,43.06757960202636,118,273988,35.64817398582673,51.575807963802276,source_observed,cardiovascular_pandemic_context,False,reports/quality/sim_mortality_rates_manifest.json
sim-acute-myocardial-infarction,SIM,acute_myocardial_infarction,brazil_total,2021,crude_rate_per_100k,44.965808008028816,95920,213317639,44.68169093169122,45.25128337272256,source_observed,cardiovascular_pandemic_context,False,reports/quality/sim_mortality_rates_manifest.json
sim-acute-myocardial-infarction,SIM,acute_myocardial_infarction,rest_of_rj_excluding_vr,2021,crude_rate_per_100k,57.53290703091802,9889,17188424,56.404492304114065,58.678217702411935,source_observed,cardiovascular_pandemic_context,False,reports/quality/sim_mortality_rates_manifest.json
sim-acute-myocardial-infarction,SIM,acute_myocardial_infarction,rj_total,2021,crude_rate_per_100k,57.360131782283,10017,17463349,56.24228170448239,58.49461145172684,source_observed,cardiovascular_pandemic_context,False,reports/quality/sim_mortality_rates_manifest.json
sim-acute-myocardial-infarction,SIM,acute_myocardial_infarction,volta_redonda,2021,crude_rate_per_100k,46.558152223333636,128,274925,38.84235111139548,55.357795186641454,source_observed,cardiovascular_pandemic_context,False,reports/quality/sim_mortality_rates_manifest.json
sim-acute-myocardial-infarction,SIM,acute_myocardial_infarction,brazil_total,2022,crude_rate_per_100k,48.334466511440404,98158,203080756,48.03256075763318,48.637799004275976,source_observed,source_year_observed,False,reports/quality/sim_mortality_rates_manifest.json
sim-acute-myocardial-infarction,SIM,acute_myocardial_infarction,rest_of_rj_excluding_vr,2022,crude_rate_per_100k,59.22014921096891,9353,15793611,58.025989270952984,60.4326990192031,source_observed,source_year_observed,False,reports/quality/sim_mortality_rates_manifest.json
sim-acute-myocardial-infarction,SIM,acute_myocardial_infarction,rj_total,2022,crude_rate_per_100k,59.270612700927444,9516,16055174,58.08566414152304,60.47365098856303,source_observed,source_year_observed,False,reports/quality/sim_mortality_rates_manifest.json
sim-acute-myocardial-infarction,SIM,acute_myocardial_infarction,volta_redonda,2022,crude_rate_per_100k,62.3176825468434,163,261563,53.118002809662585,72.65290238165625,source_observed,source_year_observed,False,reports/quality/sim_mortality_rates_manifest.json
sim-acute-myocardial-infarction,SIM,acute_myocardial_infarction,brazil_total,2024,crude_rate_per_100k,44.4159066720763,94421,212583750,44.13304872718237,44.70012760621448,source_observed,source_year_observed,False,reports/quality/sim_mortality_rates_manifest.json
sim-acute-myocardial-infarction,SIM,acute_myocardial_infarction,rest_of_rj_excluding_vr,2024,crude_rate_per_100k,49.51067549220382,8387,16939781,48.456673744365006,50.58182616421175,source_observed,source_year_observed,False,reports/quality/sim_mortality_rates_manifest.json
sim-acute-myocardial-infarction,SIM,acute_myocardial_infarction,rj_total,2024,crude_rate_per_100k,49.51892541086277,8527,17219679,48.473391925974035,50.58132856133199,source_observed,source_year_observed,False,reports/quality/sim_mortality_rates_manifest.json
sim-acute-myocardial-infarction,SIM,acute_myocardial_infarction,volta_redonda,2024,crude_rate_per_100k,50.01822092333636,140,279898,42.07624607294454,59.02346226152778,source_observed,source_year_observed,False,reports/quality/sim_mortality_rates_manifest.json
sim-all-malignant-neoplasms,SIM,all_malignant_neoplasms,brazil_total,2010,crude_rate_per_100k,92.08212852286603,175652,190755799,91.65200259244664,92.51377296196058,source_observed,source_year_observed,False,reports/quality/sim_mortality_rates_manifest.json
sim-all-malignant-neoplasms,SIM,all_malignant_neoplasms,rest_of_rj_excluding_vr,2010,crude_rate_per_100k,119.80580374197358,18848,15732126,118.10144941806668,121.52860081633527,source_observed,source_year_observed,False,reports/quality/sim_mortality_rates_manifest.json
sim-all-malignant-neoplasms,SIM,all_malignant_neoplasms,rj_total,2010,crude_rate_per_100k,119.90672378845458,19173,15989929,118.21540194062732,121.61619065810034,source_observed,source_year_observed,False,reports/quality/sim_mortality_rates_manifest.json
sim-all-malignant-neoplasms,SIM,all_malignant_neoplasms,volta_redonda,2010,crude_rate_per_100k,126.06525137411126,325,257803,112.73054339630154,140.54355328681748,source_observed,source_year_observed,False,reports/quality/sim_mortality_rates_manifest.json
sim-all-malignant-neoplasms,SIM,all_malignant_neoplasms,brazil_total,2011,crude_rate_per_100k,94.07873520188272,180988,192379287,93.6458020366538,94.51317404305914,source_observed,source_year_observed,False,reports/quality/sim_mortality_rates_manifest.json
sim-all-malignant-neoplasms,SIM,all_malignant_neoplasms,rest_of_rj_excluding_vr,2011,crude_rate_per_100k,120.76071238034154,19145,15853666,119.05610397976766,122.4836217926109,source_observed,source_year_observed,False,reports/quality/sim_mortality_rates_manifest.json
sim-all-malignant-neoplasms,SIM,all_malignant_neoplasms,rj_total,2011,crude_rate_per_100k,120.92961827946911,19485,16112678,119.2375320414265,122.63971095523505,source_observed,source_year_observed,False,reports/quality/sim_mortality_rates_manifest.json
sim-all-malignant-neoplasms,SIM,all_malignant_neoplasms,volta_redonda,2011,crude_rate_per_100k,131.26804935678655,340,259012,117.68424733082475,145.9896469620292,source_observed,source_year_observed,False,reports/quality/sim_mortality_rates_manifest.json
sim-all-malignant-neoplasms,SIM,all_malignant_neoplasms,brazil_total,2012,crude_rate_per_100k,96.84404007394066,187826,193946886,96.4065598739861,97.28301375822988,source_observed,source_year_observed,False,reports/quality/sim_mortality_rates_manifest.json
sim-all-malignant-neoplasms,SIM,all_malignant_neoplasms,rest_of_rj_excluding_vr,2012,crude_rate_per_100k,123.03407668247536,19650,15971185,121.31976210731374,124.76655703463814,source_observed,source_year_observed,False,reports/quality/sim_mortality_rates_manifest.json
sim-all-malignant-neoplasms,SIM,all_malignant_neoplasms,rj_total,2012,crude_rate_per_100k,123.11349045505415,19983,16231365,121.41237306899237,124.83248207088354,source_observed,source_year_observed,False,reports/quality/sim_mortality_rates_manifest.json
sim-all-malignant-neoplasms,SIM,all_malignant_neoplasms,volta_redonda,2012,crude_rate_per_100k,127.98831578138211,333,260180,114.60926263968818,142.50026674964136,source_observed,source_year_observed,False,reports/quality/sim_mortality_rates_manifest.json
sim-all-malignant-neoplasms,SIM,all_malignant_neoplasms,brazil_total,2013,crude_rate_per_100k,96.09033085033116,193173,201032714,95.66229849714583,96.51980403113501,source_observed,source_year_observed,False,reports/quality/sim_mortality_rates_manifest.json
sim-all-malignant-neoplasms,SIM,all_malignant_neoplasms,rest_of_rj_excluding_vr,2013,crude_rate_per_100k,125.05853582553937,20144,16107657,123.33743843203446,126.79764455222808,source_observed,source_year_observed,False,reports/quality/sim_mortality_rates_manifest.json
sim-all-malignant-neoplasms,SIM,all_malignant_neoplasms,rj_total,2013,crude_rate_per_100k,125.30866697712817,20512,16369179,123.59961420302305,127.03544294721733,source_observed,source_year_observed,False,reports/quality/sim_mortality_rates_manifest.json
sim-all-malignant-neoplasms,SIM,all_malignant_neoplasms,volta_redonda,2013,crude_rate_per_100k,140.71473910416714,368,261522,126.70341260295498,155.85216531648769,source_observed,source_year_observed,False,reports/quality/sim_mortality_rates_manifest.json
sim-all-malignant-neoplasms,SIM,all_malignant_neoplasms,brazil_total,2014,crude_rate_per_100k,97.80017081740709,198308,202768562,97.3701931977177,98.23157691584983,source_observed,source_year_observed,False,reports/quality/sim_mortality_rates_manifest.json
sim-all-malignant-neoplasms,SIM,all_malignant_neoplasms,rest_of_rj_excluding_vr,2014,crude_rate_per_100k,125.24296381843868,20288,16198914,123.52543524673878,126.97840210477277,source_observed,source_year_observed,False,reports/quality/sim_mortality_rates_manifest.json
sim-all-malignant-neoplasms,SIM,all_malignant_neoplasms,rj_total,2014,crude_rate_per_100k,125.57428319354884,20671,16461173,123.86818504427318,127.29800533207518,source_observed,source_year_observed,False,reports/quality/sim_mortality_rates_manifest.json
sim-all-malignant-neoplasms,SIM,all_malignant_neoplasms,volta_redonda,2014,crude_rate_per_100k,146.0388394678543,383,262259,131.77755802284096,161.42267683220788,source_observed,source_year_observed,False,reports/quality/sim_mortality_rates_manifest.json
sim-all-malignant-neoplasms,SIM,all_malignant_neoplasms,brazil_total,2015,crude_rate_per_100k,100.7571291900253,205998,204450049,100.32248934699369,101.19318574310444,source_observed,source_year_observed,False,reports/quality/sim_mortality_rates_manifest.json
sim-all-malignant-neoplasms,SIM,all_malignant_neoplasms,rest_of_rj_excluding_vr,2015,crude_rate_per_100k,126.60976011990874,20621,16287054,124.88751646538181,128.34981622598428,source_observed,source_year_observed,False,reports/quality/sim_mortality_rates_manifest.json
sim-all-malignant-neoplasms,SIM,all_malignant_neoplasms,rj_total,2015,crude_rate_per_100k,126.7913569188782,20984,16550024,125.08157566783586,128.51866723473313,source_observed,source_year_observed,False,reports/quality/sim_mortality_rates_manifest.json
sim-all-malignant-neoplasms,SIM,all_malignant_neoplasms,volta_redonda,2015,crude_rate_per_100k,138.03855953150548,363,262970,124.2018696427199,152.9952796701634,source_observed,source_year_observed,False,reports/quality/sim_mortality_rates_manifest.json
sim-all-malignant-neoplasms,SIM,all_malignant_neoplasms,brazil_total,2016,crude_rate_per_100k,102.55314996064276,211343,206081432,102.11638658052986,102.99131882250951,source_observed,source_year_observed,False,reports/quality/sim_mortality_rates_manifest.json
sim-all-malignant-neoplasms,SIM,all_malignant_neoplasms,rest_of_rj_excluding_vr,2016,crude_rate_per_100k,129.31568657547177,21172,16372337,127.57959835117072,131.06949392190532,source_observed,source_year_observed,False,reports/quality/sim_mortality_rates_manifest.json
sim-all-malignant-neoplasms,SIM,all_malignant_neoplasms,rj_total,2016,crude_rate_per_100k,129.68264719467354,21574,16635996,127.95787543111533,131.42485687698831,source_observed,source_year_observed,False,reports/quality/sim_mortality_rates_manifest.json
sim-all-malignant-neoplasms,SIM,all_malignant_neoplasms,volta_redonda,2016,crude_rate_per_100k,152.46966725960425,402,263659,137.92755039277435,168.12793207832772,source_observed,source_year_observed,False,reports/quality/sim_mortality_rates_manifest.json
sim-all-malignant-neoplasms,SIM,all_malignant_neoplasms,brazil_total,2017,crude_rate_per_100k,104.83291250228395,217697,207660929,104.39299696462498,105.27422281633066,source_observed,source_year_observed,False,reports/quality/sim_mortality_rates_manifest.json
sim-all-malignant-neoplasms,SIM,all_malignant_neoplasms,rest_of_rj_excluding_vr,2017,crude_rate_per_100k,129.332179797256,21280,16453755,127.60026710200191,131.081723831433,source_observed,source_year_observed,False,reports/quality/sim_mortality_rates_manifest.json
sim-all-malignant-neoplasms,SIM,all_malignant_neoplasms,rj_total,2017,crude_rate_per_100k,129.5236377199629,21655,16718956,127.80419491873903,131.2604318378653,source_observed,source_year_observed,False,reports/quality/sim_mortality_rates_manifest.json
sim-all-malignant-neoplasms,SIM,all_malignant_neoplasms,volta_redonda,2017,crude_rate_per_100k,141.40218174139616,375,265201,127.45099269436362,156.46367089184957,source_observed,source_year_observed,False,reports/quality/sim_mortality_rates_manifest.json
sim-all-malignant-neoplasms,SIM,all_malignant_neoplasms,brazil_total,2018,crude_rate_per_100k,107.32013109193558,223757,208494900,106.87591233247292,107.765739035011,source_observed,source_year_observed,False,reports/quality/sim_mortality_rates_manifest.json
sim-all-malignant-neoplasms,SIM,all_malignant_neoplasms,rest_of_rj_excluding_vr,2018,crude_rate_per_100k,129.8676536576764,21932,16887962,128.15452982715658,131.59795491252567,source_observed,source_year_observed,False,reports/quality/sim_mortality_rates_manifest.json
sim-all-malignant-neoplasms,SIM,all_malignant_neoplasms,rj_total,2018,crude_rate_per_100k,130.02944062806674,22313,17159960,128.32884204470344,131.7469440309144,source_observed,source_year_observed,False,reports/quality/sim_mortality_rates_manifest.json
sim-all-malignant-neoplasms,SIM,all_malignant_neoplasms,volta_redonda,2018,crude_rate_per_100k,140.07455937176007,381,271998,126.3607851981511,154.87074339899178,source_observed,source_year_observed,False,reports/quality/sim_mortality_rates_manifest.json
sim-all-malignant-neoplasms,SIM,all_malignant_neoplasms,brazil_total,2019,crude_rate_per_100k,109.94107104724846,231038,210147125,109.49322439643599,110.39029594394354,source_observed,source_year_observed,False,reports/quality/sim_mortality_rates_manifest.json
sim-all-malignant-neoplasms,SIM,all_malignant_neoplasms,rest_of_rj_excluding_vr,2019,crude_rate_per_100k,128.9965219373831,21919,16991931,127.29438658923887,130.7157296173985,source_observed,source_year_observed,False,reports/quality/sim_mortality_rates_manifest.json
sim-all-malignant-neoplasms,SIM,all_malignant_neoplasms,rj_total,2019,crude_rate_per_100k,129.3604039121357,22334,17264943,127.66934836684561,131.0682614658792,source_observed,source_year_observed,False,reports/quality/sim_mortality_rates_manifest.json
sim-all-malignant-neoplasms,SIM,all_malignant_neoplasms,volta_redonda,2019,crude_rate_per_100k,152.00797034562584,415,273012,137.73311208592833,167.36046051107454,source_observed,source_year_observed,False,reports/quality/sim_mortality_rates_manifest.json
sim-all-malignant-neoplasms,SIM,all_malignant_neoplasms,brazil_total,2020,crude_rate_per_100k,106.17376934547761,224829,211755692,105.73534350007611,106.61356298034197,source_observed,cancer_care_disruption,False,reports/quality/sim_mortality_rates_manifest.json
sim-all-malignant-neoplasms,SIM,all_malignant_neoplasms,rest_of_rj_excluding_vr,2020,crude_rate_per_100k,124.58898652081146,21295,17092201,122.92117660819486,126.27376917408174,source_observed,cancer_care_disruption,False,reports/quality/sim_mortality_rates_manifest.json
sim-all-malignant-neoplasms,SIM,all_malignant_neoplasms,rj_total,2020,crude_rate_per_100k,125.14547665005834,21733,17366189,123.48712858976762,126.82052927957005,source_observed,cancer_care_disruption,False,reports/quality/sim_mortality_rates_manifest.json
sim-all-malignant-neoplasms,SIM,all_malignant_neoplasms,volta_redonda,2020,crude_rate_per_100k,159.86101581091143,438,273988,145.23855164656177,175.5568127596815,source_observed,cancer_care_disruption,False,reports/quality/sim_mortality_rates_manifest.json
sim-all-malignant-neoplasms,SIM,all_malignant_neoplasms,brazil_total,2021,crude_rate_per_100k,108.17858339412804,230764,213317639,107.73765498985014,108.62086956015537,source_observed,cancer_care_disruption,False,reports/quality/sim_mortality_rates_manifest.json
sim-all-malignant-neoplasms,SIM,all_malignant_neoplasms,rest_of_rj_excluding_vr,2021,crude_rate_per_100k,123.62389943371188,21249,17188424,121.9672243328629,125.2974523018227,source_observed,cancer_care_disruption,False,reports/quality/sim_mortality_rates_manifest.json
sim-all-malignant-neoplasms,SIM,all_malignant_neoplasms,rj_total,2021,crude_rate_per_100k,123.90521428621737,21638,17463349,122.25971288851083,125.56732739804248,source_observed,cancer_care_disruption,False,reports/quality/sim_mortality_rates_manifest.json
sim-all-malignant-neoplasms,SIM,all_malignant_neoplasms,volta_redonda,2021,crude_rate_per_100k,141.49313449122488,389,274925,127.77999812324471,156.2769709472672,source_observed,cancer_care_disruption,False,reports/quality/sim_mortality_rates_manifest.json
sim-all-malignant-neoplasms,SIM,all_malignant_neoplasms,brazil_total,2022,crude_rate_per_100k,117.50153224759515,238623,203080756,117.03054899740432,117.97394168484013,source_observed,cancer_care_disruption,False,reports/quality/sim_mortality_rates_manifest.json
sim-all-malignant-neoplasms,SIM,all_malignant_neoplasms,rest_of_rj_excluding_vr,2022,crude_rate_per_100k,138.9739179976004,21949,15793611,137.1413784106162,140.82482522916632,source_observed,cancer_care_disruption,False,reports/quality/sim_mortality_rates_manifest.json
sim-all-malignant-neoplasms,SIM,all_malignant_neoplasms,rj_total,2022,crude_rate_per_100k,139.2448316038182,22356,16055174,137.42545546440314,141.08227577514057,source_observed,cancer_care_disruption,False,reports/quality/sim_mortality_rates_manifest.json
sim-all-malignant-neoplasms,SIM,all_malignant_neoplasms,volta_redonda,2022,crude_rate_per_100k,155.60304783168874,407,261563,140.8512363472534,171.47983796170428,source_observed,cancer_care_disruption,False,reports/quality/sim_mortality_rates_manifest.json
sim-all-malignant-neoplasms,SIM,all_malignant_neoplasms,brazil_total,2024,crude_rate_per_100k,121.87384971805228,259084,212583750,121.40500863611554,122.34405319511608,source_observed,source_year_observed,False,reports/quality/sim_mortality_rates_manifest.json
sim-all-malignant-neoplasms,SIM,all_malignant_neoplasms,rest_of_rj_excluding_vr,2024,crude_rate_per_100k,140.37961883922821,23780,16939781,138.60100564893708,142.1753553622244,source_observed,source_year_observed,False,reports/quality/sim_mortality_rates_manifest.json
sim-all-malignant-neoplasms,SIM,all_malignant_neoplasms,rj_total,2024,crude_rate_per_100k,140.96081582008583,24273,17219679,139.1930121967424,142.74546406817626,source_observed,source_year_observed,False,reports/quality/sim_mortality_rates_manifest.json
sim-all-malignant-neoplasms,SIM,all_malignant_neoplasms,volta_redonda,2024,crude_rate_per_100k,176.13559225146304,493,279898,160.92880031777491,192.39210634732655,source_observed,source_year_observed,False,reports/quality/sim_mortality_rates_manifest.json
sim-asthma,SIM,asthma,brazil_total,2010,crude_rate_per_100k,1.3797745671679422,2632,190755799,1.327560377098966,1.4335160265578692,source_observed,source_year_observed,False,reports/quality/sim_mortality_rates_manifest.json
sim-asthma,SIM,asthma,rest_of_rj_excluding_vr,2010,crude_rate_per_100k,1.4238380750319442,224,15732126,1.2434700367095324,1.6230155775657489,source_observed,source_year_observed,False,reports/quality/sim_mortality_rates_manifest.json
sim-asthma,SIM,asthma,rj_total,2010,crude_rate_per_100k,1.4071357039796737,225,15989929,1.22926652097464,1.6035101971467838,source_observed,source_year_observed,False,reports/quality/sim_mortality_rates_manifest.json
sim-asthma,SIM,asthma,volta_redonda,2010,crude_rate_per_100k,,,257803,,,source_observed,source_year_observed,True,reports/quality/sim_mortality_rates_manifest.json
sim-asthma,SIM,asthma,brazil_total,2011,crude_rate_per_100k,1.2709268435951735,2445,192379287,1.2210443312888852,1.322324107187031,source_observed,source_year_observed,False,reports/quality/sim_mortality_rates_manifest.json
sim-asthma,SIM,asthma,rest_of_rj_excluding_vr,2011,crude_rate_per_100k,1.135384080880725,180,15853666,0.9755718369653823,1.313908258832923,source_observed,source_year_observed,False,reports/quality/sim_mortality_rates_manifest.json
sim-asthma,SIM,asthma,rj_total,2011,crude_rate_per_100k,1.1233390253314812,181,16112678,0.9656428621436504,1.2994451026614995,source_observed,source_year_observed,False,reports/quality/sim_mortality_rates_manifest.json
sim-asthma,SIM,asthma,volta_redonda,2011,crude_rate_per_100k,,,259012,,,source_observed,source_year_observed,True,reports/quality/sim_mortality_rates_manifest.json
sim-asthma,SIM,asthma,brazil_total,2012,crude_rate_per_100k,1.2137343623037082,2354,193946886,1.1651937846226652,1.2637776426037208,source_observed,source_year_observed,False,reports/quality/sim_mortality_rates_manifest.json
sim-asthma,SIM,asthma,rest_of_rj_excluding_vr,2012,crude_rate_per_100k,1.2585165095764654,201,15971185,1.09053677231336,1.4450465019274752,source_observed,source_year_observed,False,reports/quality/sim_mortality_rates_manifest.json
sim-asthma,SIM,asthma,rj_total,2012,crude_rate_per_100k,1.2568259046605137,204,16231365,1.0902654298555727,1.4416362099520617,source_observed,source_year_observed,False,reports/quality/sim_mortality_rates_manifest.json
sim-asthma,SIM,asthma,volta_redonda,2012,crude_rate_per_100k,,,260180,,,source_observed,source_year_observed,True,reports/quality/sim_mortality_rates_manifest.json
sim-asthma,SIM,asthma,brazil_total,2013,crude_rate_per_100k,1.1873689373760332,2387,201032714,1.1402088581344076,1.2359786839879034,source_observed,source_year_observed,False,reports/quality/sim_mortality_rates_manifest.json
sim-asthma,SIM,asthma,rest_of_rj_excluding_vr,2013,crude_rate_per_100k,1.2106043728147429,195,16107657,1.0466432037914926,1.392965036636054,source_observed,source_year_observed,False,reports/quality/sim_mortality_rates_manifest.json
sim-asthma,SIM,asthma,rj_total,2013,crude_rate_per_100k,1.209590291608394,198,16369179,1.0469668570625366,1.3903160739907519,source_observed,source_year_observed,False,reports/quality/sim_mortality_rates_manifest.json
sim-asthma,SIM,asthma,volta_redonda,2013,crude_rate_per_100k,,,261522,,,source_observed,source_year_observed,True,reports/quality/sim_mortality_rates_manifest.json
sim-asthma,SIM,asthma,brazil_total,2014,crude_rate_per_100k,1.0499655267072419,2129,202768562,1.00583441372893,1.09553447555032,source_observed,source_year_observed,False,reports/quality/sim_mortality_rates_manifest.json
sim-asthma,SIM,asthma,rest_of_rj_excluding_vr,2014,crude_rate_per_100k,1.0494530682735892,170,16198914,0.8976226490236007,1.2196093755221669,source_observed,source_year_observed,False,reports/quality/sim_mortality_rates_manifest.json
sim-asthma,SIM,asthma,rj_total,2014,crude_rate_per_100k,1.0388081092398458,171,16461173,0.8889405016761484,1.206708332404352,source_observed,source_year_observed,False,reports/quality/sim_mortality_rates_manifest.json
sim-asthma,SIM,asthma,volta_redonda,2014,crude_rate_per_100k,,,262259,,,source_observed,source_year_observed,True,reports/quality/sim_mortality_rates_manifest.json
sim-asthma,SIM,asthma,brazil_total,2015,crude_rate_per_100k,1.0917092027696214,2232,204450049,1.0468836477895984,1.1379605271942879,source_observed,source_year_observed,False,reports/quality/sim_mortality_rates_manifest.json
sim-asthma,SIM,asthma,rest_of_rj_excluding_vr,2015,crude_rate_per_100k,1.0806128597596594,176,16287054,0.9268579326324708,1.2525867568427818,source_observed,source_year_observed,False,reports/quality/sim_mortality_rates_manifest.json
sim-asthma,SIM,asthma,rj_total,2015,crude_rate_per_100k,1.0815694285398014,179,16550024,0.9289236040392705,1.2521410669214654,source_observed,source_year_observed,False,reports/quality/sim_mortality_rates_manifest.json
sim-asthma,SIM,asthma,volta_redonda,2015,crude_rate_per_100k,,,262970,,,source_observed,source_year_observed,True,reports/quality/sim_mortality_rates_manifest.json
sim-asthma,SIM,asthma,brazil_total,2016,crude_rate_per_100k,1.0913161744722348,2249,206081432,1.0466746735812071,1.1373721202418112,source_observed,source_year_observed,False,reports/quality/sim_mortality_rates_manifest.json
sim-asthma,SIM,asthma,rest_of_rj_excluding_vr,2016,crude_rate_per_100k,1.1604940699669204,190,16372337,1.0013415737387856,1.3377540864393962,source_observed,source_year_observed,False,reports/quality/sim_mortality_rates_manifest.json
sim-asthma,SIM,asthma,rj_total,2016,crude_rate_per_100k,1.1661459884938659,194,16635996,1.007814592190485,1.3422935955208615,source_observed,source_year_observed,False,reports/quality/sim_mortality_rates_manifest.json
sim-asthma,SIM,asthma,volta_redonda,2016,crude_rate_per_100k,,,263659,,,source_observed,source_year_observed,True,reports/quality/sim_mortality_rates_manifest.json
sim-asthma,SIM,asthma,brazil_total,2017,crude_rate_per_100k,1.1928098424330944,2477,207660929,1.1462937327219296,1.2407291723106015,source_observed,source_year_observed,False,reports/quality/sim_mortality_rates_manifest.json
sim-asthma,SIM,asthma,rest_of_rj_excluding_vr,2017,crude_rate_per_100k,1.3857019263991714,228,16453755,1.2116591322332964,1.577725805112489,source_observed,source_year_observed,False,reports/quality/sim_mortality_rates_manifest.json
sim-asthma,SIM,asthma,rj_total,2017,crude_rate_per_100k,1.3756839840956576,230,16718956,1.2036269477066135,1.565435226946769,source_observed,source_year_observed,False,reports/quality/sim_mortality_rates_manifest.json
sim-asthma,SIM,asthma,volta_redonda,2017,crude_rate_per_100k,,,265201,,,source_observed,source_year_observed,True,reports/quality/sim_mortality_rates_manifest.json
sim-asthma,SIM,asthma,brazil_total,2018,crude_rate_per_100k,1.1065018856576347,2307,208494900,1.0618059257598742,1.1525957926631516,source_observed,source_year_observed,False,reports/quality/sim_mortality_rates_manifest.json
sim-asthma,SIM,asthma,rest_of_rj_excluding_vr,2018,crude_rate_per_100k,1.1783541436201717,199,16887962,1.0203143127203966,1.3539392200375184,source_observed,source_year_observed,False,reports/quality/sim_mortality_rates_manifest.json
sim-asthma,SIM,asthma,rj_total,2018,crude_rate_per_100k,1.1829864405278334,203,17159960,1.0258397223695292,1.3573963789896686,source_observed,source_year_observed,False,reports/quality/sim_mortality_rates_manifest.json
sim-asthma,SIM,asthma,volta_redonda,2018,crude_rate_per_100k,,,271998,,,source_observed,source_year_observed,True,reports/quality/sim_mortality_rates_manifest.json
sim-asthma,SIM,asthma,brazil_total,2019,crude_rate_per_100k,1.1839324473270811,2488,210147125,1.1378637000977636,1.231387792973519,source_observed,source_year_observed,False,reports/quality/sim_mortality_rates_manifest.json
sim-asthma,SIM,asthma,rest_of_rj_excluding_vr,2019,crude_rate_per_100k,1.3418133583522673,228,16991931,1.1732829250118342,1.5277553713288172,source_observed,source_year_observed,False,reports/quality/sim_mortality_rates_manifest.json
sim-asthma,SIM,asthma,rj_total,2019,crude_rate_per_100k,1.3495555704991322,233,17264943,1.181820086634416,1.5344233306850619,source_observed,source_year_observed,False,reports/quality/sim_mortality_rates_manifest.json
sim-asthma,SIM,asthma,volta_redonda,2019,crude_rate_per_100k,1.8314213294653716,5,273012,0.5946575205919229,4.273926449871314,source_observed,source_year_observed,False,reports/quality/sim_mortality_rates_manifest.json
sim-asthma,SIM,asthma,brazil_total,2020,crude_rate_per_100k,1.2915827547152783,2735,211755692,1.2436264209832875,1.3409147273469941,source_observed,respiratory_pandemic,False,reports/quality/sim_mortality_rates_manifest.json
sim-asthma,SIM,asthma,rest_of_rj_excluding_vr,2020,crude_rate_per_100k,1.4743566378607413,252,17092201,1.2979267127951237,1.6680778353005834,source_observed,respiratory_pandemic,False,reports/quality/sim_mortality_rates_manifest.json
sim-asthma,SIM,asthma,rj_total,2020,crude_rate_per_100k,1.502920416217974,261,17366189,1.326101774176688,1.6967514608277068,source_observed,respiratory_pandemic,False,reports/quality/sim_mortality_rates_manifest.json
sim-asthma,SIM,asthma,volta_redonda,2020,crude_rate_per_100k,3.2848153933748923,9,273988,1.5020267666388067,6.235602818889574,source_observed,respiratory_pandemic,False,reports/quality/sim_mortality_rates_manifest.json
sim-asthma,SIM,asthma,brazil_total,2021,crude_rate_per_100k,1.1663358040447842,2488,213317639,1.1209517709757102,1.2130858266881541,source_observed,respiratory_pandemic,False,reports/quality/sim_mortality_rates_manifest.json
sim-asthma,SIM,asthma,rest_of_rj_excluding_vr,2021,crude_rate_per_100k,1.3032026670973442,224,17188424,1.1381164029197202,1.4855047540267297,source_observed,respiratory_pandemic,False,reports/quality/sim_mortality_rates_manifest.json
sim-asthma,SIM,asthma,rj_total,2021,crude_rate_per_100k,1.2884126635732929,225,17463349,1.125550682888002,1.4682186219351785,source_observed,respiratory_pandemic,False,reports/quality/sim_mortality_rates_manifest.json
sim-asthma,SIM,asthma,volta_redonda,2021,crude_rate_per_100k,,,274925,,,source_observed,respiratory_pandemic,True,reports/quality/sim_mortality_rates_manifest.json
sim-asthma,SIM,asthma,brazil_total,2022,crude_rate_per_100k,1.3797466855992992,2802,203080756,1.3291273143350377,1.431800348112297,source_observed,source_year_observed,False,reports/quality/sim_mortality_rates_manifest.json
sim-asthma,SIM,asthma,rest_of_rj_excluding_vr,2022,crude_rate_per_100k,1.3359832656382382,211,15793611,1.1617896334880218,1.5289254518019595,source_observed,source_year_observed,False,reports/quality/sim_mortality_rates_manifest.json
sim-asthma,SIM,asthma,rj_total,2022,crude_rate_per_100k,1.3204466049386945,212,16055174,1.1486709767711871,1.5106643738967864,source_observed,source_year_observed,False,reports/quality/sim_mortality_rates_manifest.json
sim-asthma,SIM,asthma,volta_redonda,2022,crude_rate_per_100k,,,261563,,,source_observed,source_year_observed,True,reports/quality/sim_mortality_rates_manifest.json
sim-asthma,SIM,asthma,brazil_total,2024,crude_rate_per_100k,1.4220277890478459,3023,212583750,1.3717830644476787,1.4736423660563591,source_observed,source_year_observed,False,reports/quality/sim_mortality_rates_manifest.json
sim-asthma,SIM,asthma,rest_of_rj_excluding_vr,2024,crude_rate_per_100k,1.4876225377411905,252,16939781,1.3096051394267452,1.6830867910631473,source_observed,source_year_observed,False,reports/quality/sim_mortality_rates_manifest.json
sim-asthma,SIM,asthma,rj_total,2024,crude_rate_per_100k,1.4808638418869482,255,17219679,1.304667356209004,1.6742215177954556,source_observed,source_year_observed,False,reports/quality/sim_mortality_rates_manifest.json
sim-asthma,SIM,asthma,volta_redonda,2024,crude_rate_per_100k,,,279898,,,source_observed,source_year_observed,True,reports/quality/sim_mortality_rates_manifest.json
sim-bladder,SIM,bladder,brazil_total,2010,crude_rate_per_100k,1.6602378625459244,3167,190755799,1.6029138111959094,1.719088303038631,source_observed,source_year_observed,False,reports/quality/sim_mortality_rates_manifest.json
sim-bladder,SIM,bladder,rest_of_rj_excluding_vr,2010,crude_rate_per_100k,2.548924411106293,401,15732126,2.3055200411672527,2.811034990977573,source_observed,source_year_observed,False,reports/quality/sim_mortality_rates_manifest.json
sim-bladder,SIM,bladder,rj_total,2010,crude_rate_per_100k,2.5516060765498083,408,15989929,2.3099925159030956,2.811621652738303,source_observed,source_year_observed,False,reports/quality/sim_mortality_rates_manifest.json
sim-bladder,SIM,bladder,volta_redonda,2010,crude_rate_per_100k,2.7152515680577807,7,257803,1.091671955531885,5.5944559844929564,source_observed,source_year_observed,False,reports/quality/sim_mortality_rates_manifest.json
sim-bladder,SIM,bladder,brazil_total,2011,crude_rate_per_100k,1.703925641433529,3278,192379287,1.6460892220010552,1.7632754150207008,source_observed,source_year_observed,False,reports/quality/sim_mortality_rates_manifest.json
sim-bladder,SIM,bladder,rest_of_rj_excluding_vr,2011,crude_rate_per_100k,2.680767968746156,425,15853666,2.431927336920083,2.9481626907131466,source_observed,source_year_observed,False,reports/quality/sim_mortality_rates_manifest.json
sim-bladder,SIM,bladder,rj_total,2011,crude_rate_per_100k,2.693531143612502,434,16112678,2.446048820511718,2.9592662687306803,source_observed,source_year_observed,False,reports/quality/sim_mortality_rates_manifest.json
sim-bladder,SIM,bladder,volta_redonda,2011,crude_rate_per_100k,3.4747424829737614,9,259012,1.5888735260830902,6.596143596211436,source_observed,source_year_observed,False,reports/quality/sim_mortality_rates_manifest.json
sim-bladder,SIM,bladder,brazil_total,2012,crude_rate_per_100k,1.7025279797480222,3302,193946886,1.6449476029899168,1.7616094468234083,source_observed,source_year_observed,False,reports/quality/sim_mortality_rates_manifest.json
sim-bladder,SIM,bladder,rest_of_rj_excluding_vr,2012,crude_rate_per_100k,2.4982491906517894,399,15971185,2.2591018557337215,2.755823493664217,source_observed,source_year_observed,False,reports/quality/sim_mortality_rates_manifest.json
sim-bladder,SIM,bladder,rj_total,2012,crude_rate_per_100k,2.495169075428961,405,16231365,2.2580479888273386,2.7504195423539466,source_observed,source_year_observed,False,reports/quality/sim_mortality_rates_manifest.json
sim-bladder,SIM,bladder,volta_redonda,2012,crude_rate_per_100k,2.306095779844723,6,260180,0.8462965076065996,5.019399655053688,source_observed,source_year_observed,False,reports/quality/sim_mortality_rates_manifest.json
sim-bladder,SIM,bladder,brazil_total,2013,crude_rate_per_100k,1.8116454419453345,3642,201032714,1.7532808845645482,1.8714577767980405,source_observed,source_year_observed,False,reports/quality/sim_mortality_rates_manifest.json
sim-bladder,SIM,bladder,rest_of_rj_excluding_vr,2013,crude_rate_per_100k,2.712995440615603,437,16107657,2.464561196082856,2.9796871871798247,source_observed,source_year_observed,False,reports/quality/sim_mortality_rates_manifest.json
sim-bladder,SIM,bladder,rj_total,2013,crude_rate_per_100k,2.700196509550051,442,16369179,2.4543032449310087,2.9640539843204414,source_observed,source_year_observed,False,reports/quality/sim_mortality_rates_manifest.json
sim-bladder,SIM,bladder,volta_redonda,2013,crude_rate_per_100k,1.911885042176184,5,261522,0.6207838690888035,4.461701913920309,source_observed,source_year_observed,False,reports/quality/sim_mortality_rates_manifest.json
sim-bladder,SIM,bladder,brazil_total,2014,crude_rate_per_100k,1.8627147930358159,3777,202768562,1.8037785531225858,1.9230862726357016,source_observed,source_year_observed,False,reports/quality/sim_mortality_rates_manifest.json
sim-bladder,SIM,bladder,rest_of_rj_excluding_vr,2014,crude_rate_per_100k,2.8767360577381913,466,16198914,2.6214421642508356,3.150175579257299,source_observed,source_year_observed,False,reports/quality/sim_mortality_rates_manifest.json
sim-bladder,SIM,bladder,rj_total,2014,crude_rate_per_100k,2.879503179998169,474,16461173,2.626079368287863,3.1507812192442555,source_observed,source_year_observed,False,reports/quality/sim_mortality_rates_manifest.json
sim-bladder,SIM,bladder,volta_redonda,2014,crude_rate_per_100k,3.050419623349437,8,262259,1.3169546809636663,6.010542715480999,source_observed,source_year_observed,False,reports/quality/sim_mortality_rates_manifest.json
sim-bladder,SIM,bladder,brazil_total,2015,crude_rate_per_100k,1.9100019878205066,3905,204450049,1.8505604463625298,1.970866836627852,source_observed,source_year_observed,False,reports/quality/sim_mortality_rates_manifest.json
sim-bladder,SIM,bladder,rest_of_rj_excluding_vr,2015,crude_rate_per_100k,2.9594056727508855,482,16287054,2.701070523726515,3.235783650906229,source_observed,source_year_observed,False,reports/quality/sim_mortality_rates_manifest.json
sim-bladder,SIM,bladder,rj_total,2015,crude_rate_per_100k,2.9486362074157717,488,16550024,2.692792317760767,3.222234595891606,source_observed,source_year_observed,False,reports/quality/sim_mortality_rates_manifest.json
sim-bladder,SIM,bladder,volta_redonda,2015,crude_rate_per_100k,2.28162908316538,6,262970,0.8373176611365748,4.966145956770235,source_observed,source_year_observed,False,reports/quality/sim_mortality_rates_manifest.json
sim-bladder,SIM,bladder,brazil_total,2016,crude_rate_per_100k,1.9424360366439999,4003,206081432,1.882723898847688,2.0035601212954086,source_observed,source_year_observed,False,reports/quality/sim_mortality_rates_manifest.json
sim-bladder,SIM,bladder,rest_of_rj_excluding_vr,2016,crude_rate_per_100k,2.9073430384434427,476,16372337,2.6519947798588253,3.180641831049993,source_observed,source_year_observed,False,reports/quality/sim_mortality_rates_manifest.json
sim-bladder,SIM,bladder,rj_total,2016,crude_rate_per_100k,2.921376033031025,486,16635996,2.6673882631257384,3.193027090198566,source_observed,source_year_observed,False,reports/quality/sim_mortality_rates_manifest.json
sim-bladder,SIM,bladder,volta_redonda,2016,crude_rate_per_100k,3.792777792527469,10,263659,1.8187843753228352,6.97505339928384,source_observed,source_year_observed,False,reports/quality/sim_mortality_rates_manifest.json
sim-bladder,SIM,bladder,brazil_total,2017,crude_rate_per_100k,2.0971686975357793,4355,207660929,2.035340489615393,2.160397806427116,source_observed,source_year_observed,False,reports/quality/sim_mortality_rates_manifest.json
sim-bladder,SIM,bladder,rest_of_rj_excluding_vr,2017,crude_rate_per_100k,3.1664504546226686,521,16453755,2.9003564428377167,3.4503942821666698,source_observed,source_year_observed,False,reports/quality/sim_mortality_rates_manifest.json
sim-bladder,SIM,bladder,rj_total,2017,crude_rate_per_100k,3.182016867560391,532,16718956,2.917333252509043,3.4642645253965356,source_observed,source_year_observed,False,reports/quality/sim_mortality_rates_manifest.json
sim-bladder,SIM,bladder,volta_redonda,2017,crude_rate_per_100k,4.1477973310809535,11,265201,2.070565483251133,7.421555165064216,source_observed,source_year_observed,False,reports/quality/sim_mortality_rates_manifest.json
sim-bladder,SIM,bladder,brazil_total,2018,crude_rate_per_100k,2.122833700008969,4426,208494900,2.0607491439017194,2.186313496429536,source_observed,source_year_observed,False,reports/quality/sim_mortality_rates_manifest.json
sim-bladder,SIM,bladder,rest_of_rj_excluding_vr,2018,crude_rate_per_100k,3.019902579127073,510,16887962,2.7634619990759814,3.2937367287759822,source_observed,source_year_observed,False,reports/quality/sim_mortality_rates_manifest.json
sim-bladder,SIM,bladder,rj_total,2018,crude_rate_per_100k,3.0419651327858572,522,17159960,2.786571897964016,3.314473351254757,source_observed,source_year_observed,False,reports/quality/sim_mortality_rates_manifest.json
sim-bladder,SIM,bladder,volta_redonda,2018,crude_rate_per_100k,4.411797145567247,12,271998,2.2796399637946667,7.706521756842682,source_observed,source_year_observed,False,reports/quality/sim_mortality_rates_manifest.json
sim-bladder,SIM,bladder,brazil_total,2019,crude_rate_per_100k,2.1494464889776626,4517,210147125,2.087215421741427,2.2130617561632353,source_observed,source_year_observed,False,reports/quality/sim_mortality_rates_manifest.json
sim-bladder,SIM,bladder,rest_of_rj_excluding_vr,2019,crude_rate_per_100k,2.9778840321326636,506,16991931,2.7240362513872323,3.249019950004012,source_observed,source_year_observed,False,reports/quality/sim_mortality_rates_manifest.json
sim-bladder,SIM,bladder,rj_total,2019,crude_rate_per_100k,3.000299508663307,518,17264943,2.7474550686591397,3.270155805987862,source_observed,source_year_observed,False,reports/quality/sim_mortality_rates_manifest.json
sim-bladder,SIM,bladder,volta_redonda,2019,crude_rate_per_100k,4.395411190716891,12,273012,2.271173101813187,7.67789879132674,source_observed,source_year_observed,False,reports/quality/sim_mortality_rates_manifest.json
sim-bladder,SIM,bladder,brazil_total,2020,crude_rate_per_100k,2.1699534763863633,4595,211755692,2.1076603290163733,2.2336202504145186,source_observed,cancer_care_disruption,False,reports/quality/sim_mortality_rates_manifest.json
sim-bladder,SIM,bladder,rest_of_rj_excluding_vr,2020,crude_rate_per_100k,2.995518248351982,512,17092201,2.7416345864288494,3.266587149964613,source_observed,cancer_care_disruption,False,reports/quality/sim_mortality_rates_manifest.json
sim-bladder,SIM,bladder,rj_total,2020,crude_rate_per_100k,3.0000825166649974,521,17366189,2.7479693053624663,3.269107699574803,source_observed,cancer_care_disruption,False,reports/quality/sim_mortality_rates_manifest.json
sim-bladder,SIM,bladder,volta_redonda,2020,crude_rate_per_100k,3.2848153933748923,9,273988,1.5020267666388067,6.235602818889574,source_observed,cancer_care_disruption,False,reports/quality/sim_mortality_rates_manifest.json
sim-bladder,SIM,bladder,brazil_total,2021,crude_rate_per_100k,2.3106387371932238,4929,213317639,2.2465777974689294,2.376063012974072,source_observed,cancer_care_disruption,False,reports/quality/sim_mortality_rates_manifest.json
sim-bladder,SIM,bladder,rest_of_rj_excluding_vr,2021,crude_rate_per_100k,3.0136561676626084,518,17188424,2.7596861210464168,3.284713804564019,source_observed,cancer_care_disruption,False,reports/quality/sim_mortality_rates_manifest.json
sim-bladder,SIM,bladder,rj_total,2021,crude_rate_per_100k,3.00629621500435,525,17463349,2.754603992114516,3.274805391080591,source_observed,cancer_care_disruption,False,reports/quality/sim_mortality_rates_manifest.json
sim-bladder,SIM,bladder,volta_redonda,2021,crude_rate_per_100k,2.5461489497135585,7,274925,1.0236839325342786,5.246039960608303,source_observed,cancer_care_disruption,False,reports/quality/sim_mortality_rates_manifest.json
sim-bladder,SIM,bladder,brazil_total,2022,crude_rate_per_100k,2.520672121193009,5119,203080756,2.4520883863845686,2.5906877867762272,source_observed,cancer_care_disruption,False,reports/quality/sim_mortality_rates_manifest.json
sim-bladder,SIM,bladder,rest_of_rj_excluding_vr,2022,crude_rate_per_100k,3.184832145099686,503,15793611,2.9125528862266545,3.4757120667716803,source_observed,cancer_care_disruption,False,reports/quality/sim_mortality_rates_manifest.json
sim-bladder,SIM,bladder,rj_total,2022,crude_rate_per_100k,3.1952316430827845,513,16055174,2.924679599782664,3.4840786860873916,source_observed,cancer_care_disruption,False,reports/quality/sim_mortality_rates_manifest.json
sim-bladder,SIM,bladder,volta_redonda,2022,crude_rate_per_100k,3.823170708395301,10,261563,1.8333589598423452,7.03094705368029,source_observed,cancer_care_disruption,False,reports/quality/sim_mortality_rates_manifest.json
sim-bladder,SIM,bladder,brazil_total,2024,crude_rate_per_100k,2.579218778481422,5483,212583750,2.5113958411733823,2.648409419197131,source_observed,source_year_observed,False,reports/quality/sim_mortality_rates_manifest.json
sim-bladder,SIM,bladder,rest_of_rj_excluding_vr,2024,crude_rate_per_100k,3.500635574922722,593,16939781,3.224515448643417,3.794077697769151,source_observed,source_year_observed,False,reports/quality/sim_mortality_rates_manifest.json
sim-bladder,SIM,bladder,rj_total,2024,crude_rate_per_100k,3.490192819506101,601,17219679,3.2166972682165103,3.780727264612635,source_observed,source_year_observed,False,reports/quality/sim_mortality_rates_manifest.json
sim-bladder,SIM,bladder,volta_redonda,2024,crude_rate_per_100k,2.858184052762078,8,279898,1.2339610060623876,5.631762006228452,source_observed,source_year_observed,False,reports/quality/sim_mortality_rates_manifest.json
sim-breast,SIM,breast,brazil_total,2010,crude_rate_per_100k,6.737934085034028,12853,190755799,6.621945708777468,6.855444270436919,source_observed,source_year_observed,False,reports/quality/sim_mortality_rates_manifest.json
sim-breast,SIM,breast,rest_of_rj_excluding_vr,2010,crude_rate_per_100k,11.47333805996723,1805,15732126,10.950087235270335,12.015132435223913,source_observed,source_year_observed,False,reports/quality/sim_mortality_rates_manifest.json
sim-breast,SIM,breast,rj_total,2010,crude_rate_per_100k,11.413434043390687,1825,15989929,10.895742203582648,11.949369671900966,source_observed,source_year_observed,False,reports/quality/sim_mortality_rates_manifest.json
sim-breast,SIM,breast,volta_redonda,2010,crude_rate_per_100k,7.757861623022231,20,257803,4.738703422925235,11.981388076428356,source_observed,source_year_observed,False,reports/quality/sim_mortality_rates_manifest.json
sim-breast,SIM,breast,brazil_total,2011,crude_rate_per_100k,6.9368174755736565,13345,192379287,6.8196180067347125,7.055525827618851,source_observed,source_year_observed,False,reports/quality/sim_mortality_rates_manifest.json
sim-breast,SIM,breast,rest_of_rj_excluding_vr,2011,crude_rate_per_100k,11.133071681969332,1765,15853666,10.619684999703411,11.664861381363082,source_observed,source_year_observed,False,reports/quality/sim_mortality_rates_manifest.json
sim-breast,SIM,breast,rj_total,2011,crude_rate_per_100k,11.152708444865588,1797,16112678,10.642962428550373,11.680560363107185,source_observed,source_year_observed,False,reports/quality/sim_mortality_rates_manifest.json
sim-breast,SIM,breast,volta_redonda,2011,crude_rate_per_100k,12.354639939462263,32,259012,8.450564572793757,17.441065309491634,source_observed,source_year_observed,False,reports/quality/sim_mortality_rates_manifest.json
sim-breast,SIM,breast,brazil_total,2012,crude_rate_per_100k,7.087507452942555,13746,193946886,6.969514270684866,7.206997258561349,source_observed,source_year_observed,False,reports/quality/sim_mortality_rates_manifest.json
sim-breast,SIM,breast,rest_of_rj_excluding_vr,2012,crude_rate_per_100k,11.75241536554739,1877,15971185,11.226699233526327,12.296394707358639,source_observed,source_year_observed,False,reports/quality/sim_mortality_rates_manifest.json
sim-breast,SIM,breast,rj_total,2012,crude_rate_per_100k,11.73653602146215,1905,16231365,11.215359086955226,12.27568239527876,source_observed,source_year_observed,False,reports/quality/sim_mortality_rates_manifest.json
sim-breast,SIM,breast,volta_redonda,2012,crude_rate_per_100k,10.76178030594204,28,260180,7.151124858120351,15.55376890739803,source_observed,source_year_observed,False,reports/quality/sim_mortality_rates_manifest.json
sim-breast,SIM,breast,brazil_total,2013,crude_rate_per_100k,7.157044101787334,14388,201032714,7.040570980044205,7.274961001603174,source_observed,source_year_observed,False,reports/quality/sim_mortality_rates_manifest.json
sim-breast,SIM,breast,rest_of_rj_excluding_vr,2013,crude_rate_per_100k,11.739758302526555,1891,16107657,11.216533867596713,12.281090695017127,source_observed,source_year_observed,False,reports/quality/sim_mortality_rates_manifest.json
sim-breast,SIM,breast,rj_total,2013,crude_rate_per_100k,11.741578487228956,1922,16369179,11.222462668504459,12.27851185454802,source_observed,source_year_observed,False,reports/quality/sim_mortality_rates_manifest.json
sim-breast,SIM,breast,volta_redonda,2013,crude_rate_per_100k,11.853687261492341,31,261522,8.054005391187683,16.825362877023256,source_observed,source_year_observed,False,reports/quality/sim_mortality_rates_manifest.json
sim-breast,SIM,breast,brazil_total,2014,crude_rate_per_100k,7.292057434426151,14786,202768562,7.174988721920177,7.410557510732893,source_observed,source_year_observed,False,reports/quality/sim_mortality_rates_manifest.json
sim-breast,SIM,breast,rest_of_rj_excluding_vr,2014,crude_rate_per_100k,12.297120658829352,1992,16198914,11.762974958470304,12.849268755801713,source_observed,source_year_observed,False,reports/quality/sim_mortality_rates_manifest.json
sim-breast,SIM,breast,rj_total,2014,crude_rate_per_100k,12.240925965604031,2015,16461173,11.712231039649973,12.78733571591183,source_observed,source_year_observed,False,reports/quality/sim_mortality_rates_manifest.json
sim-breast,SIM,breast,volta_redonda,2014,crude_rate_per_100k,8.769956417129631,23,262259,5.559400072845804,13.159240634194836,source_observed,source_year_observed,False,reports/quality/sim_mortality_rates_manifest.json
sim-breast,SIM,breast,brazil_total,2015,crude_rate_per_100k,7.626801791571104,15593,204450049,7.507557032457986,7.747466039197305,source_observed,source_year_observed,False,reports/quality/sim_mortality_rates_manifest.json
sim-breast,SIM,breast,rest_of_rj_excluding_vr,2015,crude_rate_per_100k,12.384068966677459,2017,16287054,11.849453927408197,12.93658814703194,source_observed,source_year_observed,False,reports/quality/sim_mortality_rates_manifest.json
sim-breast,SIM,breast,rj_total,2015,crude_rate_per_100k,12.338350687588127,2042,16550024,11.80894422674859,12.885375999016249,source_observed,source_year_observed,False,reports/quality/sim_mortality_rates_manifest.json
sim-breast,SIM,breast,volta_redonda,2015,crude_rate_per_100k,9.506787846522416,25,262970,6.152291838547867,14.033894245552863,source_observed,source_year_observed,False,reports/quality/sim_mortality_rates_manifest.json
sim-breast,SIM,breast,brazil_total,2016,crude_rate_per_100k,7.887173454811786,16254,206081432,7.766381584497664,8.009373498614153,source_observed,source_year_observed,False,reports/quality/sim_mortality_rates_manifest.json
sim-breast,SIM,breast,rest_of_rj_excluding_vr,2016,crude_rate_per_100k,12.826513404897542,2100,16372337,12.283732245911999,13.387102799421314,source_observed,source_year_observed,False,reports/quality/sim_mortality_rates_manifest.json
sim-breast,SIM,breast,rj_total,2016,crude_rate_per_100k,12.857661182414326,2139,16635996,12.318491955172723,13.414355237820876,source_observed,source_year_observed,False,reports/quality/sim_mortality_rates_manifest.json
sim-breast,SIM,breast,volta_redonda,2016,crude_rate_per_100k,14.791833390857128,39,263659,10.51843953342631,20.220923187083635,source_observed,source_year_observed,False,reports/quality/sim_mortality_rates_manifest.json
sim-breast,SIM,breast,brazil_total,2017,crude_rate_per_100k,8.151268551822765,16927,207660929,8.028929553303895,8.275004938904097,source_observed,source_year_observed,False,reports/quality/sim_mortality_rates_manifest.json
sim-breast,SIM,breast,rest_of_rj_excluding_vr,2017,crude_rate_per_100k,13.686845343205851,2252,16453755,13.127338900459016,14.264067465902762,source_observed,source_year_observed,False,reports/quality/sim_mortality_rates_manifest.json
sim-breast,SIM,breast,rj_total,2017,crude_rate_per_100k,13.738896136816198,2297,16718956,13.182733793108373,14.312491940616107,source_observed,source_year_observed,False,reports/quality/sim_mortality_rates_manifest.json
sim-breast,SIM,breast,volta_redonda,2017,crude_rate_per_100k,16.968261808967537,45,265201,12.376766599007722,22.704869324383697,source_observed,source_year_observed,False,reports/quality/sim_mortality_rates_manifest.json
sim-breast,SIM,breast,brazil_total,2018,crude_rate_per_100k,8.51963285432881,17763,208494900,8.394799366949414,8.64585805491914,source_observed,source_year_observed,False,reports/quality/sim_mortality_rates_manifest.json
sim-breast,SIM,breast,rest_of_rj_excluding_vr,2018,crude_rate_per_100k,14.045507681743956,2372,16887962,13.485902981187973,14.62236945930232,source_observed,source_year_observed,False,reports/quality/sim_mortality_rates_manifest.json
sim-breast,SIM,breast,rj_total,2018,crude_rate_per_100k,13.974391548698248,2398,17159960,13.420616471559343,14.545149531808578,source_observed,source_year_observed,False,reports/quality/sim_mortality_rates_manifest.json
sim-breast,SIM,breast,volta_redonda,2018,crude_rate_per_100k,9.558893815395702,26,271998,6.244186801225136,14.005994192282662,source_observed,source_year_observed,False,reports/quality/sim_mortality_rates_manifest.json
sim-breast,SIM,breast,brazil_total,2019,crude_rate_per_100k,8.706281373109436,18296,210147125,8.58057819523433,8.833365270991655,source_observed,source_year_observed,False,reports/quality/sim_mortality_rates_manifest.json
sim-breast,SIM,breast,rest_of_rj_excluding_vr,2019,crude_rate_per_100k,13.306315803659983,2261,16991931,12.7634375575067,13.866348390210428,source_observed,source_year_observed,False,reports/quality/sim_mortality_rates_manifest.json
sim-breast,SIM,breast,rj_total,2019,crude_rate_per_100k,13.31600110119101,2299,17264943,12.777190026498433,13.871694268570298,source_observed,source_year_observed,False,reports/quality/sim_mortality_rates_manifest.json
sim-breast,SIM,breast,volta_redonda,2019,crude_rate_per_100k,13.918802103936825,38,273012,9.849772773796078,19.1046433560648,source_observed,source_year_observed,False,reports/quality/sim_mortality_rates_manifest.json
sim-breast,SIM,breast,brazil_total,2020,crude_rate_per_100k,8.515473576974735,18032,211755692,8.391631820699466,8.640685589749198,source_observed,cancer_care_disruption,False,reports/quality/sim_mortality_rates_manifest.json
sim-breast,SIM,breast,rest_of_rj_excluding_vr,2020,crude_rate_per_100k,12.871367473387425,2200,17092201,12.339079842721572,13.420710460008186,source_observed,cancer_care_disruption,False,reports/quality/sim_mortality_rates_manifest.json
sim-breast,SIM,breast,rj_total,2020,crude_rate_per_100k,12.869835748073456,2235,17366189,12.341751667301562,13.414705160889126,source_observed,cancer_care_disruption,False,reports/quality/sim_mortality_rates_manifest.json
sim-breast,SIM,breast,volta_redonda,2020,crude_rate_per_100k,12.774282085346805,35,273988,8.897755523059317,17.765934044222035,source_observed,cancer_care_disruption,False,reports/quality/sim_mortality_rates_manifest.json
sim-breast,SIM,breast,brazil_total,2021,crude_rate_per_100k,8.607351968676157,18361,213317639,8.483296533287776,8.732767596594364,source_observed,cancer_care_disruption,False,reports/quality/sim_mortality_rates_manifest.json
sim-breast,SIM,breast,rest_of_rj_excluding_vr,2021,crude_rate_per_100k,12.543325670811937,2156,17188424,12.019393473857926,13.084218972113902,source_observed,cancer_care_disruption,False,reports/quality/sim_mortality_rates_manifest.json
sim-breast,SIM,breast,rj_total,2021,crude_rate_per_100k,12.592086431989648,2199,17463349,12.071231152448021,13.129634617582523,source_observed,cancer_care_disruption,False,reports/quality/sim_mortality_rates_manifest.json
sim-breast,SIM,breast,volta_redonda,2021,crude_rate_per_100k,15.640629262526144,43,274925,11.319200950065358,21.06782497422338,source_observed,cancer_care_disruption,False,reports/quality/sim_mortality_rates_manifest.json
sim-breast,SIM,breast,brazil_total,2022,crude_rate_per_100k,9.534630647130346,19363,203080756,9.400800853051772,9.669889105068751,source_observed,cancer_care_disruption,False,reports/quality/sim_mortality_rates_manifest.json
sim-breast,SIM,breast,rest_of_rj_excluding_vr,2022,crude_rate_per_100k,14.936419543320396,2359,15793611,14.339697992466736,15.551594275308153,source_observed,cancer_care_disruption,False,reports/quality/sim_mortality_rates_manifest.json
sim-breast,SIM,breast,rj_total,2022,crude_rate_per_100k,14.917309522774401,2395,16055174,14.325802234473699,15.526968419569846,source_observed,cancer_care_disruption,False,reports/quality/sim_mortality_rates_manifest.json
sim-breast,SIM,breast,volta_redonda,2022,crude_rate_per_100k,13.763414550223082,36,261563,9.6397263440606,19.05436720378501,source_observed,cancer_care_disruption,False,reports/quality/sim_mortality_rates_manifest.json
sim-breast,SIM,breast,brazil_total,2024,crude_rate_per_100k,9.93914163241546,21129,212583750,9.805571469311433,10.074076453554493,source_observed,source_year_observed,False,reports/quality/sim_mortality_rates_manifest.json
sim-breast,SIM,breast,rest_of_rj_excluding_vr,2024,crude_rate_per_100k,14.527932799131229,2461,16939781,13.959565254579312,15.113502476151593,source_observed,source_year_observed,False,reports/quality/sim_mortality_rates_manifest.json
sim-breast,SIM,breast,rj_total,2024,crude_rate_per_100k,14.535694887227573,2503,17219679,13.971767894814727,15.116543438340967,source_observed,source_year_observed,False,reports/quality/sim_mortality_rates_manifest.json
sim-breast,SIM,breast,volta_redonda,2024,crude_rate_per_100k,15.005466277000906,42,279898,10.814620230397395,20.283031239412452,source_observed,source_year_observed,False,reports/quality/sim_mortality_rates_manifest.json
sim-cardiac-arrhythmia,SIM,cardiac_arrhythmia,brazil_total,2010,crude_rate_per_100k,4.006693395465267,7643,190755799,3.917364904773039,4.09754503635056,source_observed,source_year_observed,False,reports/quality/sim_mortality_rates_manifest.json
sim-cardiac-arrhythmia,SIM,cardiac_arrhythmia,rest_of_rj_excluding_vr,2010,crude_rate_per_100k,6.114876018663974,962,15732126,5.734521434794207,6.513827929307118,source_observed,source_year_observed,False,reports/quality/sim_mortality_rates_manifest.json
sim-cardiac-arrhythmia,SIM,cardiac_arrhythmia,rj_total,2010,crude_rate_per_100k,6.147619542275641,983,15989929,5.769269820047562,6.544264647541044,source_observed,source_year_observed,False,reports/quality/sim_mortality_rates_manifest.json
sim-cardiac-arrhythmia,SIM,cardiac_arrhythmia,volta_redonda,2010,crude_rate_per_100k,8.145754704173342,21,257803,5.042350548316422,12.451651351979383,source_observed,source_year_observed,False,reports/quality/sim_mortality_rates_manifest.json
sim-cardiac-arrhythmia,SIM,cardiac_arrhythmia,brazil_total,2011,crude_rate_per_100k,4.43966714566314,8541,192379287,4.346005281593615,4.53483899224271,source_observed,source_year_observed,False,reports/quality/sim_mortality_rates_manifest.json
sim-cardiac-arrhythmia,SIM,cardiac_arrhythmia,rest_of_rj_excluding_vr,2011,crude_rate_per_100k,6.231997066167535,988,15853666,5.8494107916680065,6.633035478533556,source_observed,source_year_observed,False,reports/quality/sim_mortality_rates_manifest.json
sim-cardiac-arrhythmia,SIM,cardiac_arrhythmia,rj_total,2011,crude_rate_per_100k,6.367656574530939,1026,16112678,5.983936298859965,6.769528785510788,source_observed,source_year_observed,False,reports/quality/sim_mortality_rates_manifest.json
sim-cardiac-arrhythmia,SIM,cardiac_arrhythmia,volta_redonda,2011,crude_rate_per_100k,14.671134928111439,38,259012,10.382168256758819,20.137278936597387,source_observed,source_year_observed,False,reports/quality/sim_mortality_rates_manifest.json
sim-cardiac-arrhythmia,SIM,cardiac_arrhythmia,brazil_total,2012,crude_rate_per_100k,4.477514529416059,8684,193946886,4.383831097835967,4.572695693826258,source_observed,source_year_observed,False,reports/quality/sim_mortality_rates_manifest.json
sim-cardiac-arrhythmia,SIM,cardiac_arrhythmia,rest_of_rj_excluding_vr,2012,crude_rate_per_100k,6.380240414220986,1019,15971185,5.994463992866976,6.784330234549762,source_observed,source_year_observed,False,reports/quality/sim_mortality_rates_manifest.json
sim-cardiac-arrhythmia,SIM,cardiac_arrhythmia,rj_total,2012,crude_rate_per_100k,6.4196695718443895,1042,16231365,6.035750706947852,6.821606201950696,source_observed,source_year_observed,False,reports/quality/sim_mortality_rates_manifest.json
sim-cardiac-arrhythmia,SIM,cardiac_arrhythmia,volta_redonda,2012,crude_rate_per_100k,8.840033822738105,23,260180,5.603823136691782,13.264391150293273,source_observed,source_year_observed,False,reports/quality/sim_mortality_rates_manifest.json
sim-cardiac-arrhythmia,SIM,cardiac_arrhythmia,brazil_total,2013,crude_rate_per_100k,4.4505194313797105,8947,201032714,4.358772546645759,4.5437111809220845,source_observed,source_year_observed,False,reports/quality/sim_mortality_rates_manifest.json
sim-cardiac-arrhythmia,SIM,cardiac_arrhythmia,rest_of_rj_excluding_vr,2013,crude_rate_per_100k,6.431723744800377,1036,16107657,6.0459889254623205,6.8356152471539,source_observed,source_year_observed,False,reports/quality/sim_mortality_rates_manifest.json
sim-cardiac-arrhythmia,SIM,cardiac_arrhythmia,rj_total,2013,crude_rate_per_100k,6.469475347541866,1059,16369179,6.085648368342516,6.871166917191242,source_observed,source_year_observed,False,reports/quality/sim_mortality_rates_manifest.json
sim-cardiac-arrhythmia,SIM,cardiac_arrhythmia,volta_redonda,2013,crude_rate_per_100k,8.794671194010446,23,261522,5.575067121330013,13.1963249343585,source_observed,source_year_observed,False,reports/quality/sim_mortality_rates_manifest.json
sim-cardiac-arrhythmia,SIM,cardiac_arrhythmia,brazil_total,2014,crude_rate_per_100k,4.540644717892708,9207,202768562,4.448364283850873,4.634357575192323,source_observed,source_year_observed,False,reports/quality/sim_mortality_rates_manifest.json
sim-cardiac-arrhythmia,SIM,cardiac_arrhythmia,rest_of_rj_excluding_vr,2014,crude_rate_per_100k,7.290612197830051,1181,16198914,6.880687199789265,7.718579781622948,source_observed,source_year_observed,False,reports/quality/sim_mortality_rates_manifest.json
sim-cardiac-arrhythmia,SIM,cardiac_arrhythmia,rj_total,2014,crude_rate_per_100k,7.320255974467919,1205,16461173,6.91272489610315,7.745540465388468,source_observed,source_year_observed,False,reports/quality/sim_mortality_rates_manifest.json
sim-cardiac-arrhythmia,SIM,cardiac_arrhythmia,volta_redonda,2014,crude_rate_per_100k,9.151258870048311,24,262259,5.863384232642718,13.616347806463539,source_observed,source_year_observed,False,reports/quality/sim_mortality_rates_manifest.json
sim-cardiac-arrhythmia,SIM,cardiac_arrhythmia,brazil_total,2015,crude_rate_per_100k,4.904376423015678,10027,204450049,4.808846021937106,5.001327258459586,source_observed,source_year_observed,False,reports/quality/sim_mortality_rates_manifest.json
sim-cardiac-arrhythmia,SIM,cardiac_arrhythmia,rest_of_rj_excluding_vr,2015,crude_rate_per_100k,8.417728583695983,1371,16287054,7.977993605897448,8.87539602545952,source_observed,source_year_observed,False,reports/quality/sim_mortality_rates_manifest.json
sim-cardiac-arrhythmia,SIM,cardiac_arrhythmia,rj_total,2015,crude_rate_per_100k,8.441075372458675,1397,16550024,8.004188891935716,8.895607897353525,source_observed,source_year_observed,False,reports/quality/sim_mortality_rates_manifest.json
sim-cardiac-arrhythmia,SIM,cardiac_arrhythmia,volta_redonda,2015,crude_rate_per_100k,9.887059360383315,26,262970,6.45855543050399,14.48683275017112,source_observed,source_year_observed,False,reports/quality/sim_mortality_rates_manifest.json
sim-cardiac-arrhythmia,SIM,cardiac_arrhythmia,brazil_total,2016,crude_rate_per_100k,5.005302952281504,10315,206081432,4.909170774740143,5.102844253159573,source_observed,source_year_observed,False,reports/quality/sim_mortality_rates_manifest.json
sim-cardiac-arrhythmia,SIM,cardiac_arrhythmia,rest_of_rj_excluding_vr,2016,crude_rate_per_100k,8.673166207121195,1420,16372337,8.22786976383496,9.13629891303398,source_observed,source_year_observed,False,reports/quality/sim_mortality_rates_manifest.json
sim-cardiac-arrhythmia,SIM,cardiac_arrhythmia,rj_total,2016,crude_rate_per_100k,8.655928986758592,1440,16635996,8.214574184334897,9.114836289135772,source_observed,source_year_observed,False,reports/quality/sim_mortality_rates_manifest.json
sim-cardiac-arrhythmia,SIM,cardiac_arrhythmia,volta_redonda,2016,crude_rate_per_100k,7.585555585054938,20,263659,4.633454418549697,11.715275375646042,source_observed,source_year_observed,False,reports/quality/sim_mortality_rates_manifest.json
sim-cardiac-arrhythmia,SIM,cardiac_arrhythmia,brazil_total,2017,crude_rate_per_100k,5.1800789160487675,10757,207660929,5.082645691984558,5.27891044927034,source_observed,source_year_observed,False,reports/quality/sim_mortality_rates_manifest.json
sim-cardiac-arrhythmia,SIM,cardiac_arrhythmia,rest_of_rj_excluding_vr,2017,crude_rate_per_100k,6.922431991967791,1139,16453755,6.526201574475595,7.336428685189428,source_observed,source_year_observed,False,reports/quality/sim_mortality_rates_manifest.json
sim-cardiac-arrhythmia,SIM,cardiac_arrhythmia,rj_total,2017,crude_rate_per_100k,6.992063380034017,1169,16718956,6.596941198893871,7.404667799264625,source_observed,source_year_observed,False,reports/quality/sim_mortality_rates_manifest.json
sim-cardiac-arrhythmia,SIM,cardiac_arrhythmia,volta_redonda,2017,crude_rate_per_100k,11.312174539311691,30,265201,7.632276658617771,16.14883254392241,source_observed,source_year_observed,False,reports/quality/sim_mortality_rates_manifest.json
sim-cardiac-arrhythmia,SIM,cardiac_arrhythmia,brazil_total,2018,crude_rate_per_100k,5.270632519068812,10989,208494900,5.1725432311793185,5.370114474973456,source_observed,source_year_observed,False,reports/quality/sim_mortality_rates_manifest.json
sim-cardiac-arrhythmia,SIM,cardiac_arrhythmia,rest_of_rj_excluding_vr,2018,crude_rate_per_100k,6.904326288749346,1166,16887962,6.513667811429213,7.312292267282466,source_observed,source_year_observed,False,reports/quality/sim_mortality_rates_manifest.json
sim-cardiac-arrhythmia,SIM,cardiac_arrhythmia,rj_total,2018,crude_rate_per_100k,6.911438022000051,1186,17159960,6.5236408528636645,7.316266951621068,source_observed,source_year_observed,False,reports/quality/sim_mortality_rates_manifest.json
sim-cardiac-arrhythmia,SIM,cardiac_arrhythmia,volta_redonda,2018,crude_rate_per_100k,7.352995242612078,20,271998,4.491400519637624,11.356104788518518,source_observed,source_year_observed,False,reports/quality/sim_mortality_rates_manifest.json
sim-cardiac-arrhythmia,SIM,cardiac_arrhythmia,brazil_total,2019,crude_rate_per_100k,5.514231993418896,11588,210147125,5.414284577120493,5.615561012065669,source_observed,source_year_observed,False,reports/quality/sim_mortality_rates_manifest.json
sim-cardiac-arrhythmia,SIM,cardiac_arrhythmia,rest_of_rj_excluding_vr,2019,crude_rate_per_100k,7.615379323279973,1294,16991931,7.2060535143880164,8.04189823384118,source_observed,source_year_observed,False,reports/quality/sim_mortality_rates_manifest.json
sim-cardiac-arrhythmia,SIM,cardiac_arrhythmia,rj_total,2019,crude_rate_per_100k,7.639758787503672,1319,17264943,7.232979488382532,8.063457821907576,source_observed,source_year_observed,False,reports/quality/sim_mortality_rates_manifest.json
sim-cardiac-arrhythmia,SIM,cardiac_arrhythmia,volta_redonda,2019,crude_rate_per_100k,9.157106647326858,25,273012,5.925996603749771,13.51769581466396,source_observed,source_year_observed,False,reports/quality/sim_mortality_rates_manifest.json
sim-cardiac-arrhythmia,SIM,cardiac_arrhythmia,brazil_total,2020,crude_rate_per_100k,5.965837272511192,12633,211755692,5.862253446264448,6.070792024811075,source_observed,cardiovascular_pandemic_context,False,reports/quality/sim_mortality_rates_manifest.json
sim-cardiac-arrhythmia,SIM,cardiac_arrhythmia,rest_of_rj_excluding_vr,2020,crude_rate_per_100k,7.202115163518146,1231,17092201,6.805357992513678,7.615968568862356,source_observed,cardiovascular_pandemic_context,False,reports/quality/sim_mortality_rates_manifest.json
sim-cardiac-arrhythmia,SIM,cardiac_arrhythmia,rj_total,2020,crude_rate_per_100k,7.272752818709966,1263,17366189,6.877141224116444,7.685188885093539,source_observed,cardiovascular_pandemic_context,False,reports/quality/sim_mortality_rates_manifest.json
sim-cardiac-arrhythmia,SIM,cardiac_arrhythmia,volta_redonda,2020,crude_rate_per_100k,11.679343620888506,32,273988,7.988662390792504,16.48774839752853,source_observed,cardiovascular_pandemic_context,False,reports/quality/sim_mortality_rates_manifest.json
sim-cardiac-arrhythmia,SIM,cardiac_arrhythmia,brazil_total,2021,crude_rate_per_100k,6.88831925427414,14694,213317639,6.777387998476032,7.000611101226896,source_observed,cardiovascular_pandemic_context,False,reports/quality/sim_mortality_rates_manifest.json
sim-cardiac-arrhythmia,SIM,cardiac_arrhythmia,rest_of_rj_excluding_vr,2021,crude_rate_per_100k,7.958844859773065,1368,17188424,7.5426320364941155,8.392049926587386,source_observed,cardiovascular_pandemic_context,False,reports/quality/sim_mortality_rates_manifest.json
sim-cardiac-arrhythmia,SIM,cardiac_arrhythmia,rj_total,2021,crude_rate_per_100k,7.925169450601943,1384,17463349,7.513088413554225,8.353974350132358,source_observed,cardiovascular_pandemic_context,False,reports/quality/sim_mortality_rates_manifest.json
sim-cardiac-arrhythmia,SIM,cardiac_arrhythmia,volta_redonda,2021,crude_rate_per_100k,5.8197690279167045,16,274925,3.3265008470097386,9.450940291919954,source_observed,cardiovascular_pandemic_context,False,reports/quality/sim_mortality_rates_manifest.json
sim-cardiac-arrhythmia,SIM,cardiac_arrhythmia,brazil_total,2022,crude_rate_per_100k,7.711218092963964,15660,203080756,7.590910673581788,7.832954563650323,source_observed,source_year_observed,False,reports/quality/sim_mortality_rates_manifest.json
sim-cardiac-arrhythmia,SIM,cardiac_arrhythmia,rest_of_rj_excluding_vr,2022,crude_rate_per_100k,10.953796443384606,1730,15793611,10.443653062195592,11.482414295175358,source_observed,source_year_observed,False,reports/quality/sim_mortality_rates_manifest.json
sim-cardiac-arrhythmia,SIM,cardiac_arrhythmia,rj_total,2022,crude_rate_per_100k,10.980883794843955,1763,16055174,10.47423128639142,11.505708426535179,source_observed,source_year_observed,False,reports/quality/sim_mortality_rates_manifest.json
sim-cardiac-arrhythmia,SIM,cardiac_arrhythmia,volta_redonda,2022,crude_rate_per_100k,12.616463337704491,33,261563,8.68459284100956,17.718205277187252,source_observed,source_year_observed,False,reports/quality/sim_mortality_rates_manifest.json
sim-cardiac-arrhythmia,SIM,cardiac_arrhythmia,brazil_total,2024,crude_rate_per_100k,7.743301169539064,16461,212583750,7.625457858220641,7.862509559661929,source_observed,source_year_observed,False,reports/quality/sim_mortality_rates_manifest.json
sim-cardiac-arrhythmia,SIM,cardiac_arrhythmia,rest_of_rj_excluding_vr,2024,crude_rate_per_100k,16.139523881684184,2734,16939781,15.540156479307464,16.756087474964275,source_observed,source_year_observed,False,reports/quality/sim_mortality_rates_manifest.json
sim-cardiac-arrhythmia,SIM,cardiac_arrhythmia,rj_total,2024,crude_rate_per_100k,16.057209893401613,2765,17219679,15.464220257820603,16.66711559516476,source_observed,source_year_observed,False,reports/quality/sim_mortality_rates_manifest.json
sim-cardiac-arrhythmia,SIM,cardiac_arrhythmia,volta_redonda,2024,crude_rate_per_100k,11.075463204453051,31,279898,7.525239901371876,15.720735947826979,source_observed,source_year_observed,False,reports/quality/sim_mortality_rates_manifest.json
sim-cardio-all,SIM,cardio_all,brazil_total,2010,crude_rate_per_100k,171.0936190202008,326371,190755799,170.50713189454856,171.68162432819153,source_observed,source_year_observed,False,reports/quality/sim_mortality_rates_manifest.json
sim-cardio-all,SIM,cardio_all,rest_of_rj_excluding_vr,2010,crude_rate_per_100k,232.06653697027346,36509,15732126,229.6921045208719,234.45939942052175,source_observed,source_year_observed,False,reports/quality/sim_mortality_rates_manifest.json
sim-cardio-all,SIM,cardio_all,rj_total,2010,crude_rate_per_100k,232.1461214743355,37120,15989929,229.7904548330885,234.51992070786142,source_observed,source_year_observed,False,reports/quality/sim_mortality_rates_manifest.json
sim-cardio-all,SIM,cardio_all,volta_redonda,2010,crude_rate_per_100k,237.00267258332914,611,257803,218.58038673113728,256.56292747393115,source_observed,source_year_observed,False,reports/quality/sim_mortality_rates_manifest.json
sim-cardio-all,SIM,cardio_all,brazil_total,2011,crude_rate_per_100k,174.2458895795783,335213,192379287,173.65652035859384,174.83676415913408,source_observed,source_year_observed,False,reports/quality/sim_mortality_rates_manifest.json
sim-cardio-all,SIM,cardio_all,rest_of_rj_excluding_vr,2011,crude_rate_per_100k,229.5935842220973,36399,15853666,227.24091634890465,231.96454085378662,source_observed,source_year_observed,False,reports/quality/sim_mortality_rates_manifest.json
sim-cardio-all,SIM,cardio_all,rj_total,2011,crude_rate_per_100k,229.75075899859726,37019,16112678,227.41622875097866,232.10328374443134,source_observed,source_year_observed,False,reports/quality/sim_mortality_rates_manifest.json
sim-cardio-all,SIM,cardio_all,volta_redonda,2011,crude_rate_per_100k,239.37114882708138,620,259012,220.89757899800608,258.97726578869566,source_observed,source_year_observed,False,reports/quality/sim_mortality_rates_manifest.json
sim-cardio-all,SIM,cardio_all,brazil_total,2012,crude_rate_per_100k,171.84859570263993,333295,193946886,171.265666407541,172.4330181915751,source_observed,source_year_observed,False,reports/quality/sim_mortality_rates_manifest.json
sim-cardio-all,SIM,cardio_all,rest_of_rj_excluding_vr,2012,crude_rate_per_100k,229.13766260925536,36596,15971185,226.79597883119564,231.49750048711377,source_observed,source_year_observed,False,reports/quality/sim_mortality_rates_manifest.json
sim-cardio-all,SIM,cardio_all,rj_total,2012,crude_rate_per_100k,228.97642927751303,37166,16231365,226.65436130688974,231.31636010493943,source_observed,source_year_observed,False,reports/quality/sim_mortality_rates_manifest.json
sim-cardio-all,SIM,cardio_all,volta_redonda,2012,crude_rate_per_100k,219.07909908524866,570,260180,201.46080973637777,237.8254929151243,source_observed,source_year_observed,False,reports/quality/sim_mortality_rates_manifest.json
sim-cardio-all,SIM,cardio_all,brazil_total,2013,crude_rate_per_100k,168.96354490841725,339672,201032714,168.395803115299,169.53272725660116,source_observed,source_year_observed,False,reports/quality/sim_mortality_rates_manifest.json
sim-cardio-all,SIM,cardio_all,rest_of_rj_excluding_vr,2013,crude_rate_per_100k,233.13136106635494,37552,16107657,230.779309397012,235.50141261818783,source_observed,source_year_observed,False,reports/quality/sim_mortality_rates_manifest.json
sim-cardio-all,SIM,cardio_all,rj_total,2013,crude_rate_per_100k,233.19434652159404,38172,16369179,230.86079644724146,235.5456086519623,source_observed,source_year_observed,False,reports/quality/sim_mortality_rates_manifest.json
sim-cardio-all,SIM,cardio_all,volta_redonda,2013,crude_rate_per_100k,237.07374522984682,620,261522,218.7774784967672,256.49168928985574,source_observed,source_year_observed,False,reports/quality/sim_mortality_rates_manifest.json
sim-cardio-all,SIM,cardio_all,brazil_total,2014,crude_rate_per_100k,167.81891465009255,340284,202768562,167.2555258690055,168.38373165328886,source_observed,source_year_observed,False,reports/quality/sim_mortality_rates_manifest.json
sim-cardio-all,SIM,cardio_all,rest_of_rj_excluding_vr,2014,crude_rate_per_100k,228.24986909616285,36974,16198914,225.92918223132162,230.58845468340738,source_observed,source_year_observed,False,reports/quality/sim_mortality_rates_manifest.json
sim-cardio-all,SIM,cardio_all,rj_total,2014,crude_rate_per_100k,228.1246907495596,37552,16461173,225.8231511487029,230.4438436719693,source_observed,source_year_observed,False,reports/quality/sim_mortality_rates_manifest.json
sim-cardio-all,SIM,cardio_all,volta_redonda,2014,crude_rate_per_100k,220.39281778699683,578,262259,202.78940101581236,239.1152889030908,source_observed,source_year_observed,False,reports/quality/sim_mortality_rates_manifest.json
sim-cardio-all,SIM,cardio_all,brazil_total,2015,crude_rate_per_100k,171.0158553202401,349642,204450049,170.44946283273794,171.5836642724602,source_observed,source_year_observed,False,reports/quality/sim_mortality_rates_manifest.json
sim-cardio-all,SIM,cardio_all,rest_of_rj_excluding_vr,2015,crude_rate_per_100k,231.72392011471197,37741,16287054,229.39191452363426,234.07372724725818,source_observed,source_year_observed,False,reports/quality/sim_mortality_rates_manifest.json
sim-cardio-all,SIM,cardio_all,rj_total,2015,crude_rate_per_100k,231.49815371868945,38313,16550024,229.1858333553985,233.82799253952956,source_observed,source_year_observed,False,reports/quality/sim_mortality_rates_manifest.json
sim-cardio-all,SIM,cardio_all,volta_redonda,2015,crude_rate_per_100k,217.51530592843292,572,262970,200.05274389820084,236.09397675881735,source_observed,source_year_observed,False,reports/quality/sim_mortality_rates_manifest.json
sim-cardio-all,SIM,cardio_all,brazil_total,2016,crude_rate_per_100k,175.70287458018052,362091,206081432,175.1310417696525,176.27611262846136,source_observed,source_year_observed,False,reports/quality/sim_mortality_rates_manifest.json
sim-cardio-all,SIM,cardio_all,rest_of_rj_excluding_vr,2016,crude_rate_per_100k,248.21135797534586,40638,16372337,245.803891233679,250.63653241386777,source_observed,source_year_observed,False,reports/quality/sim_mortality_rates_manifest.json
sim-cardio-all,SIM,cardio_all,rj_total,2016,crude_rate_per_100k,247.92023272907738,41244,16635996,245.53327845603638,250.3246138397297,source_observed,source_year_observed,False,reports/quality/sim_mortality_rates_manifest.json
sim-cardio-all,SIM,cardio_all,volta_redonda,2016,crude_rate_per_100k,229.84233422716463,606,263659,211.90456553563257,248.89285824682668,source_observed,source_year_observed,False,reports/quality/sim_mortality_rates_manifest.json
sim-cardio-all,SIM,cardio_all,brazil_total,2017,crude_rate_per_100k,172.82114730402654,358882,207660929,172.2561861899911,173.38750297088404,source_observed,source_year_observed,False,reports/quality/sim_mortality_rates_manifest.json
sim-cardio-all,SIM,cardio_all,rest_of_rj_excluding_vr,2017,crude_rate_per_100k,228.52534269533004,37601,16453755,226.221259930854,230.84704670213335,source_observed,source_year_observed,False,reports/quality/sim_mortality_rates_manifest.json
sim-cardio-all,SIM,cardio_all,rj_total,2017,crude_rate_per_100k,228.04653592006582,38127,16718956,225.76315645650007,230.3472569036924,source_observed,source_year_observed,False,reports/quality/sim_mortality_rates_manifest.json
sim-cardio-all,SIM,cardio_all,volta_redonda,2017,crude_rate_per_100k,198.34012692259833,526,265201,181.75020164148683,216.0374247556856,source_observed,source_year_observed,False,reports/quality/sim_mortality_rates_manifest.json
sim-cardio-all,SIM,cardio_all,brazil_total,2018,crude_rate_per_100k,171.5965234641231,357770,208494900,171.03469532056522,172.15974058356707,source_observed,source_year_observed,False,reports/quality/sim_mortality_rates_manifest.json
sim-cardio-all,SIM,cardio_all,rest_of_rj_excluding_vr,2018,crude_rate_per_100k,222.01021058668888,37493,16887962,219.768602460941,224.26898693737454,source_observed,source_year_observed,False,reports/quality/sim_mortality_rates_manifest.json
sim-cardio-all,SIM,cardio_all,rj_total,2018,crude_rate_per_100k,222.12755740689374,38117,17159960,219.90315236048346,224.36885830717574,source_observed,source_year_observed,False,reports/quality/sim_mortality_rates_manifest.json
sim-cardio-all,SIM,cardio_all,volta_redonda,2018,crude_rate_per_100k,229.41345156949683,624,271998,211.76407211627074,248.14126106199922,source_observed,source_year_observed,False,reports/quality/sim_mortality_rates_manifest.json
sim-cardio-all,SIM,cardio_all,brazil_total,2019,crude_rate_per_100k,173.2747949799456,364132,210147125,172.7124458603324,173.83852214815954,source_observed,source_year_observed,False,reports/quality/sim_mortality_rates_manifest.json
sim-cardio-all,SIM,cardio_all,rest_of_rj_excluding_vr,2019,crude_rate_per_100k,225.4422996421066,38307,16991931,223.19029229761958,227.7113698461375,source_observed,source_year_observed,False,reports/quality/sim_mortality_rates_manifest.json
sim-cardio-all,SIM,cardio_all,rj_total,2019,crude_rate_per_100k,225.53795862517472,38939,17264943,223.30330873207583,227.7894013254036,source_observed,source_year_observed,False,reports/quality/sim_mortality_rates_manifest.json
sim-cardio-all,SIM,cardio_all,volta_redonda,2019,crude_rate_per_100k,231.49165604442294,632,273012,213.79322253046888,250.2644240223392,source_observed,source_year_observed,False,reports/quality/sim_mortality_rates_manifest.json
sim-cardio-all,SIM,cardio_all,brazil_total,2020,crude_rate_per_100k,168.94044104372884,357741,211755692,168.387286840004,169.49496283475378,source_observed,cardiovascular_pandemic_context,False,reports/quality/sim_mortality_rates_manifest.json
sim-cardio-all,SIM,cardio_all,rest_of_rj_excluding_vr,2020,crude_rate_per_100k,213.64714819349481,36517,17092201,211.46141603881983,215.84984381819925,source_observed,cardiovascular_pandemic_context,False,reports/quality/sim_mortality_rates_manifest.json
sim-cardio-all,SIM,cardio_all,rj_total,2020,crude_rate_per_100k,213.47804057643273,37073,17366189,211.3104361334228,215.66234063325737,source_observed,cardiovascular_pandemic_context,False,reports/quality/sim_mortality_rates_manifest.json
sim-cardio-all,SIM,cardio_all,volta_redonda,2020,crude_rate_per_100k,202.9285954129378,556,273988,186.4092775559091,220.51935046653463,source_observed,cardiovascular_pandemic_context,False,reports/quality/sim_mortality_rates_manifest.json
sim-cardio-all,SIM,cardio_all,brazil_total,2021,crude_rate_per_100k,179.31334782868095,382507,213317639,178.74553991266404,179.88251329302807,source_observed,cardiovascular_pandemic_context,False,reports/quality/sim_mortality_rates_manifest.json
sim-cardio-all,SIM,cardio_all,rest_of_rj_excluding_vr,2021,crude_rate_per_100k,224.37775563367532,38567,17188424,222.14393152131555,226.62844744977883,source_observed,cardiovascular_pandemic_context,False,reports/quality/sim_mortality_rates_manifest.json
sim-cardio-all,SIM,cardio_all,rj_total,2021,crude_rate_per_100k,224.02919394212415,39123,17463349,221.8147061062839,226.2602837304512,source_observed,cardiovascular_pandemic_context,False,reports/quality/sim_mortality_rates_manifest.json
sim-cardio-all,SIM,cardio_all,volta_redonda,2021,crude_rate_per_100k,202.2369737201055,556,274925,185.77395703915042,219.76777592297856,source_observed,cardiovascular_pandemic_context,False,reports/quality/sim_mortality_rates_manifest.json
sim-cardio-all,SIM,cardio_all,brazil_total,2022,crude_rate_per_100k,197.04181128811635,400154,203080756,196.4317676470928,197.65328089129696,source_observed,source_year_observed,False,reports/quality/sim_mortality_rates_manifest.json
sim-cardio-all,SIM,cardio_all,rest_of_rj_excluding_vr,2022,crude_rate_per_100k,239.70452355702568,37858,15793611,237.29592458679085,242.13148019658735,source_observed,source_year_observed,False,reports/quality/sim_mortality_rates_manifest.json
sim-cardio-all,SIM,cardio_all,rj_total,2022,crude_rate_per_100k,239.85414296973673,38509,16055174,237.46444838354708,242.26189588522047,source_observed,source_year_observed,False,reports/quality/sim_mortality_rates_manifest.json
sim-cardio-all,SIM,cardio_all,volta_redonda,2022,crude_rate_per_100k,248.88841311653405,651,261563,230.1341893224935,268.7637800617311,source_observed,source_year_observed,False,reports/quality/sim_mortality_rates_manifest.json
sim-cardio-all,SIM,cardio_all,brazil_total,2024,crude_rate_per_100k,187.50492452974416,398605,212583750,186.92328119321826,188.0879300859763,source_observed,source_year_observed,False,reports/quality/sim_mortality_rates_manifest.json
sim-cardio-all,SIM,cardio_all,rest_of_rj_excluding_vr,2024,crude_rate_per_100k,222.90134683559367,37759,16939781,220.65866259498532,225.16114667805687,source_observed,source_year_observed,False,reports/quality/sim_mortality_rates_manifest.json
sim-cardio-all,SIM,cardio_all,rj_total,2024,crude_rate_per_100k,222.90775571368084,38384,17219679,220.6832956543869,225.14905292947955,source_observed,source_year_observed,False,reports/quality/sim_mortality_rates_manifest.json
sim-cardio-all,SIM,cardio_all,volta_redonda,2024,crude_rate_per_100k,223.29562912203733,625,279898,206.1303834159533,241.50885556205532,source_observed,source_year_observed,False,reports/quality/sim_mortality_rates_manifest.json
sim-cardiorespiratory-all,SIM,cardiorespiratory_all,brazil_total,2010,crude_rate_per_100k,233.53680587188862,445485,190755799,232.85151926613239,234.22361053048758,source_observed,source_year_observed,False,reports/quality/sim_mortality_rates_manifest.json
sim-cardiorespiratory-all,SIM,cardiorespiratory_all,rest_of_rj_excluding_vr,2010,crude_rate_per_100k,321.4632275383505,50573,15732126,318.6675631930033,324.27731698967193,source_observed,source_year_observed,False,reports/quality/sim_mortality_rates_manifest.json
sim-cardiorespiratory-all,SIM,cardiorespiratory_all,rj_total,2010,crude_rate_per_100k,321.4898577723516,51406,15989929,318.7166585060076,324.28118485827724,source_observed,source_year_observed,False,reports/quality/sim_mortality_rates_manifest.json
sim-cardiorespiratory-all,SIM,cardiorespiratory_all,volta_redonda,2010,crude_rate_per_100k,323.1149365988759,833,257803,301.542285438977,345.8233736704037,source_observed,source_year_observed,False,reports/quality/sim_mortality_rates_manifest.json
sim-cardiorespiratory-all,SIM,cardiorespiratory_all,brazil_total,2011,crude_rate_per_100k,240.1017319499682,461906,192379287,239.4098092351631,240.79515989309107,source_observed,source_year_observed,False,reports/quality/sim_mortality_rates_manifest.json
sim-cardiorespiratory-all,SIM,cardiorespiratory_all,rest_of_rj_excluding_vr,2011,crude_rate_per_100k,319.9260032348354,50720,15853666,317.1477337947567,322.7225564874776,source_observed,source_year_observed,False,reports/quality/sim_mortality_rates_manifest.json
sim-cardiorespiratory-all,SIM,cardiorespiratory_all,rj_total,2011,crude_rate_per_100k,320.0647341180653,51571,16112678,317.30823890998596,322.83921900215546,source_observed,source_year_observed,False,reports/quality/sim_mortality_rates_manifest.json
sim-cardiorespiratory-all,SIM,cardiorespiratory_all,volta_redonda,2011,crude_rate_per_100k,328.5562058900746,851,259012,306.84952222294515,351.39323595279785,source_observed,source_year_observed,False,reports/quality/sim_mortality_rates_manifest.json
sim-cardiorespiratory-all,SIM,cardiorespiratory_all,brazil_total,2012,crude_rate_per_100k,237.43562451422912,460499,193946886,236.75034119619875,238.12240089552307,source_observed,source_year_observed,False,reports/quality/sim_mortality_rates_manifest.json
sim-cardiorespiratory-all,SIM,cardiorespiratory_all,rest_of_rj_excluding_vr,2012,crude_rate_per_100k,319.105939853555,50965,15971185,316.34144638105573,321.88858253738226,source_observed,source_year_observed,False,reports/quality/sim_mortality_rates_manifest.json
sim-cardiorespiratory-all,SIM,cardiorespiratory_all,rj_total,2012,crude_rate_per_100k,318.8826078398213,51759,16231365,316.1412749649591,321.6417987983028,source_observed,source_year_observed,False,reports/quality/sim_mortality_rates_manifest.json
sim-cardiorespiratory-all,SIM,cardiorespiratory_all,volta_redonda,2012,crude_rate_per_100k,305.173341532785,794,260180,284.3128957434615,327.15951010181556,source_observed,source_year_observed,False,reports/quality/sim_mortality_rates_manifest.json
sim-cardiorespiratory-all,SIM,cardiorespiratory_all,brazil_total,2013,crude_rate_per_100k,237.5255203488921,477504,201032714,236.8522864740978,238.20019464783985,source_observed,source_year_observed,False,reports/quality/sim_mortality_rates_manifest.json
sim-cardiorespiratory-all,SIM,cardiorespiratory_all,rest_of_rj_excluding_vr,2013,crude_rate_per_100k,330.18458240077996,53185,16107657,327.38432092585407,333.00283875023376,source_observed,source_year_observed,False,reports/quality/sim_mortality_rates_manifest.json
sim-cardiorespiratory-all,SIM,cardiorespiratory_all,rj_total,2013,crude_rate_per_100k,330.04709643654087,54026,16369179,327.2698269471884,332.8420731029178,source_observed,source_year_observed,False,reports/quality/sim_mortality_rates_manifest.json
sim-cardiorespiratory-all,SIM,cardiorespiratory_all,volta_redonda,2013,crude_rate_per_100k,321.57906409403415,841,261522,300.20955968751326,344.0681415848934,source_observed,source_year_observed,False,reports/quality/sim_mortality_rates_manifest.json
sim-cardiorespiratory-all,SIM,cardiorespiratory_all,brazil_total,2014,crude_rate_per_100k,236.3921681310735,479329,202768562,235.72342243554954,237.0623419183288,source_observed,source_year_observed,False,reports/quality/sim_mortality_rates_manifest.json
sim-cardiorespiratory-all,SIM,cardiorespiratory_all,rest_of_rj_excluding_vr,2014,crude_rate_per_100k,324.20074580308284,52517,16198914,321.43383829999465,326.9855469722131,source_observed,source_year_observed,False,reports/quality/sim_mortality_rates_manifest.json
sim-cardiorespiratory-all,SIM,cardiorespiratory_all,rj_total,2014,crude_rate_per_100k,324.0048567620303,53335,16461173,321.2608635501225,326.7664583587968,source_observed,source_year_observed,False,reports/quality/sim_mortality_rates_manifest.json
sim-cardiorespiratory-all,SIM,cardiorespiratory_all,volta_redonda,2014,crude_rate_per_100k,311.90540648748,818,262259,290.89439833893465,334.03301954836667,source_observed,source_year_observed,False,reports/quality/sim_mortality_rates_manifest.json
sim-cardiorespiratory-all,SIM,cardiorespiratory_all,brazil_total,2015,crude_rate_per_100k,244.15890455472575,499183,204450049,243.48205283051036,244.83717261151662,source_observed,source_year_observed,False,reports/quality/sim_mortality_rates_manifest.json
sim-cardiorespiratory-all,SIM,cardiorespiratory_all,rest_of_rj_excluding_vr,2015,crude_rate_per_100k,333.7681572124707,54361,16287054,330.9682251567216,336.5858856512091,source_observed,source_year_observed,False,reports/quality/sim_mortality_rates_manifest.json
sim-cardiorespiratory-all,SIM,cardiorespiratory_all,rj_total,2015,crude_rate_per_100k,333.40737149384194,55179,16550024,330.6312317953056,336.20102461274473,source_observed,source_year_observed,False,reports/quality/sim_mortality_rates_manifest.json
sim-cardiorespiratory-all,SIM,cardiorespiratory_all,volta_redonda,2015,crude_rate_per_100k,311.0620983382135,818,262970,290.1078982924693,333.1298842975818,source_observed,source_year_observed,False,reports/quality/sim_mortality_rates_manifest.json
sim-cardiorespiratory-all,SIM,cardiorespiratory_all,brazil_total,2016,crude_rate_per_100k,252.39149153427854,520132,206081432,251.70604302042037,253.07834515504427,source_observed,source_year_observed,False,reports/quality/sim_mortality_rates_manifest.json
sim-cardiorespiratory-all,SIM,cardiorespiratory_all,rest_of_rj_excluding_vr,2016,crude_rate_per_100k,355.03789104756396,58128,16372337,352.1574559976756,357.93602893484865,source_observed,source_year_observed,False,reports/quality/sim_mortality_rates_manifest.json
sim-cardiorespiratory-all,SIM,cardiorespiratory_all,rj_total,2016,crude_rate_per_100k,354.4602920077644,58968,16635996,351.6050579986441,357.3329481127797,source_observed,source_year_observed,False,reports/quality/sim_mortality_rates_manifest.json
sim-cardiorespiratory-all,SIM,cardiorespiratory_all,volta_redonda,2016,crude_rate_per_100k,318.5933345723074,840,263659,297.40985540008677,340.8873200522348,source_observed,source_year_observed,False,reports/quality/sim_mortality_rates_manifest.json
sim-cardiorespiratory-all,SIM,cardiorespiratory_all,brazil_total,2017,crude_rate_per_100k,247.76061750161966,514502,207660929,247.08407658543936,248.43855284084412,source_observed,source_year_observed,False,reports/quality/sim_mortality_rates_manifest.json
sim-cardiorespiratory-all,SIM,cardiorespiratory_all,rest_of_rj_excluding_vr,2017,crude_rate_per_100k,326.62453038835207,53742,16453755,323.8688235846876,329.397853417705,source_observed,source_year_observed,False,reports/quality/sim_mortality_rates_manifest.json
sim-cardiorespiratory-all,SIM,cardiorespiratory_all,rj_total,2017,crude_rate_per_100k,326.0610291695247,54514,16718956,323.32958423808645,328.8098107134412,source_observed,source_year_observed,False,reports/quality/sim_mortality_rates_manifest.json
sim-cardiorespiratory-all,SIM,cardiorespiratory_all,volta_redonda,2017,crude_rate_per_100k,291.0999581449542,772,265201,270.9250238010049,312.37948575962724,source_observed,source_year_observed,False,reports/quality/sim_mortality_rates_manifest.json
sim-cardiorespiratory-all,SIM,cardiorespiratory_all,brazil_total,2018,crude_rate_per_100k,246.02999881531872,512960,208494900,245.3571752402101,246.70421123682067,source_observed,source_year_observed,False,reports/quality/sim_mortality_rates_manifest.json
sim-cardiorespiratory-all,SIM,cardiorespiratory_all,rest_of_rj_excluding_vr,2018,crude_rate_per_100k,317.59900928247,53636,16887962,314.91680919083717,320.2983726930697,source_observed,source_year_observed,False,reports/quality/sim_mortality_rates_manifest.json
sim-cardiorespiratory-all,SIM,cardiorespiratory_all,rj_total,2018,crude_rate_per_100k,317.7571509490698,54527,17159960,315.0955850873785,320.4356078764301,source_observed,source_year_observed,False,reports/quality/sim_mortality_rates_manifest.json
sim-cardiorespiratory-all,SIM,cardiorespiratory_all,volta_redonda,2018,crude_rate_per_100k,327.5759380583681,891,271998,306.41719787222956,349.81078089865224,source_observed,source_year_observed,False,reports/quality/sim_mortality_rates_manifest.json
sim-cardiorespiratory-all,SIM,cardiorespiratory_all,brazil_total,2019,crude_rate_per_100k,250.36602332770434,526137,210147125,249.68996439970405,251.0434601744663,source_observed,source_year_observed,False,reports/quality/sim_mortality_rates_manifest.json
sim-cardiorespiratory-all,SIM,cardiorespiratory_all,rest_of_rj_excluding_vr,2019,crude_rate_per_100k,325.16610384069946,55252,16991931,322.46037114319057,327.88889447306144,source_observed,source_year_observed,False,reports/quality/sim_mortality_rates_manifest.json
sim-cardiorespiratory-all,SIM,cardiorespiratory_all,rj_total,2019,crude_rate_per_100k,325.4687837660396,56192,17264943,322.78323374027235,328.171121785509,source_observed,source_year_observed,False,reports/quality/sim_mortality_rates_manifest.json
sim-cardiorespiratory-all,SIM,cardiorespiratory_all,volta_redonda,2019,crude_rate_per_100k,344.30720993948984,940,273012,322.6456456754711,367.0405655462241,source_observed,source_year_observed,False,reports/quality/sim_mortality_rates_manifest.json
sim-cardiorespiratory-all,SIM,cardiorespiratory_all,brazil_total,2020,crude_rate_per_100k,239.1973482346817,506514,211755692,238.53906368951294,239.8570002437175,source_observed,cardiorespiratory_pandemic_context,False,reports/quality/sim_mortality_rates_manifest.json
sim-cardiorespiratory-all,SIM,cardiorespiratory_all,rest_of_rj_excluding_vr,2020,crude_rate_per_100k,305.96410608557665,52296,17092201,303.34734007212637,308.59783064397226,source_observed,cardiorespiratory_pandemic_context,False,reports/quality/sim_mortality_rates_manifest.json
sim-cardiorespiratory-all,SIM,cardiorespiratory_all,rj_total,2020,crude_rate_per_100k,305.8356672267013,53112,17366189,303.24012825620304,308.4478969955218,source_observed,cardiorespiratory_pandemic_context,False,reports/quality/sim_mortality_rates_manifest.json
sim-cardiorespiratory-all,SIM,cardiorespiratory_all,volta_redonda,2020,crude_rate_per_100k,297.8232623326569,816,273988,277.7367321804728,318.97861243641836,source_observed,cardiorespiratory_pandemic_context,False,reports/quality/sim_mortality_rates_manifest.json
sim-cardiorespiratory-all,SIM,cardiorespiratory_all,brazil_total,2021,crude_rate_per_100k,246.10013614485953,524975,213317639,245.4348617545373,246.76676797480562,source_observed,cardiorespiratory_pandemic_context,False,reports/quality/sim_mortality_rates_manifest.json
sim-cardiorespiratory-all,SIM,cardiorespiratory_all,rest_of_rj_excluding_vr,2021,crude_rate_per_100k,319.453371641286,54909,17188424,316.7869026426902,322.13670364899826,source_observed,cardiorespiratory_pandemic_context,False,reports/quality/sim_mortality_rates_manifest.json
sim-cardiorespiratory-all,SIM,cardiorespiratory_all,rj_total,2021,crude_rate_per_100k,318.78765063906127,55671,17463349,316.14497427430524,321.44692437480387,source_observed,cardiorespiratory_pandemic_context,False,reports/quality/sim_mortality_rates_manifest.json
sim-cardiorespiratory-all,SIM,cardiorespiratory_all,volta_redonda,2021,crude_rate_per_100k,277.1664999545331,762,274925,257.8338690648592,297.56473805246264,source_observed,cardiorespiratory_pandemic_context,False,reports/quality/sim_mortality_rates_manifest.json
sim-cardiorespiratory-all,SIM,cardiorespiratory_all,brazil_total,2022,crude_rate_per_100k,283.74278850921746,576227,203080756,283.010639481418,284.4763633720818,source_observed,source_year_observed,False,reports/quality/sim_mortality_rates_manifest.json
sim-cardiorespiratory-all,SIM,cardiorespiratory_all,rest_of_rj_excluding_vr,2022,crude_rate_per_100k,344.7469992771127,54448,15793611,341.85727397047435,347.65507696150814,source_observed,source_year_observed,False,reports/quality/sim_mortality_rates_manifest.json
sim-cardiorespiratory-all,SIM,cardiorespiratory_all,rj_total,2022,crude_rate_per_100k,344.8421051058058,55365,16055174,341.97557059579395,347.72669278838725,source_observed,source_year_observed,False,reports/quality/sim_mortality_rates_manifest.json
sim-cardiorespiratory-all,SIM,cardiorespiratory_all,volta_redonda,2022,crude_rate_per_100k,350.5847539598491,917,261563,328.2578618932071,374.0305020982204,source_observed,source_year_observed,False,reports/quality/sim_mortality_rates_manifest.json
sim-cardiorespiratory-all,SIM,cardiorespiratory_all,brazil_total,2024,crude_rate_per_100k,278.7927111079751,592668,212583750,278.0833767417743,279.5034075625778,source_observed,source_year_observed,False,reports/quality/sim_mortality_rates_manifest.json
sim-cardiorespiratory-all,SIM,cardiorespiratory_all,rest_of_rj_excluding_vr,2024,crude_rate_per_100k,336.4860502033645,57000,16939781,333.7293019563928,339.25990851906846,source_observed,source_year_observed,False,reports/quality/sim_mortality_rates_manifest.json
sim-cardiorespiratory-all,SIM,cardiorespiratory_all,rj_total,2024,crude_rate_per_100k,336.301274837934,57910,17219679,333.5677302611064,339.0516511793471,source_observed,source_year_observed,False,reports/quality/sim_mortality_rates_manifest.json
sim-cardiorespiratory-all,SIM,cardiorespiratory_all,volta_redonda,2024,crude_rate_per_100k,325.11843600168635,910,279898,304.33518620537495,346.9472940298441,source_observed,source_year_observed,False,reports/quality/sim_mortality_rates_manifest.json
sim-cerebrovascular,SIM,cerebrovascular,brazil_total,2010,crude_rate_per_100k,52.28255210212509,99732,190755799,51.95856915836944,52.608053955219845,source_observed,source_year_observed,False,reports/quality/sim_mortality_rates_manifest.json
sim-cerebrovascular,SIM,cerebrovascular,rest_of_rj_excluding_vr,2010,crude_rate_per_100k,66.10041134936245,10399,15732126,64.8359957856146,67.38328533767056,source_observed,source_year_observed,False,reports/quality/sim_mortality_rates_manifest.json
sim-cerebrovascular,SIM,cerebrovascular,rj_total,2010,crude_rate_per_100k,66.16039383289319,10579,15989929,64.90559252439922,67.43335545172515,source_observed,source_year_observed,False,reports/quality/sim_mortality_rates_manifest.json
sim-cerebrovascular,SIM,cerebrovascular,volta_redonda,2010,crude_rate_per_100k,69.82075460720007,180,257803,59.993056955332655,80.79914776080462,source_observed,source_year_observed,False,reports/quality/sim_mortality_rates_manifest.json
sim-cerebrovascular,SIM,cerebrovascular,brazil_total,2011,crude_rate_per_100k,52.371022666281114,100751,192379287,52.04813431115619,52.69541710450495,source_observed,source_year_observed,False,reports/quality/sim_mortality_rates_manifest.json
sim-cerebrovascular,SIM,cerebrovascular,rest_of_rj_excluding_vr,2011,crude_rate_per_100k,63.22197023704171,10023,15853666,61.99025007148089,64.4720084414906,source_observed,source_year_observed,False,reports/quality/sim_mortality_rates_manifest.json
sim-cerebrovascular,SIM,cerebrovascular,rj_total,2011,crude_rate_per_100k,63.42210773404645,10219,16112678,62.19833792754189,64.66390053239357,source_observed,source_year_observed,False,reports/quality/sim_mortality_rates_manifest.json
sim-cerebrovascular,SIM,cerebrovascular,volta_redonda,2011,crude_rate_per_100k,75.67216962920638,196,259012,65.44854272582721,87.03997219319942,source_observed,source_year_observed,False,reports/quality/sim_mortality_rates_manifest.json
sim-cerebrovascular,SIM,cerebrovascular,brazil_total,2012,crude_rate_per_100k,51.660535555079754,100194,193946886,51.341144891255475,51.98142013332018,source_observed,source_year_observed,False,reports/quality/sim_mortality_rates_manifest.json
sim-cerebrovascular,SIM,cerebrovascular,rest_of_rj_excluding_vr,2012,crude_rate_per_100k,61.65478641691271,9847,15971185,60.44296420276224,62.88479242610609,source_observed,source_year_observed,False,reports/quality/sim_mortality_rates_manifest.json
sim-cerebrovascular,SIM,cerebrovascular,rj_total,2012,crude_rate_per_100k,61.713848465609644,10017,16231365,60.51115195559282,62.93443677724594,source_observed,source_year_observed,False,reports/quality/sim_mortality_rates_manifest.json
sim-cerebrovascular,SIM,cerebrovascular,volta_redonda,2012,crude_rate_per_100k,65.33938042893382,170,260180,55.886355968888815,75.93338222644817,source_observed,source_year_observed,False,reports/quality/sim_mortality_rates_manifest.json
sim-cerebrovascular,SIM,cerebrovascular,brazil_total,2013,crude_rate_per_100k,49.768019348333524,100050,201032714,49.460108136536846,50.07737181944427,source_observed,source_year_observed,False,reports/quality/sim_mortality_rates_manifest.json
sim-cerebrovascular,SIM,cerebrovascular,rest_of_rj_excluding_vr,2013,crude_rate_per_100k,60.896504066358006,9809,16107657,59.697281072359395,62.11375691164055,source_observed,source_year_observed,False,reports/quality/sim_mortality_rates_manifest.json
sim-cerebrovascular,SIM,cerebrovascular,rj_total,2013,crude_rate_per_100k,60.96823793056451,9980,16369179,59.777882345005864,62.17633479507446,source_observed,source_year_observed,False,reports/quality/sim_mortality_rates_manifest.json
sim-cerebrovascular,SIM,cerebrovascular,volta_redonda,2013,crude_rate_per_100k,65.38646844242548,171,261522,55.953240587017035,75.95473658143308,source_observed,source_year_observed,False,reports/quality/sim_mortality_rates_manifest.json
sim-cerebrovascular,SIM,cerebrovascular,brazil_total,2014,crude_rate_per_100k,48.96666377700109,99289,202768562,48.66255350151425,49.272202979401534,source_observed,source_year_observed,False,reports/quality/sim_mortality_rates_manifest.json
sim-cerebrovascular,SIM,cerebrovascular,rest_of_rj_excluding_vr,2014,crude_rate_per_100k,58.26316504921255,9438,16198914,57.09357831250342,59.45068125113151,source_observed,source_year_observed,False,reports/quality/sim_mortality_rates_manifest.json
sim-cerebrovascular,SIM,cerebrovascular,rj_total,2014,crude_rate_per_100k,58.422325067599985,9617,16461173,57.260454496250894,59.60183888104951,source_observed,source_year_observed,False,reports/quality/sim_mortality_rates_manifest.json
sim-cerebrovascular,SIM,cerebrovascular,volta_redonda,2014,crude_rate_per_100k,68.25313907244366,179,262259,58.62032548364945,79.01717275264475,source_observed,source_year_observed,False,reports/quality/sim_mortality_rates_manifest.json
sim-cerebrovascular,SIM,cerebrovascular,brazil_total,2015,crude_rate_per_100k,49.16604348673939,100520,204450049,48.862567543201706,49.4709365957333,source_observed,source_year_observed,False,reports/quality/sim_mortality_rates_manifest.json
sim-cerebrovascular,SIM,cerebrovascular,rest_of_rj_excluding_vr,2015,crude_rate_per_100k,55.59016381968157,9054,16287054,54.450936686303855,56.747224686031274,source_observed,source_year_observed,False,reports/quality/sim_mortality_rates_manifest.json
sim-cerebrovascular,SIM,cerebrovascular,rj_total,2015,crude_rate_per_100k,55.58300096724935,9199,16550024,54.45288788998519,56.730663919175136,source_observed,source_year_observed,False,reports/quality/sim_mortality_rates_manifest.json
sim-cerebrovascular,SIM,cerebrovascular,volta_redonda,2015,crude_rate_per_100k,55.13936950983002,145,262970,46.52996589200023,64.87995140441144,source_observed,source_year_observed,False,reports/quality/sim_mortality_rates_manifest.json
sim-cerebrovascular,SIM,cerebrovascular,brazil_total,2016,crude_rate_per_100k,49.96325918387446,102965,206081432,49.65854047083783,50.26938382589493,source_observed,source_year_observed,False,reports/quality/sim_mortality_rates_manifest.json
sim-cerebrovascular,SIM,cerebrovascular,rest_of_rj_excluding_vr,2016,crude_rate_per_100k,59.282923384731205,9706,16372337,58.10932876304821,60.47425670074679,source_observed,source_year_observed,False,reports/quality/sim_mortality_rates_manifest.json
sim-cerebrovascular,SIM,cerebrovascular,rj_total,2016,crude_rate_per_100k,59.34120205366724,9872,16635996,58.17632376887396,60.52353739404894,source_observed,source_year_observed,False,reports/quality/sim_mortality_rates_manifest.json
sim-cerebrovascular,SIM,cerebrovascular,volta_redonda,2016,crude_rate_per_100k,62.96011135595599,166,263659,53.746582904939075,73.29989497824582,source_observed,source_year_observed,False,reports/quality/sim_mortality_rates_manifest.json
sim-cerebrovascular,SIM,cerebrovascular,brazil_total,2017,crude_rate_per_100k,48.73088090634517,101195,207660929,48.43109431680067,49.032062743983126,source_observed,source_year_observed,False,reports/quality/sim_mortality_rates_manifest.json
sim-cerebrovascular,SIM,cerebrovascular,rest_of_rj_excluding_vr,2017,crude_rate_per_100k,57.135893903853564,9401,16453755,55.986692722476626,58.30274697334588,source_observed,source_year_observed,False,reports/quality/sim_mortality_rates_manifest.json
sim-cerebrovascular,SIM,cerebrovascular,rj_total,2017,crude_rate_per_100k,57.210510034238986,9565,16718956,56.06966621089361,58.368725227263965,source_observed,source_year_observed,False,reports/quality/sim_mortality_rates_manifest.json
sim-cerebrovascular,SIM,cerebrovascular,volta_redonda,2017,crude_rate_per_100k,61.83988748157058,164,265201,52.73749440093378,72.06215724173967,source_observed,source_year_observed,False,reports/quality/sim_mortality_rates_manifest.json
sim-cerebrovascular,SIM,cerebrovascular,brazil_total,2018,crude_rate_per_100k,47.91675959459919,99904,208494900,47.62008578485875,48.21482308100601,source_observed,source_year_observed,False,reports/quality/sim_mortality_rates_manifest.json
sim-cerebrovascular,SIM,cerebrovascular,rest_of_rj_excluding_vr,2018,crude_rate_per_100k,55.50107230227069,9373,16887962,54.38309529923665,56.63624743415362,source_observed,source_year_observed,False,reports/quality/sim_mortality_rates_manifest.json
sim-cerebrovascular,SIM,cerebrovascular,rj_total,2018,crude_rate_per_100k,55.74605069009485,9566,17159960,54.63446769768073,56.87455861200235,source_observed,source_year_observed,False,reports/quality/sim_mortality_rates_manifest.json
sim-cerebrovascular,SIM,cerebrovascular,volta_redonda,2018,crude_rate_per_100k,70.95640409120655,193,271998,61.29841938985869,81.70413285460087,source_observed,source_year_observed,False,reports/quality/sim_mortality_rates_manifest.json
sim-cerebrovascular,SIM,cerebrovascular,brazil_total,2019,crude_rate_per_100k,48.09677981556969,101074,210147125,47.800717354732384,48.39422101855943,source_observed,source_year_observed,False,reports/quality/sim_mortality_rates_manifest.json
sim-cerebrovascular,SIM,cerebrovascular,rest_of_rj_excluding_vr,2019,crude_rate_per_100k,55.36745647095672,9408,16991931,54.25423699775992,56.49776873174508,source_observed,source_year_observed,False,reports/quality/sim_mortality_rates_manifest.json
sim-cerebrovascular,SIM,cerebrovascular,rj_total,2019,crude_rate_per_100k,55.534501330238975,9588,17264943,54.42840150265955,56.65742310540617,source_observed,source_year_observed,False,reports/quality/sim_mortality_rates_manifest.json
sim-cerebrovascular,SIM,cerebrovascular,volta_redonda,2019,crude_rate_per_100k,65.93116786075338,180,273012,56.65095329969241,76.29797477832004,source_observed,source_year_observed,False,reports/quality/sim_mortality_rates_manifest.json
sim-cerebrovascular,SIM,cerebrovascular,brazil_total,2020,crude_rate_per_100k,46.6778479796425,98843,211755692,46.387300234983165,46.96976400939012,source_observed,cardiovascular_pandemic_context,False,reports/quality/sim_mortality_rates_manifest.json
sim-cerebrovascular,SIM,cerebrovascular,rest_of_rj_excluding_vr,2020,crude_rate_per_100k,52.842814099834186,9032,17092201,51.75857796809715,53.9440439599832,source_observed,cardiovascular_pandemic_context,False,reports/quality/sim_mortality_rates_manifest.json
sim-cerebrovascular,SIM,cerebrovascular,rj_total,2020,crude_rate_per_100k,52.99953835582465,9204,17366189,51.92224346443238,54.09355830820164,source_observed,cardiovascular_pandemic_context,False,reports/quality/sim_mortality_rates_manifest.json
sim-cerebrovascular,SIM,cerebrovascular,volta_redonda,2020,crude_rate_per_100k,62.776471962275714,172,273988,53.745115177436944,72.89114886444278,source_observed,cardiovascular_pandemic_context,False,reports/quality/sim_mortality_rates_manifest.json
sim-cerebrovascular,SIM,cerebrovascular,brazil_total,2021,crude_rate_per_100k,48.310116539401605,103054,213317639,48.015607168060505,48.60598414688222,source_observed,cardiovascular_pandemic_context,False,reports/quality/sim_mortality_rates_manifest.json
sim-cerebrovascular,SIM,cerebrovascular,rest_of_rj_excluding_vr,2021,crude_rate_per_100k,57.445638995174896,9874,17188424,56.31808459965445,58.59008937879349,source_observed,cardiovascular_pandemic_context,False,reports/quality/sim_mortality_rates_manifest.json
sim-cerebrovascular,SIM,cerebrovascular,rj_total,2021,crude_rate_per_100k,57.48610990938794,10039,17463349,56.36702698250863,58.62182236661426,source_observed,cardiovascular_pandemic_context,False,reports/quality/sim_mortality_rates_manifest.json
sim-cerebrovascular,SIM,cerebrovascular,volta_redonda,2021,crude_rate_per_100k,60.01636810039102,165,274925,51.20811749068285,69.9048033502699,source_observed,cardiovascular_pandemic_context,False,reports/quality/sim_mortality_rates_manifest.json
sim-cerebrovascular,SIM,cerebrovascular,brazil_total,2022,crude_rate_per_100k,52.84695709917487,107322,203080756,52.53125153717066,53.16408933304038,source_observed,source_year_observed,False,reports/quality/sim_mortality_rates_manifest.json
sim-cerebrovascular,SIM,cerebrovascular,rest_of_rj_excluding_vr,2022,crude_rate_per_100k,63.095133848744275,9965,15793611,61.86233005609975,64.34632551397739,source_observed,source_year_observed,False,reports/quality/sim_mortality_rates_manifest.json
sim-cerebrovascular,SIM,cerebrovascular,rj_total,2022,crude_rate_per_100k,63.18835286369366,10145,16055174,61.964676279164664,64.430117211298,source_observed,source_year_observed,False,reports/quality/sim_mortality_rates_manifest.json
sim-cerebrovascular,SIM,cerebrovascular,volta_redonda,2022,crude_rate_per_100k,68.8170727511154,180,261563,59.13064945063187,79.63765016527074,source_observed,source_year_observed,False,reports/quality/sim_mortality_rates_manifest.json
sim-cerebrovascular,SIM,cerebrovascular,brazil_total,2024,crude_rate_per_100k,49.9483144878195,106182,212583750,49.64833015461759,50.249661724819674,source_observed,source_year_observed,False,reports/quality/sim_mortality_rates_manifest.json
sim-cerebrovascular,SIM,cerebrovascular,rest_of_rj_excluding_vr,2024,crude_rate_per_100k,58.235699741336674,9865,16939781,57.092119136728186,59.396424360724154,source_observed,source_year_observed,False,reports/quality/sim_mortality_rates_manifest.json
sim-cerebrovascular,SIM,cerebrovascular,rj_total,2024,crude_rate_per_100k,58.32861344279414,10044,17219679,57.19341077562238,59.48068094521427,source_observed,source_year_observed,False,reports/quality/sim_mortality_rates_manifest.json
sim-cerebrovascular,SIM,cerebrovascular,volta_redonda,2024,crude_rate_per_100k,63.951868180551486,179,279898,54.926108586043576,74.03755907128976,source_observed,source_year_observed,False,reports/quality/sim_mortality_rates_manifest.json
sim-cervix,SIM,cervix,brazil_total,2010,crude_rate_per_100k,2.613813066831064,4986,190755799,2.5417593488796326,2.6873913290481304,source_observed,source_year_observed,False,reports/quality/sim_mortality_rates_manifest.json
sim-cervix,SIM,cervix,rest_of_rj_excluding_vr,2010,crude_rate_per_100k,3.2036356688218746,504,15732126,2.930014621965802,3.4959298024227974,source_observed,source_year_observed,False,reports/quality/sim_mortality_rates_manifest.json
sim-cervix,SIM,cervix,rj_total,2010,crude_rate_per_100k,3.2020154686115245,512,15989929,2.9306302373071054,3.4917706108146134,source_observed,source_year_observed,False,reports/quality/sim_mortality_rates_manifest.json
sim-cervix,SIM,cervix,volta_redonda,2010,crude_rate_per_100k,3.1031446492088923,8,257803,1.3397176048178268,6.114432035388772,source_observed,source_year_observed,False,reports/quality/sim_mortality_rates_manifest.json
sim-cervix,SIM,cervix,brazil_total,2011,crude_rate_per_100k,2.682201436789814,5160,192379287,2.609511265259159,2.7564031647774083,source_observed,source_year_observed,False,reports/quality/sim_mortality_rates_manifest.json
sim-cervix,SIM,cervix,rest_of_rj_excluding_vr,2011,crude_rate_per_100k,3.7341520882299397,592,15853666,3.439369298495624,4.047443794717731,source_observed,source_year_observed,False,reports/quality/sim_mortality_rates_manifest.json
sim-cervix,SIM,cervix,rj_total,2011,crude_rate_per_100k,3.6927443097913337,595,16112678,3.4019510940809243,4.001748287351125,source_observed,source_year_observed,False,reports/quality/sim_mortality_rates_manifest.json
sim-cervix,SIM,cervix,volta_redonda,2011,crude_rate_per_100k,,,259012,,,source_observed,source_year_observed,True,reports/quality/sim_mortality_rates_manifest.json
sim-cervix,SIM,cervix,brazil_total,2012,crude_rate_per_100k,2.7141451500283433,5264,193946886,2.6413145932460584,2.7884749763736156,source_observed,source_year_observed,False,reports/quality/sim_mortality_rates_manifest.json
sim-cervix,SIM,cervix,rest_of_rj_excluding_vr,2012,crude_rate_per_100k,3.168205740525828,506,15971185,2.898134109965573,3.456670422895459,source_observed,source_year_observed,False,reports/quality/sim_mortality_rates_manifest.json
sim-cervix,SIM,cervix,rj_total,2012,crude_rate_per_100k,3.14822567294864,511,16231365,2.8811442045904774,3.4334040635678207,source_observed,source_year_observed,False,reports/quality/sim_mortality_rates_manifest.json
sim-cervix,SIM,cervix,volta_redonda,2012,crude_rate_per_100k,1.9217464832039357,5,260180,0.6239858521479056,4.484715227658802,source_observed,source_year_observed,False,reports/quality/sim_mortality_rates_manifest.json
sim-cervix,SIM,cervix,brazil_total,2013,crude_rate_per_100k,2.701052924152434,5430,201032714,2.6296827499440556,2.7738694198666463,source_observed,source_year_observed,False,reports/quality/sim_mortality_rates_manifest.json
sim-cervix,SIM,cervix,rest_of_rj_excluding_vr,2013,crude_rate_per_100k,3.1724042795299154,511,16107657,2.903271605693039,3.459772861332502,source_observed,source_year_observed,False,reports/quality/sim_mortality_rates_manifest.json
sim-cervix,SIM,cervix,rj_total,2013,crude_rate_per_100k,3.1583746503108068,517,16369179,2.8919571185138278,3.442735223381581,source_observed,source_year_observed,False,reports/quality/sim_mortality_rates_manifest.json
sim-cervix,SIM,cervix,volta_redonda,2013,crude_rate_per_100k,2.2942620506114206,6,261522,0.8419537375405705,4.993642608468384,source_observed,source_year_observed,False,reports/quality/sim_mortality_rates_manifest.json
sim-cervix,SIM,cervix,brazil_total,2014,crude_rate_per_100k,2.686807040629898,5448,202768562,2.6159298868452145,2.759118123542771,source_observed,source_year_observed,False,reports/quality/sim_mortality_rates_manifest.json
sim-cervix,SIM,cervix,rest_of_rj_excluding_vr,2014,crude_rate_per_100k,3.123666191449624,506,16198914,2.8573913056807703,3.408075554206388,source_observed,source_year_observed,False,reports/quality/sim_mortality_rates_manifest.json
sim-cervix,SIM,cervix,rj_total,2014,crude_rate_per_100k,3.098199624048663,510,16461173,2.8351103064671768,3.3791334744840538,source_observed,source_year_observed,False,reports/quality/sim_mortality_rates_manifest.json
sim-cervix,SIM,cervix,volta_redonda,2014,crude_rate_per_100k,,,262259,,,source_observed,source_year_observed,True,reports/quality/sim_mortality_rates_manifest.json
sim-cervix,SIM,cervix,brazil_total,2015,crude_rate_per_100k,2.8011732097946327,5727,204450049,2.729089747825283,2.8746786480810784,source_observed,source_year_observed,False,reports/quality/sim_mortality_rates_manifest.json
sim-cervix,SIM,cervix,rest_of_rj_excluding_vr,2015,crude_rate_per_100k,3.297097191425779,537,16287054,3.0240931729061864,3.5881298164979576,source_observed,source_year_observed,False,reports/quality/sim_mortality_rates_manifest.json
sim-cervix,SIM,cervix,rj_total,2015,crude_rate_per_100k,3.2809620094810734,543,16550024,3.010766734716853,3.5688980295464625,source_observed,source_year_observed,False,reports/quality/sim_mortality_rates_manifest.json
sim-cervix,SIM,cervix,volta_redonda,2015,crude_rate_per_100k,2.28162908316538,6,262970,0.8373176611365748,4.966145956770235,source_observed,source_year_observed,False,reports/quality/sim_mortality_rates_manifest.json
sim-cervix,SIM,cervix,brazil_total,2016,crude_rate_per_100k,2.837227955597669,5847,206081432,2.764964974637167,2.9109015916449836,source_observed,source_year_observed,False,reports/quality/sim_mortality_rates_manifest.json
sim-cervix,SIM,cervix,rest_of_rj_excluding_vr,2016,crude_rate_per_100k,3.3165698946949353,543,16372337,3.043442223182039,3.60763084967935,source_observed,source_year_observed,False,reports/quality/sim_mortality_rates_manifest.json
sim-cervix,SIM,cervix,rj_total,2016,crude_rate_per_100k,3.3120950497944337,551,16635996,3.0412808167239334,3.6005565286418415,source_observed,source_year_observed,False,reports/quality/sim_mortality_rates_manifest.json
sim-cervix,SIM,cervix,volta_redonda,2016,crude_rate_per_100k,3.0342222340219753,8,263659,1.3099617979088527,5.97862740137576,source_observed,source_year_observed,False,reports/quality/sim_mortality_rates_manifest.json
sim-cervix,SIM,cervix,brazil_total,2017,crude_rate_per_100k,3.074723796501941,6385,207660929,2.9997631523183474,3.1510841013764272,source_observed,source_year_observed,False,reports/quality/sim_mortality_rates_manifest.json
sim-cervix,SIM,cervix,rest_of_rj_excluding_vr,2017,crude_rate_per_100k,3.2636926950717324,537,16453755,2.993454613135688,3.551776726972799,source_observed,source_year_observed,False,reports/quality/sim_mortality_rates_manifest.json
sim-cervix,SIM,cervix,rj_total,2017,crude_rate_per_100k,3.259772918835363,545,16718956,2.9918050583089237,3.5453018122280717,source_observed,source_year_observed,False,reports/quality/sim_mortality_rates_manifest.json
sim-cervix,SIM,cervix,volta_redonda,2017,crude_rate_per_100k,3.0165798771497845,8,265201,1.302345080428996,5.943864925167444,source_observed,source_year_observed,False,reports/quality/sim_mortality_rates_manifest.json
sim-cervix,SIM,cervix,brazil_total,2018,crude_rate_per_100k,3.1300525816219005,6526,208494900,3.0545669000109013,3.2069322616722036,source_observed,source_year_observed,False,reports/quality/sim_mortality_rates_manifest.json
sim-cervix,SIM,cervix,rest_of_rj_excluding_vr,2018,crude_rate_per_100k,3.274521816190728,553,16887962,3.007254046286045,3.559173095713101,source_observed,source_year_observed,False,reports/quality/sim_mortality_rates_manifest.json
sim-cervix,SIM,cervix,rj_total,2018,crude_rate_per_100k,3.2634108704216094,560,17159960,2.9986846248581456,3.545243580850632,source_observed,source_year_observed,False,reports/quality/sim_mortality_rates_manifest.json
sim-cervix,SIM,cervix,volta_redonda,2018,crude_rate_per_100k,2.573548334914227,7,271998,1.034699906440439,5.3024931660168,source_observed,source_year_observed,False,reports/quality/sim_mortality_rates_manifest.json
sim-cervix,SIM,cervix,brazil_total,2019,crude_rate_per_100k,3.138753385277101,6596,210147125,3.063458180247111,3.2154315982054036,source_observed,source_year_observed,False,reports/quality/sim_mortality_rates_manifest.json
sim-cervix,SIM,cervix,rest_of_rj_excluding_vr,2019,crude_rate_per_100k,3.2132898844751665,546,16991931,2.9493799510737118,3.4944785096921573,source_observed,source_year_observed,False,reports/quality/sim_mortality_rates_manifest.json
sim-cervix,SIM,cervix,rj_total,2019,crude_rate_per_100k,3.214606616424972,555,17264943,2.9526922673703164,3.4935244754085497,source_observed,source_year_observed,False,reports/quality/sim_mortality_rates_manifest.json
sim-cervix,SIM,cervix,volta_redonda,2019,crude_rate_per_100k,3.2965583930376687,9,273012,1.5073964138493303,6.257894690130532,source_observed,source_year_observed,False,reports/quality/sim_mortality_rates_manifest.json
sim-cervix,SIM,cervix,brazil_total,2020,crude_rate_per_100k,3.1295498776958492,6627,211755692,3.054650198721838,3.2058220454812165,source_observed,cancer_care_disruption,False,reports/quality/sim_mortality_rates_manifest.json
sim-cervix,SIM,cervix,rest_of_rj_excluding_vr,2020,crude_rate_per_100k,3.2119912467680436,549,17092201,2.9488943001839942,3.492264858370448,source_observed,cancer_care_disruption,False,reports/quality/sim_mortality_rates_manifest.json
sim-cervix,SIM,cervix,rj_total,2020,crude_rate_per_100k,3.201623568648251,556,17366189,2.94099673445846,3.479154568433229,source_observed,cancer_care_disruption,False,reports/quality/sim_mortality_rates_manifest.json
sim-cervix,SIM,cervix,volta_redonda,2020,crude_rate_per_100k,2.554856417069361,7,273988,1.0271847860197767,5.26398067130764,source_observed,cancer_care_disruption,False,reports/quality/sim_mortality_rates_manifest.json
sim-cervix,SIM,cervix,brazil_total,2021,crude_rate_per_100k,3.0967903221542783,6606,213317639,3.0225576758157304,3.1723854166457373,source_observed,cancer_care_disruption,False,reports/quality/sim_mortality_rates_manifest.json
sim-cervix,SIM,cervix,rest_of_rj_excluding_vr,2021,crude_rate_per_100k,3.1940101081984014,549,17188424,2.932386012033399,3.4727147122100455,source_observed,cancer_care_disruption,False,reports/quality/sim_mortality_rates_manifest.json
sim-cervix,SIM,cervix,rj_total,2021,crude_rate_per_100k,3.1838108486522256,556,17463349,2.924634051520612,3.4597977624810046,source_observed,cancer_care_disruption,False,reports/quality/sim_mortality_rates_manifest.json
sim-cervix,SIM,cervix,volta_redonda,2021,crude_rate_per_100k,2.5461489497135585,7,274925,1.0236839325342786,5.246039960608303,source_observed,cancer_care_disruption,False,reports/quality/sim_mortality_rates_manifest.json
sim-cervix,SIM,cervix,brazil_total,2022,crude_rate_per_100k,3.4385335851320153,6983,203080756,3.358351734471873,3.52014640021994,source_observed,cancer_care_disruption,False,reports/quality/sim_mortality_rates_manifest.json
sim-cervix,SIM,cervix,rest_of_rj_excluding_vr,2022,crude_rate_per_100k,3.3937773951758086,536,15793611,3.1125117859777545,3.6936351287878866,source_observed,cancer_care_disruption,False,reports/quality/sim_mortality_rates_manifest.json
sim-cervix,SIM,cervix,rj_total,2022,crude_rate_per_100k,3.3820872947250527,543,16055174,3.103564104503978,3.6788980326558063,source_observed,cancer_care_disruption,False,reports/quality/sim_mortality_rates_manifest.json
sim-cervix,SIM,cervix,volta_redonda,2022,crude_rate_per_100k,2.67621949587671,7,261563,1.0759790381360765,5.514034997955512,source_observed,cancer_care_disruption,False,reports/quality/sim_mortality_rates_manifest.json
sim-cervix,SIM,cervix,brazil_total,2024,crude_rate_per_100k,3.5247284893600757,7493,212583750,3.4453670611000295,3.6054567241613453,source_observed,source_year_observed,False,reports/quality/sim_mortality_rates_manifest.json
sim-cervix,SIM,cervix,rest_of_rj_excluding_vr,2024,crude_rate_per_100k,3.459312726652133,586,16939781,3.1848607338952193,3.7510881133126612,source_observed,source_year_observed,False,reports/quality/sim_mortality_rates_manifest.json
sim-cervix,SIM,cervix,rj_total,2024,crude_rate_per_100k,3.4553489644028788,595,17219679,3.18324996364181,3.7444880122991924,source_observed,source_year_observed,False,reports/quality/sim_mortality_rates_manifest.json
sim-cervix,SIM,cervix,volta_redonda,2024,crude_rate_per_100k,3.215457059357337,9,279898,1.4703117197616038,6.103939096177596,source_observed,source_year_observed,False,reports/quality/sim_mortality_rates_manifest.json
sim-colorectal,SIM,colorectal,brazil_total,2010,crude_rate_per_100k,6.995331240231391,13344,190755799,6.877138755229452,7.115045450437045,source_observed,source_year_observed,False,reports/quality/sim_mortality_rates_manifest.json
sim-colorectal,SIM,colorectal,rest_of_rj_excluding_vr,2010,crude_rate_per_100k,11.403417440211197,1794,15732126,10.881781973257372,11.94359690347876,source_observed,source_year_observed,False,reports/quality/sim_mortality_rates_manifest.json
sim-colorectal,SIM,colorectal,rj_total,2010,crude_rate_per_100k,11.394672234004291,1822,15989929,10.877410980754814,11.930177393216551,source_observed,source_year_observed,False,reports/quality/sim_mortality_rates_manifest.json
sim-colorectal,SIM,colorectal,volta_redonda,2010,crude_rate_per_100k,10.861006272231123,28,257803,7.217059792111624,15.697178055828749,source_observed,source_year_observed,False,reports/quality/sim_mortality_rates_manifest.json
sim-colorectal,SIM,colorectal,brazil_total,2011,crude_rate_per_100k,7.28612743013233,14017,192379287,7.166001076320123,7.407762560408365,source_observed,source_year_observed,False,reports/quality/sim_mortality_rates_manifest.json
sim-colorectal,SIM,colorectal,rest_of_rj_excluding_vr,2011,crude_rate_per_100k,11.347533119469023,1799,15853666,10.829167468763707,11.88430039986843,source_observed,source_year_observed,False,reports/quality/sim_mortality_rates_manifest.json
sim-colorectal,SIM,colorectal,rj_total,2011,crude_rate_per_100k,11.3264846476793,1825,16112678,10.812736668453878,11.858337431459237,source_observed,source_year_observed,False,reports/quality/sim_mortality_rates_manifest.json
sim-colorectal,SIM,colorectal,volta_redonda,2011,crude_rate_per_100k,10.03814495081309,26,259012,6.557249554304952,14.708208146002887,source_observed,source_year_observed,False,reports/quality/sim_mortality_rates_manifest.json
sim-colorectal,SIM,colorectal,brazil_total,2012,crude_rate_per_100k,7.535568268933176,14615,193946886,7.413887324171936,7.658745707274113,source_observed,source_year_observed,False,reports/quality/sim_mortality_rates_manifest.json
sim-colorectal,SIM,colorectal,rest_of_rj_excluding_vr,2012,crude_rate_per_100k,11.933992374391755,1906,15971185,11.404184589875591,12.48206229431624,source_observed,source_year_observed,False,reports/quality/sim_mortality_rates_manifest.json
sim-colorectal,SIM,colorectal,rj_total,2012,crude_rate_per_100k,11.952167916869591,1940,16231365,11.426171261619485,12.496132766193162,source_observed,source_year_observed,False,reports/quality/sim_mortality_rates_manifest.json
sim-colorectal,SIM,colorectal,volta_redonda,2012,crude_rate_per_100k,13.067876085786763,34,260180,9.049884074322499,18.261047004075287,source_observed,source_year_observed,False,reports/quality/sim_mortality_rates_manifest.json
sim-colorectal,SIM,colorectal,brazil_total,2013,crude_rate_per_100k,7.667906229430897,15415,201032714,7.54733131370299,7.789924785838507,source_observed,source_year_observed,False,reports/quality/sim_mortality_rates_manifest.json
sim-colorectal,SIM,colorectal,rest_of_rj_excluding_vr,2013,crude_rate_per_100k,12.627534842590702,2034,16107657,12.084667395000634,13.188505272722953,source_observed,source_year_observed,False,reports/quality/sim_mortality_rates_manifest.json
sim-colorectal,SIM,colorectal,rj_total,2013,crude_rate_per_100k,12.609062433735987,2064,16369179,12.07090018404935,13.165037481805108,source_observed,source_year_observed,False,reports/quality/sim_mortality_rates_manifest.json
sim-colorectal,SIM,colorectal,volta_redonda,2013,crude_rate_per_100k,11.471310253057103,30,261522,7.73964485642543,16.376008670325124,source_observed,source_year_observed,False,reports/quality/sim_mortality_rates_manifest.json
sim-colorectal,SIM,colorectal,brazil_total,2014,crude_rate_per_100k,8.051544006116687,16326,202768562,7.928505974509693,8.17601320985909,source_observed,source_year_observed,False,reports/quality/sim_mortality_rates_manifest.json
sim-colorectal,SIM,colorectal,rest_of_rj_excluding_vr,2014,crude_rate_per_100k,13.52559807404373,2191,16198914,12.965119562616891,14.104072719811072,source_observed,source_year_observed,False,reports/quality/sim_mortality_rates_manifest.json
sim-colorectal,SIM,colorectal,rj_total,2014,crude_rate_per_100k,13.51058032134162,2224,16461173,12.95484975495632,14.084019366792175,source_observed,source_year_observed,False,reports/quality/sim_mortality_rates_manifest.json
sim-colorectal,SIM,colorectal,volta_redonda,2014,crude_rate_per_100k,12.582980946316427,33,262259,8.661545103401536,17.671183551058036,source_observed,source_year_observed,False,reports/quality/sim_mortality_rates_manifest.json
sim-colorectal,SIM,colorectal,brazil_total,2015,crude_rate_per_100k,8.166786988639949,16697,204450049,8.043376924992982,8.291616412014871,source_observed,source_year_observed,False,reports/quality/sim_mortality_rates_manifest.json
sim-colorectal,SIM,colorectal,rest_of_rj_excluding_vr,2015,crude_rate_per_100k,13.139269999350404,2140,16287054,12.588419252712642,13.708021004635919,source_observed,source_year_observed,False,reports/quality/sim_mortality_rates_manifest.json
sim-colorectal,SIM,colorectal,rj_total,2015,crude_rate_per_100k,13.129890325234573,2173,16550024,12.583584234291607,13.693811280810046,source_observed,source_year_observed,False,reports/quality/sim_mortality_rates_manifest.json
sim-colorectal,SIM,colorectal,volta_redonda,2015,crude_rate_per_100k,12.548959957409592,33,262970,8.638126620044048,17.623405433764038,source_observed,source_year_observed,False,reports/quality/sim_mortality_rates_manifest.json
sim-colorectal,SIM,colorectal,brazil_total,2016,crude_rate_per_100k,8.588352588699015,17699,206081432,8.462285704259472,8.715827491460898,source_observed,source_year_observed,False,reports/quality/sim_mortality_rates_manifest.json
sim-colorectal,SIM,colorectal,rest_of_rj_excluding_vr,2016,crude_rate_per_100k,13.278495305832028,2174,16372337,12.726131826704375,13.848664792242424,source_observed,source_year_observed,False,reports/quality/sim_mortality_rates_manifest.json
sim-colorectal,SIM,colorectal,rj_total,2016,crude_rate_per_100k,13.266413384566814,2207,16635996,12.718650483556535,13.83169914843742,source_observed,source_year_observed,False,reports/quality/sim_mortality_rates_manifest.json
sim-colorectal,SIM,colorectal,volta_redonda,2016,crude_rate_per_100k,12.516166715340649,33,263659,8.615553261117517,17.577351529501854,source_observed,source_year_observed,False,reports/quality/sim_mortality_rates_manifest.json
sim-colorectal,SIM,colorectal,brazil_total,2017,crude_rate_per_100k,9.085483769553973,18867,207660929,8.956298774444791,9.216065962087638,source_observed,source_year_observed,False,reports/quality/sim_mortality_rates_manifest.json
sim-colorectal,SIM,colorectal,rest_of_rj_excluding_vr,2017,crude_rate_per_100k,14.100124865114376,2320,16453755,13.532147079341494,14.68581648899455,source_observed,source_year_observed,False,reports/quality/sim_mortality_rates_manifest.json
sim-colorectal,SIM,colorectal,rj_total,2017,crude_rate_per_100k,14.085807750196844,2355,16718956,13.52259593388207,14.666451520228952,source_observed,source_year_observed,False,reports/quality/sim_mortality_rates_manifest.json
sim-colorectal,SIM,colorectal,volta_redonda,2017,crude_rate_per_100k,13.197536962530307,35,265201,9.192568053106799,18.354579118888342,source_observed,source_year_observed,False,reports/quality/sim_mortality_rates_manifest.json
sim-colorectal,SIM,colorectal,brazil_total,2018,crude_rate_per_100k,9.403587329953874,19606,208494900,9.272414540458852,9.536151663163393,source_observed,source_year_observed,False,reports/quality/sim_mortality_rates_manifest.json
sim-colorectal,SIM,colorectal,rest_of_rj_excluding_vr,2018,crude_rate_per_100k,14.282362785989216,2412,16887962,13.718011954456014,14.863969708281422,source_observed,source_year_observed,False,reports/quality/sim_mortality_rates_manifest.json
sim-colorectal,SIM,colorectal,rj_total,2018,crude_rate_per_100k,14.294905116328941,2453,17159960,13.734752012875594,14.872039818614335,source_observed,source_year_observed,False,reports/quality/sim_mortality_rates_manifest.json
sim-colorectal,SIM,colorectal,volta_redonda,2018,crude_rate_per_100k,15.07364024735476,41,271998,10.81710448917098,20.449095054277937,source_observed,source_year_observed,False,reports/quality/sim_mortality_rates_manifest.json
sim-colorectal,SIM,colorectal,brazil_total,2019,crude_rate_per_100k,9.792187259283228,20578,210147125,9.658847747129311,9.926907295065488,source_observed,source_year_observed,False,reports/quality/sim_mortality_rates_manifest.json
sim-colorectal,SIM,colorectal,rest_of_rj_excluding_vr,2019,crude_rate_per_100k,14.977697355291754,2545,16991931,14.401390196260136,15.571151928103907,source_observed,source_year_observed,False,reports/quality/sim_mortality_rates_manifest.json
sim-colorectal,SIM,colorectal,rj_total,2019,crude_rate_per_100k,14.984121291335859,2587,17264943,14.412220889984198,15.572897041097082,source_observed,source_year_observed,False,reports/quality/sim_mortality_rates_manifest.json
sim-colorectal,SIM,colorectal,volta_redonda,2019,crude_rate_per_100k,15.38393916750912,42,273012,11.087390199873155,20.794616639008787,source_observed,source_year_observed,False,reports/quality/sim_mortality_rates_manifest.json
sim-colorectal,SIM,colorectal,brazil_total,2020,crude_rate_per_100k,9.560545838833933,20245,211755692,9.429297904674264,9.693163836075348,source_observed,cancer_care_disruption,False,reports/quality/sim_mortality_rates_manifest.json
sim-colorectal,SIM,colorectal,rest_of_rj_excluding_vr,2020,crude_rate_per_100k,13.602695170738981,2325,17092201,13.055338214230057,14.167104172008832,source_observed,cancer_care_disruption,False,reports/quality/sim_mortality_rates_manifest.json
sim-colorectal,SIM,colorectal,rj_total,2020,crude_rate_per_100k,13.647208377151719,2370,17366189,13.10324575995538,14.207952897646363,source_observed,cancer_care_disruption,False,reports/quality/sim_mortality_rates_manifest.json
sim-colorectal,SIM,colorectal,volta_redonda,2020,crude_rate_per_100k,16.42407696687446,45,273988,11.979834441009995,21.97670719044586,source_observed,cancer_care_disruption,False,reports/quality/sim_mortality_rates_manifest.json
sim-colorectal,SIM,colorectal,brazil_total,2021,crude_rate_per_100k,9.967295765916479,21262,213317639,9.833765446953242,10.102186038121616,source_observed,cancer_care_disruption,False,reports/quality/sim_mortality_rates_manifest.json
sim-colorectal,SIM,colorectal,rest_of_rj_excluding_vr,2021,crude_rate_per_100k,13.986157195098283,2404,17188424,13.43260101183007,14.556668016145892,source_observed,cancer_care_disruption,False,reports/quality/sim_mortality_rates_manifest.json
sim-colorectal,SIM,colorectal,rj_total,2021,crude_rate_per_100k,14.040834893696506,2452,17463349,13.490526592222512,14.60782979736723,source_observed,cancer_care_disruption,False,reports/quality/sim_mortality_rates_manifest.json
sim-colorectal,SIM,colorectal,volta_redonda,2021,crude_rate_per_100k,17.459307083750115,48,274925,12.873114785298988,23.14850820482941,source_observed,cancer_care_disruption,False,reports/quality/sim_mortality_rates_manifest.json
sim-colorectal,SIM,colorectal,brazil_total,2022,crude_rate_per_100k,10.995625799226392,22330,203080756,10.851873357747108,11.14080666643427,source_observed,cancer_care_disruption,False,reports/quality/sim_mortality_rates_manifest.json
sim-colorectal,SIM,colorectal,rest_of_rj_excluding_vr,2022,crude_rate_per_100k,16.03179918765886,2532,15793611,15.413366517408503,16.668680623286285,source_observed,cancer_care_disruption,False,reports/quality/sim_mortality_rates_manifest.json
sim-colorectal,SIM,colorectal,rj_total,2022,crude_rate_per_100k,16.03844343262801,2575,16055174,15.424891721850468,16.670142339272633,source_observed,cancer_care_disruption,False,reports/quality/sim_mortality_rates_manifest.json
sim-colorectal,SIM,colorectal,volta_redonda,2022,crude_rate_per_100k,16.43963404609979,43,261563,11.897444673737182,22.144079174188867,source_observed,cancer_care_disruption,False,reports/quality/sim_mortality_rates_manifest.json
sim-colorectal,SIM,colorectal,brazil_total,2024,crude_rate_per_100k,12.315146383484157,26180,212583750,12.166415089265321,12.465242014018278,source_observed,source_year_observed,False,reports/quality/sim_mortality_rates_manifest.json
sim-colorectal,SIM,colorectal,rest_of_rj_excluding_vr,2024,crude_rate_per_100k,17.125368976139654,2901,16939781,16.507798034551442,17.76013289435533,source_observed,source_year_observed,False,reports/quality/sim_mortality_rates_manifest.json
sim-colorectal,SIM,colorectal,rj_total,2024,crude_rate_per_100k,17.282552131198262,2976,17219679,16.667145202261878,17.91487123996602,source_observed,source_year_observed,False,reports/quality/sim_mortality_rates_manifest.json
sim-colorectal,SIM,colorectal,volta_redonda,2024,crude_rate_per_100k,26.795475494644474,75,279898,21.076341274839926,33.58836056307397,source_observed,source_year_observed,False,reports/quality/sim_mortality_rates_manifest.json
sim-copd,SIM,copd,brazil_total,2010,crude_rate_per_100k,19.706871401587115,37592,190755799,19.508155216817265,19.907107517420524,source_observed,source_year_observed,False,reports/quality/sim_mortality_rates_manifest.json
sim-copd,SIM,copd,rest_of_rj_excluding_vr,2010,crude_rate_per_100k,21.974143863327814,3457,15732126,21.247678215380272,22.719112624730673,source_observed,source_year_observed,False,reports/quality/sim_mortality_rates_manifest.json
sim-copd,SIM,copd,rj_total,2010,crude_rate_per_100k,22.22023624995458,3553,15989929,21.49554481477071,22.963131064932686,source_observed,source_year_observed,False,reports/quality/sim_mortality_rates_manifest.json
sim-copd,SIM,copd,volta_redonda,2010,crude_rate_per_100k,37.237735790506704,96,257803,30.162685544774284,45.473648871164606,source_observed,source_year_observed,False,reports/quality/sim_mortality_rates_manifest.json
sim-copd,SIM,copd,brazil_total,2011,crude_rate_per_100k,20.82136836280093,40056,192379287,20.617958166436647,21.026285581563126,source_observed,source_year_observed,False,reports/quality/sim_mortality_rates_manifest.json
sim-copd,SIM,copd,rest_of_rj_excluding_vr,2011,crude_rate_per_100k,21.88137431430686,3469,15853666,21.15921748408399,22.621892225241375,source_observed,source_year_observed,False,reports/quality/sim_mortality_rates_manifest.json
sim-copd,SIM,copd,rj_total,2011,crude_rate_per_100k,22.044752585510615,3552,16112678,21.32568401298456,22.781885875818006,source_observed,source_year_observed,False,reports/quality/sim_mortality_rates_manifest.json
sim-copd,SIM,copd,volta_redonda,2011,crude_rate_per_100k,32.04484734298025,83,259012,25.523542035814206,39.72440960158837,source_observed,source_year_observed,False,reports/quality/sim_mortality_rates_manifest.json
sim-copd,SIM,copd,brazil_total,2012,crude_rate_per_100k,19.955979081819336,38704,193946886,19.757655608613078,20.155797440389005,source_observed,source_year_observed,False,reports/quality/sim_mortality_rates_manifest.json
sim-copd,SIM,copd,rest_of_rj_excluding_vr,2012,crude_rate_per_100k,20.242705848063245,3233,15971185,19.550882611822622,20.95275877763277,source_observed,source_year_observed,False,reports/quality/sim_mortality_rates_manifest.json
sim-copd,SIM,copd,rj_total,2012,crude_rate_per_100k,20.423420950733348,3315,16231365,19.734034448963712,21.130743618812843,source_observed,source_year_observed,False,reports/quality/sim_mortality_rates_manifest.json
sim-copd,SIM,copd,volta_redonda,2012,crude_rate_per_100k,31.516642324544545,82,260180,25.066120942387716,39.120463193200145,source_observed,source_year_observed,False,reports/quality/sim_mortality_rates_manifest.json
sim-copd,SIM,copd,brazil_total,2013,crude_rate_per_100k,20.285255662419203,40780,201032714,20.08884570327483,20.483107752690888,source_observed,source_year_observed,False,reports/quality/sim_mortality_rates_manifest.json
sim-copd,SIM,copd,rest_of_rj_excluding_vr,2013,crude_rate_per_100k,20.667189523591173,3329,16107657,19.971030648916283,21.381422094342188,source_observed,source_year_observed,False,reports/quality/sim_mortality_rates_manifest.json
sim-copd,SIM,copd,rj_total,2013,crude_rate_per_100k,20.78906950678467,3403,16369179,20.09639649574999,21.499526330927146,source_observed,source_year_observed,False,reports/quality/sim_mortality_rates_manifest.json
sim-copd,SIM,copd,volta_redonda,2013,crude_rate_per_100k,28.295898624207524,74,261522,22.218366425517154,35.52290954562012,source_observed,source_year_observed,False,reports/quality/sim_mortality_rates_manifest.json
sim-copd,SIM,copd,brazil_total,2014,crude_rate_per_100k,19.630262012707867,39804,202768562,19.437883461417755,19.82407037854573,source_observed,source_year_observed,False,reports/quality/sim_mortality_rates_manifest.json
sim-copd,SIM,copd,rest_of_rj_excluding_vr,2014,crude_rate_per_100k,18.921021495638534,3065,16198914,18.25703774914061,19.60298151952462,source_observed,source_year_observed,False,reports/quality/sim_mortality_rates_manifest.json
sim-copd,SIM,copd,rj_total,2014,crude_rate_per_100k,19.038740434840214,3134,16461173,18.377956568125228,19.717212997123355,source_observed,source_year_observed,False,reports/quality/sim_mortality_rates_manifest.json
sim-copd,SIM,copd,volta_redonda,2014,crude_rate_per_100k,26.309869251388893,69,262259,20.470648693407977,33.29682340550573,source_observed,source_year_observed,False,reports/quality/sim_mortality_rates_manifest.json
sim-copd,SIM,copd,brazil_total,2015,crude_rate_per_100k,20.848613247336516,42625,204450049,20.65115537958509,21.04748908946211,source_observed,source_year_observed,False,reports/quality/sim_mortality_rates_manifest.json
sim-copd,SIM,copd,rest_of_rj_excluding_vr,2015,crude_rate_per_100k,20.40270757375766,3323,16287054,19.714842683538578,21.108447177365807,source_observed,source_year_observed,False,reports/quality/sim_mortality_rates_manifest.json
sim-copd,SIM,copd,rj_total,2015,crude_rate_per_100k,20.519607705704836,3396,16550024,19.835214574119973,21.221590427615144,source_observed,source_year_observed,False,reports/quality/sim_mortality_rates_manifest.json
sim-copd,SIM,copd,volta_redonda,2015,crude_rate_per_100k,27.759820511845454,73,262970,21.75926794786445,34.903806587436414,source_observed,source_year_observed,False,reports/quality/sim_mortality_rates_manifest.json
sim-copd,SIM,copd,brazil_total,2016,crude_rate_per_100k,21.26683591756098,43827,206081432,21.068191864266744,21.466886688490977,source_observed,source_year_observed,False,reports/quality/sim_mortality_rates_manifest.json
sim-copd,SIM,copd,rest_of_rj_excluding_vr,2016,crude_rate_per_100k,20.210920408002842,3309,16372337,19.528093842081216,20.911528796814213,source_observed,source_year_observed,False,reports/quality/sim_mortality_rates_manifest.json
sim-copd,SIM,copd,rj_total,2016,crude_rate_per_100k,20.31137780990089,3379,16635996,19.632242145617344,21.008012417210505,source_observed,source_year_observed,False,reports/quality/sim_mortality_rates_manifest.json
sim-copd,SIM,copd,volta_redonda,2016,crude_rate_per_100k,26.549444547692282,70,263659,20.69659450576141,33.543625983576874,source_observed,source_year_observed,False,reports/quality/sim_mortality_rates_manifest.json
sim-copd,SIM,copd,brazil_total,2017,crude_rate_per_100k,22.165459926262777,46029,207660929,21.963423858255506,22.3688919577136,source_observed,source_year_observed,False,reports/quality/sim_mortality_rates_manifest.json
sim-copd,SIM,copd,rest_of_rj_excluding_vr,2017,crude_rate_per_100k,19.782718291356595,3255,16453755,19.108884813144872,20.474246453829963,source_observed,source_year_observed,False,reports/quality/sim_mortality_rates_manifest.json
sim-copd,SIM,copd,rj_total,2017,crude_rate_per_100k,19.97732394295433,3340,16718956,19.305502283785163,20.666558298932358,source_observed,source_year_observed,False,reports/quality/sim_mortality_rates_manifest.json
sim-copd,SIM,copd,volta_redonda,2017,crude_rate_per_100k,32.05116119471646,85,265201,25.60132918231624,39.63175716490472,source_observed,source_year_observed,False,reports/quality/sim_mortality_rates_manifest.json
sim-copd,SIM,copd,brazil_total,2018,crude_rate_per_100k,21.815881347697236,45485,208494900,21.61584876686599,22.017304321220873,source_observed,source_year_observed,False,reports/quality/sim_mortality_rates_manifest.json
sim-copd,SIM,copd,rest_of_rj_excluding_vr,2018,crude_rate_per_100k,19.10236415738027,3226,16887962,18.448811915698084,19.77315658850131,source_observed,source_year_observed,False,reports/quality/sim_mortality_rates_manifest.json
sim-copd,SIM,copd,rj_total,2018,crude_rate_per_100k,19.24246909666456,3302,17159960,18.59167884033871,19.910225114719537,source_observed,source_year_observed,False,reports/quality/sim_mortality_rates_manifest.json
sim-copd,SIM,copd,volta_redonda,2018,crude_rate_per_100k,27.941381921925895,76,271998,22.014630944511943,34.972806036563355,source_observed,source_year_observed,False,reports/quality/sim_mortality_rates_manifest.json
sim-copd,SIM,copd,brazil_total,2019,crude_rate_per_100k,22.308180518767504,46880,210147125,22.1066934245757,22.51104704132936,source_observed,source_year_observed,False,reports/quality/sim_mortality_rates_manifest.json
sim-copd,SIM,copd,rest_of_rj_excluding_vr,2019,crude_rate_per_100k,19.132610649136936,3251,16991931,18.480523611999402,19.80183199847961,source_observed,source_year_observed,False,reports/quality/sim_mortality_rates_manifest.json
sim-copd,SIM,copd,rj_total,2019,crude_rate_per_100k,19.438233882382352,3356,17264943,18.78608831865432,20.107241250104348,source_observed,source_year_observed,False,reports/quality/sim_mortality_rates_manifest.json
sim-copd,SIM,copd,volta_redonda,2019,crude_rate_per_100k,38.4598479187728,105,273012,31.456345259650913,46.55799080950135,source_observed,source_year_observed,False,reports/quality/sim_mortality_rates_manifest.json
sim-copd,SIM,copd,brazil_total,2020,crude_rate_per_100k,17.260929165483777,36551,211755692,17.084421960144944,17.438805603443658,source_observed,respiratory_pandemic,False,reports/quality/sim_mortality_rates_manifest.json
sim-copd,SIM,copd,rest_of_rj_excluding_vr,2020,crude_rate_per_100k,14.257964787565976,2437,17092201,13.697446366810377,14.835532504880597,source_observed,respiratory_pandemic,False,reports/quality/sim_mortality_rates_manifest.json
sim-copd,SIM,copd,rj_total,2020,crude_rate_per_100k,14.38427279583333,2498,17366189,13.825667645953768,14.959656857718787,source_observed,respiratory_pandemic,False,reports/quality/sim_mortality_rates_manifest.json
sim-copd,SIM,copd,volta_redonda,2020,crude_rate_per_100k,22.263748777318717,61,273988,17.030003708550204,28.59871670103657,source_observed,respiratory_pandemic,False,reports/quality/sim_mortality_rates_manifest.json
sim-copd,SIM,copd,brazil_total,2021,crude_rate_per_100k,17.07735008261553,36429,213317639,16.90242869578521,17.25363068033382,source_observed,respiratory_pandemic,False,reports/quality/sim_mortality_rates_manifest.json
sim-copd,SIM,copd,rest_of_rj_excluding_vr,2021,crude_rate_per_100k,15.120641659758917,2599,17188424,14.544851665388453,15.713381870181228,source_observed,respiratory_pandemic,False,reports/quality/sim_mortality_rates_manifest.json
sim-copd,SIM,copd,rj_total,2021,crude_rate_per_100k,15.157459202126693,2647,17463349,14.585474267799626,15.74612650877133,source_observed,respiratory_pandemic,False,reports/quality/sim_mortality_rates_manifest.json
sim-copd,SIM,copd,volta_redonda,2021,crude_rate_per_100k,17.459307083750115,48,274925,12.873114785298988,23.14850820482941,source_observed,respiratory_pandemic,False,reports/quality/sim_mortality_rates_manifest.json
sim-copd,SIM,copd,brazil_total,2022,crude_rate_per_100k,24.5641197041831,49885,203080756,24.34902839430108,24.780638372744715,source_observed,source_year_observed,False,reports/quality/sim_mortality_rates_manifest.json
sim-copd,SIM,copd,rest_of_rj_excluding_vr,2022,crude_rate_per_100k,19.077334499374462,3013,15793611,18.402164460670857,19.770943089074507,source_observed,source_year_observed,False,reports/quality/sim_mortality_rates_manifest.json
sim-copd,SIM,copd,rj_total,2022,crude_rate_per_100k,19.196303945382343,3082,16055174,18.52450388320386,19.88624092143545,source_observed,source_year_observed,False,reports/quality/sim_mortality_rates_manifest.json
sim-copd,SIM,copd,volta_redonda,2022,crude_rate_per_100k,26.379877887927574,69,261563,20.525119591396653,33.38542381569461,source_observed,source_year_observed,False,reports/quality/sim_mortality_rates_manifest.json
sim-copd,SIM,copd,brazil_total,2024,crude_rate_per_100k,25.665179017681265,54560,212583750,25.450269783552518,25.881451713901786,source_observed,source_year_observed,False,reports/quality/sim_mortality_rates_manifest.json
sim-copd,SIM,copd,rest_of_rj_excluding_vr,2024,crude_rate_per_100k,21.375719083971628,3621,16939781,20.685094203150644,22.08352572848302,source_observed,source_year_observed,False,reports/quality/sim_mortality_rates_manifest.json
sim-copd,SIM,copd,rj_total,2024,crude_rate_per_100k,21.428970888481718,3690,17219679,20.743076728582185,22.131766646154688,source_observed,source_year_observed,False,reports/quality/sim_mortality_rates_manifest.json
sim-copd,SIM,copd,volta_redonda,2024,crude_rate_per_100k,24.65183745507292,69,279898,19.180600989233515,31.198478050949017,source_observed,source_year_observed,False,reports/quality/sim_mortality_rates_manifest.json
sim-heart-failure,SIM,heart_failure,brazil_total,2010,crude_rate_per_100k,14.439403753067554,27544,190755799,14.269377475099986,14.610950407195606,source_observed,source_year_observed,False,reports/quality/sim_mortality_rates_manifest.json
sim-heart-failure,SIM,heart_failure,rest_of_rj_excluding_vr,2010,crude_rate_per_100k,15.382536346327253,2420,15732126,14.775708894429568,16.00788748176449,source_observed,source_year_observed,False,reports/quality/sim_mortality_rates_manifest.json
sim-heart-failure,SIM,heart_failure,rj_total,2010,crude_rate_per_100k,15.434715188541489,2468,15989929,14.831720614418229,16.055933581516175,source_observed,source_year_observed,False,reports/quality/sim_mortality_rates_manifest.json
sim-heart-failure,SIM,heart_failure,volta_redonda,2010,crude_rate_per_100k,18.618867895253352,48,257803,13.728083390605713,24.685917612334716,source_observed,source_year_observed,False,reports/quality/sim_mortality_rates_manifest.json
sim-heart-failure,SIM,heart_failure,brazil_total,2011,crude_rate_per_100k,14.459976660585088,27818,192379287,14.290546310555152,14.630914541199472,source_observed,source_year_observed,False,reports/quality/sim_mortality_rates_manifest.json
sim-heart-failure,SIM,heart_failure,rest_of_rj_excluding_vr,2011,crude_rate_per_100k,15.081685207698962,2391,15853666,14.483165033731646,15.698587811144321,source_observed,source_year_observed,False,reports/quality/sim_mortality_rates_manifest.json
sim-heart-failure,SIM,heart_failure,rj_total,2011,crude_rate_per_100k,15.193005160284343,2448,16112678,14.597057907061913,15.807037896540969,source_observed,source_year_observed,False,reports/quality/sim_mortality_rates_manifest.json
sim-heart-failure,SIM,heart_failure,volta_redonda,2011,crude_rate_per_100k,22.00670239216716,57,259012,16.66766148399485,28.512235496024438,source_observed,source_year_observed,False,reports/quality/sim_mortality_rates_manifest.json
sim-heart-failure,SIM,heart_failure,brazil_total,2012,crude_rate_per_100k,13.763562050694643,26694,193946886,13.598941431484374,13.929678078708829,source_observed,source_year_observed,False,reports/quality/sim_mortality_rates_manifest.json
sim-heart-failure,SIM,heart_failure,rest_of_rj_excluding_vr,2012,crude_rate_per_100k,14.770350478064088,2359,15971185,14.180263515230743,15.37868545220933,source_observed,source_year_observed,False,reports/quality/sim_mortality_rates_manifest.json
sim-heart-failure,SIM,heart_failure,rj_total,2012,crude_rate_per_100k,14.823152581437235,2406,16231365,14.236710521382305,15.427548934116478,source_observed,source_year_observed,False,reports/quality/sim_mortality_rates_manifest.json
sim-heart-failure,SIM,heart_failure,volta_redonda,2012,crude_rate_per_100k,18.064416942116996,47,260180,13.273054103722712,24.0218450075513,source_observed,source_year_observed,False,reports/quality/sim_mortality_rates_manifest.json
sim-heart-failure,SIM,heart_failure,brazil_total,2013,crude_rate_per_100k,13.574905027646397,27290,201032714,13.414318383315099,13.736934339195441,source_observed,source_year_observed,False,reports/quality/sim_mortality_rates_manifest.json
sim-heart-failure,SIM,heart_failure,rest_of_rj_excluding_vr,2013,crude_rate_per_100k,16.19726568550597,2609,16107657,15.581649928033618,16.830968731135826,source_observed,source_year_observed,False,reports/quality/sim_mortality_rates_manifest.json
sim-heart-failure,SIM,heart_failure,rj_total,2013,crude_rate_per_100k,16.213397141053928,2654,16369179,15.602364815720229,16.842226790881927,source_observed,source_year_observed,False,reports/quality/sim_mortality_rates_manifest.json
sim-heart-failure,SIM,heart_failure,volta_redonda,2013,crude_rate_per_100k,17.206965379585657,45,261522,12.550878621391112,23.02427348252109,source_observed,source_year_observed,False,reports/quality/sim_mortality_rates_manifest.json
sim-heart-failure,SIM,heart_failure,brazil_total,2014,crude_rate_per_100k,13.20865509713483,26783,202768562,13.050933433110396,13.367807105598567,source_observed,source_year_observed,False,reports/quality/sim_mortality_rates_manifest.json
sim-heart-failure,SIM,heart_failure,rest_of_rj_excluding_vr,2014,crude_rate_per_100k,15.099777676454114,2446,16198914,14.507247590513835,15.710297015839934,source_observed,source_year_observed,False,reports/quality/sim_mortality_rates_manifest.json
sim-heart-failure,SIM,heart_failure,rj_total,2014,crude_rate_per_100k,15.150803651720324,2494,16461173,14.561963706849314,15.757345088447408,source_observed,source_year_observed,False,reports/quality/sim_mortality_rates_manifest.json
sim-heart-failure,SIM,heart_failure,volta_redonda,2014,crude_rate_per_100k,18.302517740096622,48,262259,13.494831759246868,24.266483202531568,source_observed,source_year_observed,False,reports/quality/sim_mortality_rates_manifest.json
sim-heart-failure,SIM,heart_failure,brazil_total,2015,crude_rate_per_100k,13.418436500350262,27434,204450049,13.26011675052513,13.578174795934151,source_observed,source_year_observed,False,reports/quality/sim_mortality_rates_manifest.json
sim-heart-failure,SIM,heart_failure,rest_of_rj_excluding_vr,2015,crude_rate_per_100k,15.662746620720972,2551,16287054,15.060782608820801,16.282600018816908,source_observed,source_year_observed,False,reports/quality/sim_mortality_rates_manifest.json
sim-heart-failure,SIM,heart_failure,rj_total,2015,crude_rate_per_100k,15.72203158134393,2602,16550024,15.123682726744796,16.33798442238859,source_observed,source_year_observed,False,reports/quality/sim_mortality_rates_manifest.json
sim-heart-failure,SIM,heart_failure,volta_redonda,2015,crude_rate_per_100k,19.393847206905733,51,262970,14.439993093619334,25.49932744290367,source_observed,source_year_observed,False,reports/quality/sim_mortality_rates_manifest.json
sim-heart-failure,SIM,heart_failure,brazil_total,2016,crude_rate_per_100k,13.96389753347599,28777,206081432,13.80302136523071,14.126180950299336,source_observed,source_year_observed,False,reports/quality/sim_mortality_rates_manifest.json
sim-heart-failure,SIM,heart_failure,rest_of_rj_excluding_vr,2016,crude_rate_per_100k,17.407411049503807,2850,16372337,16.7741288600798,18.05848308648082,source_observed,source_year_observed,False,reports/quality/sim_mortality_rates_manifest.json
sim-heart-failure,SIM,heart_failure,rj_total,2016,crude_rate_per_100k,17.486178765611626,2909,16635996,16.8564561657944,18.133408148224962,source_observed,source_year_observed,False,reports/quality/sim_mortality_rates_manifest.json
sim-heart-failure,SIM,heart_failure,volta_redonda,2016,crude_rate_per_100k,22.37738897591207,59,263659,17.034705293084414,28.865201401270493,source_observed,source_year_observed,False,reports/quality/sim_mortality_rates_manifest.json
sim-heart-failure,SIM,heart_failure,brazil_total,2017,crude_rate_per_100k,13.223960873256038,27461,207660929,13.068012174788368,13.381306182346796,source_observed,source_year_observed,False,reports/quality/sim_mortality_rates_manifest.json
sim-heart-failure,SIM,heart_failure,rest_of_rj_excluding_vr,2017,crude_rate_per_100k,17.789252362150766,2927,16453755,17.1505702784823,18.445634794635605,source_observed,source_year_observed,False,reports/quality/sim_mortality_rates_manifest.json
sim-heart-failure,SIM,heart_failure,rj_total,2017,crude_rate_per_100k,17.758285864260902,2969,16718956,17.12520044657292,18.40879009764406,source_observed,source_year_observed,False,reports/quality/sim_mortality_rates_manifest.json
sim-heart-failure,SIM,heart_failure,volta_redonda,2017,crude_rate_per_100k,15.837044355036369,42,265201,11.413948564476643,21.407083223098958,source_observed,source_year_observed,False,reports/quality/sim_mortality_rates_manifest.json
sim-heart-failure,SIM,heart_failure,brazil_total,2018,crude_rate_per_100k,12.70150972517793,26482,208494900,12.548986840616179,12.85542368584159,source_observed,source_year_observed,False,reports/quality/sim_mortality_rates_manifest.json
sim-heart-failure,SIM,heart_failure,rest_of_rj_excluding_vr,2018,crude_rate_per_100k,16.390373213772033,2768,16887962,15.78540496104034,17.01258974222231,source_observed,source_year_observed,False,reports/quality/sim_mortality_rates_manifest.json
sim-heart-failure,SIM,heart_failure,rj_total,2018,crude_rate_per_100k,16.47439737621766,2827,17159960,15.872647599782532,17.093120898011488,source_observed,source_year_observed,False,reports/quality/sim_mortality_rates_manifest.json
sim-heart-failure,SIM,heart_failure,volta_redonda,2018,crude_rate_per_100k,21.69133596570563,59,271998,16.512449955034022,27.980243002733758,source_observed,source_year_observed,False,reports/quality/sim_mortality_rates_manifest.json
sim-heart-failure,SIM,heart_failure,brazil_total,2019,crude_rate_per_100k,12.886210077820481,27080,210147125,12.7331822807418,13.04061798227861,source_observed,source_year_observed,False,reports/quality/sim_mortality_rates_manifest.json
sim-heart-failure,SIM,heart_failure,rest_of_rj_excluding_vr,2019,crude_rate_per_100k,17.27290441563116,2935,16991931,16.653598698582705,17.90934972355966,source_observed,source_year_observed,False,reports/quality/sim_mortality_rates_manifest.json
sim-heart-failure,SIM,heart_failure,rj_total,2019,crude_rate_per_100k,17.358875728694848,2997,17264943,16.74290098601872,17.991717948792836,source_observed,source_year_observed,False,reports/quality/sim_mortality_rates_manifest.json
sim-heart-failure,SIM,heart_failure,volta_redonda,2019,crude_rate_per_100k,22.709624485370608,62,273012,17.41133887381235,29.112713681356954,source_observed,source_year_observed,False,reports/quality/sim_mortality_rates_manifest.json
sim-heart-failure,SIM,heart_failure,brazil_total,2020,crude_rate_per_100k,13.116530534631389,27775,211755692,12.962723028788867,13.271707628748523,source_observed,cardiovascular_pandemic_context,False,reports/quality/sim_mortality_rates_manifest.json
sim-heart-failure,SIM,heart_failure,rest_of_rj_excluding_vr,2020,crude_rate_per_100k,16.744478958561277,2862,17092201,16.13658094461237,17.369417349439512,source_observed,cardiovascular_pandemic_context,False,reports/quality/sim_mortality_rates_manifest.json
sim-heart-failure,SIM,heart_failure,rj_total,2020,crude_rate_per_100k,16.750940577693815,2909,17366189,16.147695809848145,17.37095602381374,source_observed,cardiovascular_pandemic_context,False,reports/quality/sim_mortality_rates_manifest.json
sim-heart-failure,SIM,heart_failure,volta_redonda,2020,crude_rate_per_100k,17.154035943179995,47,273988,12.604140388289178,22.811231273138596,source_observed,cardiovascular_pandemic_context,False,reports/quality/sim_mortality_rates_manifest.json
sim-heart-failure,SIM,heart_failure,brazil_total,2021,crude_rate_per_100k,14.689830689528678,31336,213317639,14.527629261234829,14.853391516661741,source_observed,cardiovascular_pandemic_context,False,reports/quality/sim_mortality_rates_manifest.json
sim-heart-failure,SIM,heart_failure,rest_of_rj_excluding_vr,2021,crude_rate_per_100k,19.64112591125283,3376,17188424,18.984111671159155,20.31507672978927,source_observed,cardiovascular_pandemic_context,False,reports/quality/sim_mortality_rates_manifest.json
sim-heart-failure,SIM,heart_failure,rj_total,2021,crude_rate_per_100k,19.715576891923764,3443,17463349,19.062466743333772,20.38535604718643,source_observed,cardiovascular_pandemic_context,False,reports/quality/sim_mortality_rates_manifest.json
sim-heart-failure,SIM,heart_failure,volta_redonda,2021,crude_rate_per_100k,24.3702828044012,67,274925,18.886634436737484,30.94939770038969,source_observed,cardiovascular_pandemic_context,False,reports/quality/sim_mortality_rates_manifest.json
sim-heart-failure,SIM,heart_failure,brazil_total,2022,crude_rate_per_100k,16.306813433371303,33116,203080756,16.131650469818055,16.483404246103962,source_observed,source_year_observed,False,reports/quality/sim_mortality_rates_manifest.json
sim-heart-failure,SIM,heart_failure,rest_of_rj_excluding_vr,2022,crude_rate_per_100k,22.07221641713222,3486,15793611,21.3455247893864,22.81733868741657,source_observed,source_year_observed,False,reports/quality/sim_mortality_rates_manifest.json
sim-heart-failure,SIM,heart_failure,rj_total,2022,crude_rate_per_100k,22.14239471960877,3555,16055174,21.42044350597591,22.882475309488647,source_observed,source_year_observed,False,reports/quality/sim_mortality_rates_manifest.json
sim-heart-failure,SIM,heart_failure,volta_redonda,2022,crude_rate_per_100k,26.379877887927574,69,261563,20.525119591396653,33.38542381569461,source_observed,source_year_observed,False,reports/quality/sim_mortality_rates_manifest.json
sim-heart-failure,SIM,heart_failure,brazil_total,2024,crude_rate_per_100k,15.047246085366355,31988,212583750,14.882795529482241,15.213060706419236,source_observed,source_year_observed,False,reports/quality/sim_mortality_rates_manifest.json
sim-heart-failure,SIM,heart_failure,rest_of_rj_excluding_vr,2024,crude_rate_per_100k,19.97664550681027,3384,16939781,19.30919150356789,20.661284567308627,source_observed,source_year_observed,False,reports/quality/sim_mortality_rates_manifest.json
sim-heart-failure,SIM,heart_failure,rj_total,2024,crude_rate_per_100k,20.000372829249606,3444,17219679,19.337923749431134,20.67972677934494,source_observed,source_year_observed,False,reports/quality/sim_mortality_rates_manifest.json
sim-heart-failure,SIM,heart_failure,volta_redonda,2024,crude_rate_per_100k,21.436380395715585,60,279898,16.35821654674462,27.592870762436075,source_observed,source_year_observed,False,reports/quality/sim_mortality_rates_manifest.json
sim-hypertension,SIM,hypertension,brazil_total,2010,crude_rate_per_100k,23.619727544953953,45056,190755799,23.402129018704255,23.838845773180623,source_observed,source_year_observed,False,reports/quality/sim_mortality_rates_manifest.json
sim-hypertension,SIM,hypertension,rest_of_rj_excluding_vr,2010,crude_rate_per_100k,39.59414004184813,6229,15732126,38.61691099876918,40.58984529386779,source_observed,source_year_observed,False,reports/quality/sim_mortality_rates_manifest.json
sim-hypertension,SIM,hypertension,rj_total,2010,crude_rate_per_100k,39.731258343923855,6353,15989929,38.760203257876285,40.72049099118623,source_observed,source_year_observed,False,reports/quality/sim_mortality_rates_manifest.json
sim-hypertension,SIM,hypertension,volta_redonda,2010,crude_rate_per_100k,48.09874206273783,124,257803,40.00604512401624,57.347786522807375,source_observed,source_year_observed,False,reports/quality/sim_mortality_rates_manifest.json
sim-hypertension,SIM,hypertension,brazil_total,2011,crude_rate_per_100k,24.258328808547876,46668,192379287,24.038732031941958,24.479432420615016,source_observed,source_year_observed,False,reports/quality/sim_mortality_rates_manifest.json
sim-hypertension,SIM,hypertension,rest_of_rj_excluding_vr,2011,crude_rate_per_100k,37.97228981612202,6020,15853666,37.0190615892913,38.94385394958758,source_observed,source_year_observed,False,reports/quality/sim_mortality_rates_manifest.json
sim-hypertension,SIM,hypertension,rj_total,2011,crude_rate_per_100k,37.98251290071086,6120,16112678,37.03680118736441,38.94626512947458,source_observed,source_year_observed,False,reports/quality/sim_mortality_rates_manifest.json
sim-hypertension,SIM,hypertension,volta_redonda,2011,crude_rate_per_100k,38.60824981081957,100,259012,31.413212998209797,46.957976384270374,source_observed,source_year_observed,False,reports/quality/sim_mortality_rates_manifest.json
sim-hypertension,SIM,hypertension,brazil_total,2012,crude_rate_per_100k,23.356910200661844,45300,193946886,23.142311864921393,23.573003227693412,source_observed,source_year_observed,False,reports/quality/sim_mortality_rates_manifest.json
sim-hypertension,SIM,hypertension,rest_of_rj_excluding_vr,2012,crude_rate_per_100k,36.127563483861714,5770,15971185,35.20132995245729,37.07199969162327,source_observed,source_year_observed,False,reports/quality/sim_mortality_rates_manifest.json
sim-hypertension,SIM,hypertension,rj_total,2012,crude_rate_per_100k,36.10294020250299,5860,16231365,35.18442778182845,37.03936291003745,source_observed,source_year_observed,False,reports/quality/sim_mortality_rates_manifest.json
sim-hypertension,SIM,hypertension,volta_redonda,2012,crude_rate_per_100k,34.591436697670844,90,260180,27.815600019642545,42.518748477940825,source_observed,source_year_observed,False,reports/quality/sim_mortality_rates_manifest.json
sim-hypertension,SIM,hypertension,brazil_total,2013,crude_rate_per_100k,23.29571096572869,46832,201032714,23.085196956167547,23.50766694526542,source_observed,source_year_observed,False,reports/quality/sim_mortality_rates_manifest.json
sim-hypertension,SIM,hypertension,rest_of_rj_excluding_vr,2013,crude_rate_per_100k,34.44324646346765,5548,16107657,33.54281589299954,35.36172706898954,source_observed,source_year_observed,False,reports/quality/sim_mortality_rates_manifest.json
sim-hypertension,SIM,hypertension,rj_total,2013,crude_rate_per_100k,34.77266636280292,5692,16369179,33.875121423327634,35.687971941829474,source_observed,source_year_observed,False,reports/quality/sim_mortality_rates_manifest.json
sim-hypertension,SIM,hypertension,volta_redonda,2013,crude_rate_per_100k,55.0622892146741,144,261522,46.43640733776334,64.82571751039724,source_observed,source_year_observed,False,reports/quality/sim_mortality_rates_manifest.json
sim-hypertension,SIM,hypertension,brazil_total,2014,crude_rate_per_100k,22.575491756951948,45776,202768562,22.369151712777253,22.783261452358413,source_observed,source_year_observed,False,reports/quality/sim_mortality_rates_manifest.json
sim-hypertension,SIM,hypertension,rest_of_rj_excluding_vr,2014,crude_rate_per_100k,32.0391848490584,5190,16198914,31.17338902019919,32.922931771456796,source_observed,source_year_observed,False,reports/quality/sim_mortality_rates_manifest.json
sim-hypertension,SIM,hypertension,rj_total,2014,crude_rate_per_100k,32.154452176646224,5293,16461173,31.293980268035366,33.03258837760378,source_observed,source_year_observed,False,reports/quality/sim_mortality_rates_manifest.json
sim-hypertension,SIM,hypertension,volta_redonda,2014,crude_rate_per_100k,39.274152650624,103,262259,32.056836312507244,47.63133217431285,source_observed,source_year_observed,False,reports/quality/sim_mortality_rates_manifest.json
sim-hypertension,SIM,hypertension,brazil_total,2015,crude_rate_per_100k,23.129365941115523,47288,204450049,22.921363062107798,23.338786677214834,source_observed,source_year_observed,False,reports/quality/sim_mortality_rates_manifest.json
sim-hypertension,SIM,hypertension,rest_of_rj_excluding_vr,2015,crude_rate_per_100k,31.589506610587772,5145,16287054,30.732162832121922,32.464704700386754,source_observed,source_year_observed,False,reports/quality/sim_mortality_rates_manifest.json
sim-hypertension,SIM,hypertension,rj_total,2015,crude_rate_per_100k,31.691796942409265,5245,16550024,30.83986025060421,32.561303463579314,source_observed,source_year_observed,False,reports/quality/sim_mortality_rates_manifest.json
sim-hypertension,SIM,hypertension,volta_redonda,2015,crude_rate_per_100k,38.02715138608966,100,262970,30.9404081267533,46.25120500149309,source_observed,source_year_observed,False,reports/quality/sim_mortality_rates_manifest.json
sim-hypertension,SIM,hypertension,brazil_total,2016,crude_rate_per_100k,24.087565540596593,49640,206081432,23.87612836651553,24.300409295353095,source_observed,source_year_observed,False,reports/quality/sim_mortality_rates_manifest.json
sim-hypertension,SIM,hypertension,rest_of_rj_excluding_vr,2016,crude_rate_per_100k,35.35842195283422,5789,16372337,34.453386856757824,36.28121359769391,source_observed,source_year_observed,False,reports/quality/sim_mortality_rates_manifest.json
sim-hypertension,SIM,hypertension,rj_total,2016,crude_rate_per_100k,35.333021239004864,5878,16635996,34.43546535015944,36.24805167214189,source_observed,source_year_observed,False,reports/quality/sim_mortality_rates_manifest.json
sim-hypertension,SIM,hypertension,volta_redonda,2016,crude_rate_per_100k,33.75572235349448,89,263659,27.108616865857318,41.53932101455153,source_observed,source_year_observed,False,reports/quality/sim_mortality_rates_manifest.json
sim-hypertension,SIM,hypertension,brazil_total,2017,crude_rate_per_100k,25.308082870032813,52555,207660929,25.092167705191407,25.525393857402396,source_observed,source_year_observed,False,reports/quality/sim_mortality_rates_manifest.json
sim-hypertension,SIM,hypertension,rest_of_rj_excluding_vr,2017,crude_rate_per_100k,35.4934177639086,5840,16453755,34.58887745705711,36.41562641366074,source_observed,source_year_observed,False,reports/quality/sim_mortality_rates_manifest.json
sim-hypertension,SIM,hypertension,rj_total,2017,crude_rate_per_100k,35.36704086068532,5913,16718956,34.471266752636076,36.28020257800721,source_observed,source_year_observed,False,reports/quality/sim_mortality_rates_manifest.json
sim-hypertension,SIM,hypertension,volta_redonda,2017,crude_rate_per_100k,27.526291378991782,73,265201,21.576218386242566,34.610178763647774,source_observed,source_year_observed,False,reports/quality/sim_mortality_rates_manifest.json
sim-hypertension,SIM,hypertension,brazil_total,2018,crude_rate_per_100k,25.518609807721916,53205,208494900,25.302229698264426,25.736380143927754,source_observed,source_year_observed,False,reports/quality/sim_mortality_rates_manifest.json
sim-hypertension,SIM,hypertension,rest_of_rj_excluding_vr,2018,crude_rate_per_100k,37.26915065299176,6294,16887962,36.35403779608736,38.20147480169741,source_observed,source_year_observed,False,reports/quality/sim_mortality_rates_manifest.json
sim-hypertension,SIM,hypertension,rj_total,2018,crude_rate_per_100k,37.33108934985862,6406,17159960,36.42245489245772,38.2566616576186,source_observed,source_year_observed,False,reports/quality/sim_mortality_rates_manifest.json
sim-hypertension,SIM,hypertension,volta_redonda,2018,crude_rate_per_100k,41.176773358627635,112,271998,33.9048278048215,49.54635816885985,source_observed,source_year_observed,False,reports/quality/sim_mortality_rates_manifest.json
sim-hypertension,SIM,hypertension,brazil_total,2019,crude_rate_per_100k,25.599208173797287,53796,210147125,25.383337762884313,25.81645787005399,source_observed,source_year_observed,False,reports/quality/sim_mortality_rates_manifest.json
sim-hypertension,SIM,hypertension,rest_of_rj_excluding_vr,2019,crude_rate_per_100k,37.59431461909774,6388,16991931,36.67799287354796,38.52774181030666,source_observed,source_year_observed,False,reports/quality/sim_mortality_rates_manifest.json
sim-hypertension,SIM,hypertension,rj_total,2019,crude_rate_per_100k,37.5500805302398,6483,17264943,36.64152672405675,38.4754687718146,source_observed,source_year_observed,False,reports/quality/sim_mortality_rates_manifest.json
sim-hypertension,SIM,hypertension,volta_redonda,2019,crude_rate_per_100k,34.79700525984206,95,273012,28.15285520904947,42.53753447597744,source_observed,source_year_observed,False,reports/quality/sim_mortality_rates_manifest.json
sim-hypertension,SIM,hypertension,brazil_total,2020,crude_rate_per_100k,30.764698405368012,65146,211755692,30.528904136673944,31.001861299976614,source_observed,cardiovascular_pandemic_context,False,reports/quality/sim_mortality_rates_manifest.json
sim-hypertension,SIM,hypertension,rest_of_rj_excluding_vr,2020,crude_rate_per_100k,43.70999381530793,7471,17092201,42.7243966464782,44.712590697647414,source_observed,cardiovascular_pandemic_context,False,reports/quality/sim_mortality_rates_manifest.json
sim-hypertension,SIM,hypertension,rj_total,2020,crude_rate_per_100k,43.55014217569554,7563,17366189,42.57410680575459,44.54290865606324,source_observed,cardiovascular_pandemic_context,False,reports/quality/sim_mortality_rates_manifest.json
sim-hypertension,SIM,hypertension,volta_redonda,2020,crude_rate_per_100k,33.57811291005446,92,273988,27.06869817884812,41.18057469731379,source_observed,cardiovascular_pandemic_context,False,reports/quality/sim_mortality_rates_manifest.json
sim-hypertension,SIM,hypertension,brazil_total,2021,crude_rate_per_100k,32.1253321203316,68529,213317639,31.885252381760935,32.36677041857135,source_observed,cardiovascular_pandemic_context,False,reports/quality/sim_mortality_rates_manifest.json
sim-hypertension,SIM,hypertension,rest_of_rj_excluding_vr,2021,crude_rate_per_100k,48.259223765948526,8295,17188424,47.22621228912424,49.309136438554916,source_observed,cardiovascular_pandemic_context,False,reports/quality/sim_mortality_rates_manifest.json
sim-hypertension,SIM,hypertension,rj_total,2021,crude_rate_per_100k,47.94040364193603,8372,17463349,46.91892143445318,48.97852068704578,source_observed,cardiovascular_pandemic_context,False,reports/quality/sim_mortality_rates_manifest.json
sim-hypertension,SIM,hypertension,volta_redonda,2021,crude_rate_per_100k,28.007638446849143,77,274925,22.103190271691012,35.00474256619911,source_observed,cardiovascular_pandemic_context,False,reports/quality/sim_mortality_rates_manifest.json
sim-hypertension,SIM,hypertension,brazil_total,2022,crude_rate_per_100k,33.332060276553236,67691,203080756,33.081428108606474,33.58411949772926,source_observed,source_year_observed,False,reports/quality/sim_mortality_rates_manifest.json
sim-hypertension,SIM,hypertension,rest_of_rj_excluding_vr,2022,crude_rate_per_100k,48.09539756297657,7596,15793611,47.01982585694597,49.18936615008778,source_observed,source_year_observed,False,reports/quality/sim_mortality_rates_manifest.json
sim-hypertension,SIM,hypertension,rj_total,2022,crude_rate_per_100k,47.97830282001304,7703,16055174,46.9127862530399,49.061916068595615,source_observed,source_year_observed,False,reports/quality/sim_mortality_rates_manifest.json
sim-hypertension,SIM,hypertension,volta_redonda,2022,crude_rate_per_100k,40.90792657982972,107,261563,33.525033050177505,49.43304186024184,source_observed,source_year_observed,False,reports/quality/sim_mortality_rates_manifest.json
sim-hypertension,SIM,hypertension,brazil_total,2024,crude_rate_per_100k,30.83866946556357,65558,212583750,30.603050719226935,31.07565150105366,source_observed,source_year_observed,False,reports/quality/sim_mortality_rates_manifest.json
sim-hypertension,SIM,hypertension,rest_of_rj_excluding_vr,2024,crude_rate_per_100k,43.45392658854327,7361,16939781,42.46685094755819,44.45815539888924,source_observed,source_year_observed,False,reports/quality/sim_mortality_rates_manifest.json
sim-hypertension,SIM,hypertension,rj_total,2024,crude_rate_per_100k,43.29929727493759,7456,17219679,42.32198466219445,44.29348381758423,source_observed,source_year_observed,False,reports/quality/sim_mortality_rates_manifest.json
sim-hypertension,SIM,hypertension,volta_redonda,2024,crude_rate_per_100k,33.94093562654967,95,279898,27.46024375427125,41.491033742133034,source_observed,source_year_observed,False,reports/quality/sim_mortality_rates_manifest.json
sim-influenza,SIM,influenza,brazil_total,2010,crude_rate_per_100k,0.14835721979807284,283,190755799,0.13157420664939337,0.16668778502838644,source_observed,source_year_observed,False,reports/quality/sim_mortality_rates_manifest.json
sim-influenza,SIM,influenza,rest_of_rj_excluding_vr,2010,crude_rate_per_100k,0.08898987968949651,14,15732126,0.04865159531712747,0.149309896970286,source_observed,source_year_observed,False,reports/quality/sim_mortality_rates_manifest.json
sim-influenza,SIM,influenza,rj_total,2010,crude_rate_per_100k,0.08755511046984636,14,15989929,0.047867193633571434,0.14690259801551075,source_observed,source_year_observed,False,reports/quality/sim_mortality_rates_manifest.json
sim-influenza,SIM,influenza,volta_redonda,2010,crude_rate_per_100k,,,257803,,,source_observed,source_year_observed,True,reports/quality/sim_mortality_rates_manifest.json
sim-influenza,SIM,influenza,brazil_total,2011,crude_rate_per_100k,0.11175839319957558,215,192379287,0.09731808552203783,0.12773756540027895,source_observed,source_year_observed,False,reports/quality/sim_mortality_rates_manifest.json
sim-influenza,SIM,influenza,rest_of_rj_excluding_vr,2011,crude_rate_per_100k,0.075692272058715,12,15853666,0.0391113015041582,0.1322191665207086,source_observed,source_year_observed,False,reports/quality/sim_mortality_rates_manifest.json
sim-influenza,SIM,influenza,rj_total,2011,crude_rate_per_100k,0.07447551549158991,12,16112678,0.03848258563053403,0.13009373766531523,source_observed,source_year_observed,False,reports/quality/sim_mortality_rates_manifest.json
sim-influenza,SIM,influenza,volta_redonda,2011,crude_rate_per_100k,,,259012,,,source_observed,source_year_observed,True,reports/quality/sim_mortality_rates_manifest.json
sim-influenza,SIM,influenza,brazil_total,2012,crude_rate_per_100k,0.245943623967234,477,193946886,0.22436484017115185,0.2690377068865306,source_observed,source_year_observed,False,reports/quality/sim_mortality_rates_manifest.json
sim-influenza,SIM,influenza,rest_of_rj_excluding_vr,2012,crude_rate_per_100k,0.05635148550342382,9,15971185,0.025767487493121726,0.1069726726690547,source_observed,source_year_observed,False,reports/quality/sim_mortality_rates_manifest.json
sim-influenza,SIM,influenza,rj_total,2012,crude_rate_per_100k,0.05544820167619914,9,16231365,0.025354448608470907,0.1052579585969459,source_observed,source_year_observed,False,reports/quality/sim_mortality_rates_manifest.json
sim-influenza,SIM,influenza,volta_redonda,2012,crude_rate_per_100k,,,260180,,,source_observed,source_year_observed,True,reports/quality/sim_mortality_rates_manifest.json
sim-influenza,SIM,influenza,brazil_total,2013,crude_rate_per_100k,0.39595545628459256,796,201032714,0.3689229266051119,0.4244448942497017,source_observed,source_year_observed,False,reports/quality/sim_mortality_rates_manifest.json
sim-influenza,SIM,influenza,rest_of_rj_excluding_vr,2013,crude_rate_per_100k,0.0744987306347534,12,16107657,0.03849458123377111,0.13013428984846748,source_observed,source_year_observed,False,reports/quality/sim_mortality_rates_manifest.json
sim-influenza,SIM,influenza,rj_total,2013,crude_rate_per_100k,0.07330850252172084,12,16369179,0.037879572999490185,0.1280552008636289,source_observed,source_year_observed,False,reports/quality/sim_mortality_rates_manifest.json
sim-influenza,SIM,influenza,volta_redonda,2013,crude_rate_per_100k,,,261522,,,source_observed,source_year_observed,True,reports/quality/sim_mortality_rates_manifest.json
sim-influenza,SIM,influenza,brazil_total,2014,crude_rate_per_100k,0.1913511622181352,388,202768562,0.1727826474561189,0.21137142334294406,source_observed,source_year_observed,False,reports/quality/sim_mortality_rates_manifest.json
sim-influenza,SIM,influenza,rest_of_rj_excluding_vr,2014,crude_rate_per_100k,0.06173253342785819,10,16198914,0.029603149298356873,0.11352832691140761,source_observed,source_year_observed,False,reports/quality/sim_mortality_rates_manifest.json
sim-influenza,SIM,influenza,rj_total,2014,crude_rate_per_100k,0.06682391345987311,11,16461173,0.03335825683404723,0.11956643984788905,source_observed,source_year_observed,False,reports/quality/sim_mortality_rates_manifest.json
sim-influenza,SIM,influenza,volta_redonda,2014,crude_rate_per_100k,,,262259,,,source_observed,source_year_observed,True,reports/quality/sim_mortality_rates_manifest.json
sim-influenza,SIM,influenza,brazil_total,2015,crude_rate_per_100k,0.1472242249254731,301,204450049,0.131060241174359,0.16483125473868163,source_observed,source_year_observed,False,reports/quality/sim_mortality_rates_manifest.json
sim-influenza,SIM,influenza,rest_of_rj_excluding_vr,2015,crude_rate_per_100k,0.05525861214680077,9,16287054,0.025267756203045274,0.10489805861403274,source_observed,source_year_observed,False,reports/quality/sim_mortality_rates_manifest.json
sim-influenza,SIM,influenza,rj_total,2015,crude_rate_per_100k,0.05438058579250399,9,16550024,0.024866266643349483,0.10323129109310758,source_observed,source_year_observed,False,reports/quality/sim_mortality_rates_manifest.json
sim-influenza,SIM,influenza,volta_redonda,2015,crude_rate_per_100k,,,262970,,,source_observed,source_year_observed,True,reports/quality/sim_mortality_rates_manifest.json
sim-influenza,SIM,influenza,brazil_total,2016,crude_rate_per_100k,0.8520903523224742,1756,206081432,0.8126979655947391,0.8928984959816614,source_observed,source_year_observed,False,reports/quality/sim_mortality_rates_manifest.json
sim-influenza,SIM,influenza,rest_of_rj_excluding_vr,2016,crude_rate_per_100k,0.3542560845162178,58,16372337,0.26900149734426887,0.4579581384422674,source_observed,source_year_observed,False,reports/quality/sim_mortality_rates_manifest.json
sim-influenza,SIM,influenza,rj_total,2016,crude_rate_per_100k,0.34864158418888774,58,16635996,0.26473817185487275,0.45070009481064177,source_observed,source_year_observed,False,reports/quality/sim_mortality_rates_manifest.json
sim-influenza,SIM,influenza,volta_redonda,2016,crude_rate_per_100k,,,263659,,,source_observed,source_year_observed,True,reports/quality/sim_mortality_rates_manifest.json
sim-influenza,SIM,influenza,brazil_total,2017,crude_rate_per_100k,0.2817092280271943,585,207660929,0.25934052298741445,0.30549109208688174,source_observed,source_year_observed,False,reports/quality/sim_mortality_rates_manifest.json
sim-influenza,SIM,influenza,rest_of_rj_excluding_vr,2017,crude_rate_per_100k,0.12763044058939738,21,16453755,0.07900525432690705,0.19509668604487793,source_observed,source_year_observed,False,reports/quality/sim_mortality_rates_manifest.json
sim-influenza,SIM,influenza,rj_total,2017,crude_rate_per_100k,0.12560592898264702,21,16718956,0.07775204973370459,0.19200200499925596,source_observed,source_year_observed,False,reports/quality/sim_mortality_rates_manifest.json
sim-influenza,SIM,influenza,volta_redonda,2017,crude_rate_per_100k,,,265201,,,source_observed,source_year_observed,True,reports/quality/sim_mortality_rates_manifest.json
sim-influenza,SIM,influenza,brazil_total,2018,crude_rate_per_100k,0.5827480672189104,1215,208494900,0.5504373769300979,0.6164603766910037,source_observed,source_year_observed,False,reports/quality/sim_mortality_rates_manifest.json
sim-influenza,SIM,influenza,rest_of_rj_excluding_vr,2018,crude_rate_per_100k,0.10658479691036729,18,16887962,0.06316890564059491,0.16844993059273808,source_observed,source_year_observed,False,reports/quality/sim_mortality_rates_manifest.json
sim-influenza,SIM,influenza,rj_total,2018,crude_rate_per_100k,0.11655038822934319,20,17159960,0.07119200502451022,0.18000262181656948,source_observed,source_year_observed,False,reports/quality/sim_mortality_rates_manifest.json
sim-influenza,SIM,influenza,volta_redonda,2018,crude_rate_per_100k,,,271998,,,source_observed,source_year_observed,True,reports/quality/sim_mortality_rates_manifest.json
sim-influenza,SIM,influenza,brazil_total,2019,crude_rate_per_100k,0.5353392295992628,1125,210147125,0.5045098893662143,0.5675596895223317,source_observed,source_year_observed,False,reports/quality/sim_mortality_rates_manifest.json
sim-influenza,SIM,influenza,rest_of_rj_excluding_vr,2019,crude_rate_per_100k,0.3943048026736926,67,16991931,0.30558080612027283,0.500753161178658,source_observed,source_year_observed,False,reports/quality/sim_mortality_rates_manifest.json
sim-influenza,SIM,influenza,rj_total,2019,crude_rate_per_100k,0.38806962756842,67,17264943,0.30074863105658983,0.4928347092011619,source_observed,source_year_observed,False,reports/quality/sim_mortality_rates_manifest.json
sim-influenza,SIM,influenza,volta_redonda,2019,crude_rate_per_100k,,,273012,,,source_observed,source_year_observed,True,reports/quality/sim_mortality_rates_manifest.json
sim-influenza,SIM,influenza,brazil_total,2020,crude_rate_per_100k,0.5600793956461865,1186,211755692,0.5286536339694065,0.592885353179264,source_observed,respiratory_pandemic,False,reports/quality/sim_mortality_rates_manifest.json
sim-influenza,SIM,influenza,rest_of_rj_excluding_vr,2020,crude_rate_per_100k,0.4095435105168726,70,17092201,0.319259258113952,0.5174335875879236,source_observed,respiratory_pandemic,False,reports/quality/sim_mortality_rates_manifest.json
sim-influenza,SIM,influenza,rj_total,2020,crude_rate_per_100k,0.4088404197374565,71,17366189,0.3193077597767652,0.5156965590268574,source_observed,respiratory_pandemic,False,reports/quality/sim_mortality_rates_manifest.json
sim-influenza,SIM,influenza,volta_redonda,2020,crude_rate_per_100k,,,273988,,,source_observed,respiratory_pandemic,True,reports/quality/sim_mortality_rates_manifest.json
sim-influenza,SIM,influenza,brazil_total,2021,crude_rate_per_100k,0.6623924803518006,1413,213317639,0.6283009928487953,0.6978529483475827,source_observed,respiratory_pandemic,False,reports/quality/sim_mortality_rates_manifest.json
sim-influenza,SIM,influenza,rest_of_rj_excluding_vr,2021,crude_rate_per_100k,1.320656274245969,227,17188424,1.154430568714494,1.5040953290666428,source_observed,respiratory_pandemic,False,reports/quality/sim_mortality_rates_manifest.json
sim-influenza,SIM,influenza,rj_total,2021,crude_rate_per_100k,1.2998652205828332,227,17463349,1.1362564015427887,1.480416399650318,source_observed,respiratory_pandemic,False,reports/quality/sim_mortality_rates_manifest.json
sim-influenza,SIM,influenza,volta_redonda,2021,crude_rate_per_100k,,,274925,,,source_observed,respiratory_pandemic,True,reports/quality/sim_mortality_rates_manifest.json
sim-influenza,SIM,influenza,brazil_total,2022,crude_rate_per_100k,1.599856167563213,3249,203080756,1.5453124477967348,1.655833531672576,source_observed,source_year_observed,False,reports/quality/sim_mortality_rates_manifest.json
sim-influenza,SIM,influenza,rest_of_rj_excluding_vr,2022,crude_rate_per_100k,0.7787959321019114,123,15793611,0.647255561066645,0.9292138435797813,source_observed,source_year_observed,False,reports/quality/sim_mortality_rates_manifest.json
sim-influenza,SIM,influenza,rj_total,2022,crude_rate_per_100k,0.8221648672259797,132,16055174,0.6878985454674141,0.9749826343336859,source_observed,source_year_observed,False,reports/quality/sim_mortality_rates_manifest.json
sim-influenza,SIM,influenza,volta_redonda,2022,crude_rate_per_100k,3.4408536375557706,9,261563,1.5733773880014887,6.531812011415669,source_observed,source_year_observed,False,reports/quality/sim_mortality_rates_manifest.json
sim-influenza,SIM,influenza,brazil_total,2024,crude_rate_per_100k,1.1562501837511099,2458,212583750,1.110987582925661,1.2028835457702096,source_observed,source_year_observed,False,reports/quality/sim_mortality_rates_manifest.json
sim-influenza,SIM,influenza,rest_of_rj_excluding_vr,2024,crude_rate_per_100k,0.672972100406729,114,16939781,0.5551189957057615,0.8084450654116213,source_observed,source_year_observed,False,reports/quality/sim_mortality_rates_manifest.json
sim-influenza,SIM,influenza,rj_total,2024,crude_rate_per_100k,0.679455174512835,117,17219679,0.5619279415091285,0.8143091935840181,source_observed,source_year_observed,False,reports/quality/sim_mortality_rates_manifest.json
sim-influenza,SIM,influenza,volta_redonda,2024,crude_rate_per_100k,,,279898,,,source_observed,source_year_observed,True,reports/quality/sim_mortality_rates_manifest.json
sim-ischemic-heart-disease,SIM,ischemic_heart_disease,brazil_total,2010,crude_rate_per_100k,52.39945549440413,99955,190755799,52.07510998574737,52.72531991058595,source_observed,source_year_observed,False,reports/quality/sim_mortality_rates_manifest.json
sim-ischemic-heart-disease,SIM,ischemic_heart_disease,rest_of_rj_excluding_vr,2010,crude_rate_per_100k,72.38691070742759,11388,15732126,71.0634534676156,73.72882366642669,source_observed,source_year_observed,False,reports/quality/sim_mortality_rates_manifest.json
sim-ischemic-heart-disease,SIM,ischemic_heart_disease,rj_total,2010,crude_rate_per_100k,72.20795039177472,11546,15989929,70.89678809645382,73.53727045448352,source_observed,source_year_observed,False,reports/quality/sim_mortality_rates_manifest.json
sim-ischemic-heart-disease,SIM,ischemic_heart_disease,volta_redonda,2010,crude_rate_per_100k,61.28710682187561,158,257803,52.10335754223467,71.62341358256964,source_observed,source_year_observed,False,reports/quality/sim_mortality_rates_manifest.json
sim-ischemic-heart-disease,SIM,ischemic_heart_disease,brazil_total,2011,crude_rate_per_100k,53.792693389075716,103486,192379287,53.465445149195276,54.12144769072466,source_observed,source_year_observed,False,reports/quality/sim_mortality_rates_manifest.json
sim-ischemic-heart-disease,SIM,ischemic_heart_disease,rest_of_rj_excluding_vr,2011,crude_rate_per_100k,72.85381185651319,11550,15853666,71.53114996972326,74.19478756761403,source_observed,source_year_observed,False,reports/quality/sim_mortality_rates_manifest.json
sim-ischemic-heart-disease,SIM,ischemic_heart_disease,rj_total,2011,crude_rate_per_100k,72.63845277613069,11704,16112678,71.32836627549418,73.9665583329816,source_observed,source_year_observed,False,reports/quality/sim_mortality_rates_manifest.json
sim-ischemic-heart-disease,SIM,ischemic_heart_disease,volta_redonda,2011,crude_rate_per_100k,59.456704708662144,154,259012,50.43705901981672,69.62390660833256,source_observed,source_year_observed,False,reports/quality/sim_mortality_rates_manifest.json
sim-ischemic-heart-disease,SIM,ischemic_heart_disease,brazil_total,2012,crude_rate_per_100k,53.82762371343255,104397,193946886,53.50159271910409,54.155148589742105,source_observed,source_year_observed,False,reports/quality/sim_mortality_rates_manifest.json
sim-ischemic-heart-disease,SIM,ischemic_heart_disease,rest_of_rj_excluding_vr,2012,crude_rate_per_100k,74.54049276869561,11905,15971185,73.20744817573804,75.8917155739223,source_observed,source_year_observed,False,reports/quality/sim_mortality_rates_manifest.json
sim-ischemic-heart-disease,SIM,ischemic_heart_disease,rj_total,2012,crude_rate_per_100k,74.3067511574042,12061,16231365,72.98647035147717,75.64491843059623,source_observed,source_year_observed,False,reports/quality/sim_mortality_rates_manifest.json
sim-ischemic-heart-disease,SIM,ischemic_heart_disease,volta_redonda,2012,crude_rate_per_100k,59.95849027596279,156,260180,50.91879595752946,70.14039896883136,source_observed,source_year_observed,False,reports/quality/sim_mortality_rates_manifest.json
sim-ischemic-heart-disease,SIM,ischemic_heart_disease,brazil_total,2013,crude_rate_per_100k,53.119712645375714,106788,201032714,52.80158639056941,53.43928011012618,source_observed,source_year_observed,False,reports/quality/sim_mortality_rates_manifest.json
sim-ischemic-heart-disease,SIM,ischemic_heart_disease,rest_of_rj_excluding_vr,2013,crude_rate_per_100k,75.78383373820289,12207,16107657,74.44534924219695,77.1403417394341,source_observed,source_year_observed,False,reports/quality/sim_mortality_rates_manifest.json
sim-ischemic-heart-disease,SIM,ischemic_heart_disease,rj_total,2013,crude_rate_per_100k,75.50164855549566,12359,16369179,74.17633749921548,76.84469483128866,source_observed,source_year_observed,False,reports/quality/sim_mortality_rates_manifest.json
sim-ischemic-heart-disease,SIM,ischemic_heart_disease,volta_redonda,2013,crude_rate_per_100k,58.121305282155994,152,261522,49.24884885935967,68.13049699550696,source_observed,source_year_observed,False,reports/quality/sim_mortality_rates_manifest.json
sim-ischemic-heart-disease,SIM,ischemic_heart_disease,brazil_total,2014,crude_rate_per_100k,53.22126809776359,107916,202768562,52.90420135244724,53.539763707464,source_observed,source_year_observed,False,reports/quality/sim_mortality_rates_manifest.json
sim-ischemic-heart-disease,SIM,ischemic_heart_disease,rest_of_rj_excluding_vr,2014,crude_rate_per_100k,72.27027688399359,11707,16198914,70.966996966616,73.59147992479032,source_observed,source_year_observed,False,reports/quality/sim_mortality_rates_manifest.json
sim-ischemic-heart-disease,SIM,ischemic_heart_disease,rj_total,2014,crude_rate_per_100k,71.99972930240148,11852,16461173,70.7092595458619,73.30783629487095,source_observed,source_year_observed,False,reports/quality/sim_mortality_rates_manifest.json
sim-ischemic-heart-disease,SIM,ischemic_heart_disease,volta_redonda,2014,crude_rate_per_100k,55.288855673208545,145,262259,46.6561114418163,65.05584487402942,source_observed,source_year_observed,False,reports/quality/sim_mortality_rates_manifest.json
sim-ischemic-heart-disease,SIM,ischemic_heart_disease,brazil_total,2015,crude_rate_per_100k,54.714097916405976,111863,204450049,54.39393147448969,55.03568144514699,source_observed,source_year_observed,False,reports/quality/sim_mortality_rates_manifest.json
sim-ischemic-heart-disease,SIM,ischemic_heart_disease,rest_of_rj_excluding_vr,2015,crude_rate_per_100k,76.39196137005501,12442,16287054,75.05548288918439,77.746264317223,source_observed,source_year_observed,False,reports/quality/sim_mortality_rates_manifest.json
sim-ischemic-heart-disease,SIM,ischemic_heart_disease,rj_total,2015,crude_rate_per_100k,76.31408872881393,12630,16550024,74.98890340312721,77.65681490509687,source_observed,source_year_observed,False,reports/quality/sim_mortality_rates_manifest.json
sim-ischemic-heart-disease,SIM,ischemic_heart_disease,volta_redonda,2015,crude_rate_per_100k,71.49104460584857,188,262970,61.63655398670119,82.4730375322638,source_observed,source_year_observed,False,reports/quality/sim_mortality_rates_manifest.json
sim-ischemic-heart-disease,SIM,ischemic_heart_disease,brazil_total,2016,crude_rate_per_100k,56.35296633614231,116133,206081432,56.02932019760253,56.678018317194756,source_observed,source_year_observed,False,reports/quality/sim_mortality_rates_manifest.json
sim-ischemic-heart-disease,SIM,ischemic_heart_disease,rest_of_rj_excluding_vr,2016,crude_rate_per_100k,82.01028356550442,13427,16372337,80.62891655181373,83.4093801975974,source_observed,source_year_observed,False,reports/quality/sim_mortality_rates_manifest.json
sim-ischemic-heart-disease,SIM,ischemic_heart_disease,rj_total,2016,crude_rate_per_100k,81.91875016079591,13628,16635996,80.5490956839813,83.30585288913517,source_observed,source_year_observed,False,reports/quality/sim_mortality_rates_manifest.json
sim-ischemic-heart-disease,SIM,ischemic_heart_disease,volta_redonda,2016,crude_rate_per_100k,76.23483362980213,201,263659,66.0594348758038,87.53391697566389,source_observed,source_year_observed,False,reports/quality/sim_mortality_rates_manifest.json
sim-ischemic-heart-disease,SIM,ischemic_heart_disease,brazil_total,2017,crude_rate_per_100k,55.40666727923576,115058,207660929,55.08697495357447,55.727754760831,source_observed,source_year_observed,False,reports/quality/sim_mortality_rates_manifest.json
sim-ischemic-heart-disease,SIM,ischemic_heart_disease,rest_of_rj_excluding_vr,2017,crude_rate_per_100k,75.33234814788479,12395,16453755,74.01192218075164,76.67041809385465,source_observed,source_year_observed,False,reports/quality/sim_mortality_rates_manifest.json
sim-ischemic-heart-disease,SIM,ischemic_heart_disease,rj_total,2017,crude_rate_per_100k,75.10038306219599,12556,16718956,73.79245296711031,76.42567692435696,source_observed,source_year_observed,False,reports/quality/sim_mortality_rates_manifest.json
sim-ischemic-heart-disease,SIM,ischemic_heart_disease,volta_redonda,2017,crude_rate_per_100k,60.708670027639414,161,265201,51.69328532450223,70.84419237845596,source_observed,source_year_observed,False,reports/quality/sim_mortality_rates_manifest.json
sim-ischemic-heart-disease,SIM,ischemic_heart_disease,brazil_total,2018,crude_rate_per_100k,55.3111850697547,115321,208494900,54.99240727302055,55.63135244027693,source_observed,source_year_observed,False,reports/quality/sim_mortality_rates_manifest.json
sim-ischemic-heart-disease,SIM,ischemic_heart_disease,rest_of_rj_excluding_vr,2018,crude_rate_per_100k,74.13564762876658,12520,16887962,72.84267228179681,75.4458130494124,source_observed,source_year_observed,False,reports/quality/sim_mortality_rates_manifest.json
sim-ischemic-heart-disease,SIM,ischemic_heart_disease,rj_total,2018,crude_rate_per_100k,73.87546357916919,12677,17159960,72.59499467582073,75.17284976463463,source_observed,source_year_observed,False,reports/quality/sim_mortality_rates_manifest.json
sim-ischemic-heart-disease,SIM,ischemic_heart_disease,volta_redonda,2018,crude_rate_per_100k,57.72101265450481,157,271998,49.0452673740995,67.48925472256404,source_observed,source_year_observed,False,reports/quality/sim_mortality_rates_manifest.json
sim-ischemic-heart-disease,SIM,ischemic_heart_disease,brazil_total,2019,crude_rate_per_100k,55.93652542236779,117549,210147125,55.617209027721024,56.257220452588655,source_observed,source_year_observed,False,reports/quality/sim_mortality_rates_manifest.json
sim-ischemic-heart-disease,SIM,ischemic_heart_disease,rest_of_rj_excluding_vr,2019,crude_rate_per_100k,76.2832664515881,12962,16991931,74.97561772457314,77.60799918668582,source_observed,source_year_observed,False,reports/quality/sim_mortality_rates_manifest.json
sim-ischemic-heart-disease,SIM,ischemic_heart_disease,rj_total,2019,crude_rate_per_100k,76.12535992733946,13143,17264943,74.82939645842049,77.43813690984334,source_observed,source_year_observed,False,reports/quality/sim_mortality_rates_manifest.json
sim-ischemic-heart-disease,SIM,ischemic_heart_disease,volta_redonda,2019,crude_rate_per_100k,66.29745212664645,181,273012,56.99050774588307,76.69091658191465,source_observed,source_year_observed,False,reports/quality/sim_mortality_rates_manifest.json
sim-ischemic-heart-disease,SIM,ischemic_heart_disease,brazil_total,2020,crude_rate_per_100k,51.73697999107386,109556,211755692,51.4310682125566,52.044259980921716,source_observed,cardiovascular_pandemic_context,False,reports/quality/sim_mortality_rates_manifest.json
sim-ischemic-heart-disease,SIM,ischemic_heart_disease,rest_of_rj_excluding_vr,2020,crude_rate_per_100k,69.86227227259965,11941,17092201,68.61476697044017,71.12676346438832,source_observed,cardiovascular_pandemic_context,False,reports/quality/sim_mortality_rates_manifest.json
sim-ischemic-heart-disease,SIM,ischemic_heart_disease,rj_total,2020,crude_rate_per_100k,69.6180376707866,12090,17366189,68.3825436922549,70.87024923258546,source_observed,cardiovascular_pandemic_context,False,reports/quality/sim_mortality_rates_manifest.json
sim-ischemic-heart-disease,SIM,ischemic_heart_disease,volta_redonda,2020,crude_rate_per_100k,54.38194373476211,149,273988,46.00068400322497,63.84850227563164,source_observed,cardiovascular_pandemic_context,False,reports/quality/sim_mortality_rates_manifest.json
sim-ischemic-heart-disease,SIM,ischemic_heart_disease,brazil_total,2021,crude_rate_per_100k,54.23320853462099,115689,213317639,53.92114030843932,54.54663491660442,source_observed,cardiovascular_pandemic_context,False,reports/quality/sim_mortality_rates_manifest.json
sim-ischemic-heart-disease,SIM,ischemic_heart_disease,rest_of_rj_excluding_vr,2021,crude_rate_per_100k,65.46848041449292,11253,17188424,64.2643879277939,66.68946526881801,source_observed,cardiovascular_pandemic_context,False,reports/quality/sim_mortality_rates_manifest.json
sim-ischemic-heart-disease,SIM,ischemic_heart_disease,rj_total,2021,crude_rate_per_100k,65.30248006839925,11404,17463349,64.10938221882799,66.51220399908144,source_observed,cardiovascular_pandemic_context,False,reports/quality/sim_mortality_rates_manifest.json
sim-ischemic-heart-disease,SIM,ischemic_heart_disease,volta_redonda,2021,crude_rate_per_100k,54.9240702009639,151,274925,46.51313473165296,64.4164165522526,source_observed,cardiovascular_pandemic_context,False,reports/quality/sim_mortality_rates_manifest.json
sim-ischemic-heart-disease,SIM,ischemic_heart_disease,brazil_total,2022,crude_rate_per_100k,59.413802851905864,120658,203080756,59.0790282921882,59.75000399976755,source_observed,source_year_observed,False,reports/quality/sim_mortality_rates_manifest.json
sim-ischemic-heart-disease,SIM,ischemic_heart_disease,rest_of_rj_excluding_vr,2022,crude_rate_per_100k,67.85022120653726,10716,15793611,66.5715841161568,69.14724395802835,source_observed,source_year_observed,False,reports/quality/sim_mortality_rates_manifest.json
sim-ischemic-heart-disease,SIM,ischemic_heart_disease,rj_total,2022,crude_rate_per_100k,67.8908867633574,10900,16055174,66.62227731887397,69.17758184036451,source_observed,source_year_observed,False,reports/quality/sim_mortality_rates_manifest.json
sim-ischemic-heart-disease,SIM,ischemic_heart_disease,volta_redonda,2022,crude_rate_per_100k,70.34634103447353,184,261563,60.54877810740267,81.277759961334,source_observed,source_year_observed,False,reports/quality/sim_mortality_rates_manifest.json
sim-ischemic-heart-disease,SIM,ischemic_heart_disease,brazil_total,2024,crude_rate_per_100k,56.30110485867335,119687,212583750,55.98258674662254,56.620985792388396,source_observed,source_year_observed,False,reports/quality/sim_mortality_rates_manifest.json
sim-ischemic-heart-disease,SIM,ischemic_heart_disease,rest_of_rj_excluding_vr,2024,crude_rate_per_100k,58.519056415192146,9913,16939781,57.37268339858885,59.68257330578905,source_observed,source_year_observed,False,reports/quality/sim_mortality_rates_manifest.json
sim-ischemic-heart-disease,SIM,ischemic_heart_disease,rj_total,2024,crude_rate_per_100k,58.537676573413485,10080,17219679,57.400431428564026,59.69178645230354,source_observed,source_year_observed,False,reports/quality/sim_mortality_rates_manifest.json
sim-ischemic-heart-disease,SIM,ischemic_heart_disease,volta_redonda,2024,crude_rate_per_100k,59.664592101408374,167,279898,50.95846289204232,69.43155440811304,source_observed,source_year_observed,False,reports/quality/sim_mortality_rates_manifest.json
sim-leukemia,SIM,leukemia,brazil_total,2010,crude_rate_per_100k,3.111307772090326,5935,190755799,3.0326500342977183,3.1914894494978956,source_observed,source_year_observed,False,reports/quality/sim_mortality_rates_manifest.json
sim-leukemia,SIM,leukemia,rest_of_rj_excluding_vr,2010,crude_rate_per_100k,3.616802967380251,569,15732126,3.3256904110052568,3.9265724925696115,source_observed,source_year_observed,False,reports/quality/sim_mortality_rates_manifest.json
sim-leukemia,SIM,leukemia,rj_total,2010,crude_rate_per_100k,3.639791020960756,582,15989929,3.3500503037432816,3.947885053907157,source_observed,source_year_observed,False,reports/quality/sim_mortality_rates_manifest.json
sim-leukemia,SIM,leukemia,volta_redonda,2010,crude_rate_per_100k,5.04261005496445,13,257803,2.6849774793170758,8.623016767903739,source_observed,source_year_observed,False,reports/quality/sim_mortality_rates_manifest.json
sim-leukemia,SIM,leukemia,brazil_total,2011,crude_rate_per_100k,3.216042691747787,6187,192379287,3.1363997568471125,3.2971965701799064,source_observed,source_year_observed,False,reports/quality/sim_mortality_rates_manifest.json
sim-leukemia,SIM,leukemia,rest_of_rj_excluding_vr,2011,crude_rate_per_100k,3.8981520110238224,618,15853666,3.5968338537159195,4.217973748837068,source_observed,source_year_observed,False,reports/quality/sim_mortality_rates_manifest.json
sim-leukemia,SIM,leukemia,rj_total,2011,crude_rate_per_100k,3.872726805562676,624,16112678,3.5747877595196407,4.188870821246577,source_observed,source_year_observed,False,reports/quality/sim_mortality_rates_manifest.json
sim-leukemia,SIM,leukemia,volta_redonda,2011,crude_rate_per_100k,2.3164949886491746,6,259012,0.8501128339578286,5.042034354593102,source_observed,source_year_observed,False,reports/quality/sim_mortality_rates_manifest.json
sim-leukemia,SIM,leukemia,brazil_total,2012,crude_rate_per_100k,3.2725454535011202,6347,193946886,3.192524972867182,3.354064584090956,source_observed,source_year_observed,False,reports/quality/sim_mortality_rates_manifest.json
sim-leukemia,SIM,leukemia,rest_of_rj_excluding_vr,2012,crude_rate_per_100k,3.756765700228255,600,15971185,3.462140978130483,4.069761480666174,source_observed,source_year_observed,False,reports/quality/sim_mortality_rates_manifest.json
sim-leukemia,SIM,leukemia,rj_total,2012,crude_rate_per_100k,3.7643168026841853,611,16231365,3.4717153757830834,4.074992607926805,source_observed,source_year_observed,False,reports/quality/sim_mortality_rates_manifest.json
sim-leukemia,SIM,leukemia,volta_redonda,2012,crude_rate_per_100k,4.227842263048659,11,260180,2.1105236248892445,7.5647776590444895,source_observed,source_year_observed,False,reports/quality/sim_mortality_rates_manifest.json
sim-leukemia,SIM,leukemia,brazil_total,2013,crude_rate_per_100k,3.1417772134340285,6316,201032714,3.064767143755723,3.220233124889189,source_observed,source_year_observed,False,reports/quality/sim_mortality_rates_manifest.json
sim-leukemia,SIM,leukemia,rest_of_rj_excluding_vr,2013,crude_rate_per_100k,3.6628542562087083,590,16107657,3.373220294115304,3.970705698442112,source_observed,source_year_observed,False,reports/quality/sim_mortality_rates_manifest.json
sim-leukemia,SIM,leukemia,rj_total,2013,crude_rate_per_100k,3.634879916701992,595,16369179,3.3486433590025277,3.939041878101531,source_observed,source_year_observed,False,reports/quality/sim_mortality_rates_manifest.json
sim-leukemia,SIM,leukemia,volta_redonda,2013,crude_rate_per_100k,1.911885042176184,5,261522,0.6207838690888035,4.461701913920309,source_observed,source_year_observed,False,reports/quality/sim_mortality_rates_manifest.json
sim-leukemia,SIM,leukemia,brazil_total,2014,crude_rate_per_100k,3.192309466592755,6473,202768562,3.1150097434300217,3.271042580124658,source_observed,source_year_observed,False,reports/quality/sim_mortality_rates_manifest.json
sim-leukemia,SIM,leukemia,rest_of_rj_excluding_vr,2014,crude_rate_per_100k,3.370596325161057,546,16198914,3.0937666945714937,3.665550525033466,source_observed,source_year_observed,False,reports/quality/sim_mortality_rates_manifest.json
sim-leukemia,SIM,leukemia,rj_total,2014,crude_rate_per_100k,3.3958697840062797,559,16461173,3.120157468275754,3.689414966724366,source_observed,source_year_observed,False,reports/quality/sim_mortality_rates_manifest.json
sim-leukemia,SIM,leukemia,volta_redonda,2014,crude_rate_per_100k,4.956931887942835,13,262259,2.6393574638063138,8.476504492947381,source_observed,source_year_observed,False,reports/quality/sim_mortality_rates_manifest.json
sim-leukemia,SIM,leukemia,brazil_total,2015,crude_rate_per_100k,3.344093109021461,6837,204450049,3.2652901636145417,3.4243174957633076,source_observed,source_year_observed,False,reports/quality/sim_mortality_rates_manifest.json
sim-leukemia,SIM,leukemia,rest_of_rj_excluding_vr,2015,crude_rate_per_100k,3.554970714777516,579,16287054,3.271265048786351,3.856695513973313,source_observed,source_year_observed,False,reports/quality/sim_mortality_rates_manifest.json
sim-leukemia,SIM,leukemia,rj_total,2015,crude_rate_per_100k,3.589118662305263,594,16550024,3.3062527491128195,3.8897143069391285,source_observed,source_year_observed,False,reports/quality/sim_mortality_rates_manifest.json
sim-leukemia,SIM,leukemia,volta_redonda,2015,crude_rate_per_100k,5.704072707913451,15,262970,3.19252619416029,9.408000483509847,source_observed,source_year_observed,False,reports/quality/sim_mortality_rates_manifest.json
sim-leukemia,SIM,leukemia,brazil_total,2016,crude_rate_per_100k,3.4263154770780124,7061,206081432,3.3468584850694465,3.5071825663557448,source_observed,source_year_observed,False,reports/quality/sim_mortality_rates_manifest.json
sim-leukemia,SIM,leukemia,rest_of_rj_excluding_vr,2016,crude_rate_per_100k,3.536452981636036,579,16372337,3.254225129735354,3.836606105630559,source_observed,source_year_observed,False,reports/quality/sim_mortality_rates_manifest.json
sim-leukemia,SIM,leukemia,rj_total,2016,crude_rate_per_100k,3.540515398056119,589,16635996,3.2603225136955594,3.8383474008041554,source_observed,source_year_observed,False,reports/quality/sim_mortality_rates_manifest.json
sim-leukemia,SIM,leukemia,volta_redonda,2016,crude_rate_per_100k,3.792777792527469,10,263659,1.8187843753228352,6.97505339928384,source_observed,source_year_observed,False,reports/quality/sim_mortality_rates_manifest.json
sim-leukemia,SIM,leukemia,brazil_total,2017,crude_rate_per_100k,3.2687901535873416,6788,207660929,3.191485833484256,3.3474939570082163,source_observed,source_year_observed,False,reports/quality/sim_mortality_rates_manifest.json
sim-leukemia,SIM,leukemia,rest_of_rj_excluding_vr,2017,crude_rate_per_100k,3.3244690953523985,547,16453755,3.0516722750995258,3.6151095356641703,source_observed,source_year_observed,False,reports/quality/sim_mortality_rates_manifest.json
sim-leukemia,SIM,leukemia,rj_total,2017,crude_rate_per_100k,3.3136040312564967,554,16718956,3.0433853642325785,3.601381709428409,source_observed,source_year_observed,False,reports/quality/sim_mortality_rates_manifest.json
sim-leukemia,SIM,leukemia,volta_redonda,2017,crude_rate_per_100k,2.6395073925060615,7,265201,1.0612188685260862,5.438394033846922,source_observed,source_year_observed,False,reports/quality/sim_mortality_rates_manifest.json
sim-leukemia,SIM,leukemia,brazil_total,2018,crude_rate_per_100k,3.4619551845153045,7218,208494900,3.382544586357307,3.5427594961604014,source_observed,source_year_observed,False,reports/quality/sim_mortality_rates_manifest.json
sim-leukemia,SIM,leukemia,rest_of_rj_excluding_vr,2018,crude_rate_per_100k,3.387027990707227,572,16887962,3.115110636967911,3.676324773129297,source_observed,source_year_observed,False,reports/quality/sim_mortality_rates_manifest.json
sim-leukemia,SIM,leukemia,rj_total,2018,crude_rate_per_100k,3.3741337392394852,579,17159960,3.1048598305529813,3.6605101700494123,source_observed,source_year_observed,False,reports/quality/sim_mortality_rates_manifest.json
sim-leukemia,SIM,leukemia,volta_redonda,2018,crude_rate_per_100k,2.573548334914227,7,271998,1.034699906440439,5.3024931660168,source_observed,source_year_observed,False,reports/quality/sim_mortality_rates_manifest.json
sim-leukemia,SIM,leukemia,brazil_total,2019,crude_rate_per_100k,3.5070667752413933,7370,210147125,3.4274505437657456,3.5880657058003695,source_observed,source_year_observed,False,reports/quality/sim_mortality_rates_manifest.json
sim-leukemia,SIM,leukemia,rest_of_rj_excluding_vr,2019,crude_rate_per_100k,3.5546283703717956,604,16991931,3.276762090852947,3.8497613432894116,source_observed,source_year_observed,False,reports/quality/sim_mortality_rates_manifest.json
sim-leukemia,SIM,leukemia,rj_total,2019,crude_rate_per_100k,3.550547488051365,613,17264943,3.275003899791753,3.843083048833518,source_observed,source_year_observed,False,reports/quality/sim_mortality_rates_manifest.json
sim-leukemia,SIM,leukemia,volta_redonda,2019,crude_rate_per_100k,3.2965583930376687,9,273012,1.5073964138493303,6.257894690130532,source_observed,source_year_observed,False,reports/quality/sim_mortality_rates_manifest.json
sim-leukemia,SIM,leukemia,brazil_total,2020,crude_rate_per_100k,3.1819687756020274,6738,211755692,3.1064406825749296,3.258869310583393,source_observed,cancer_care_disruption,False,reports/quality/sim_mortality_rates_manifest.json
sim-leukemia,SIM,leukemia,rest_of_rj_excluding_vr,2020,crude_rate_per_100k,3.2119912467680436,549,17092201,2.9488943001839942,3.492264858370448,source_observed,cancer_care_disruption,False,reports/quality/sim_mortality_rates_manifest.json
sim-leukemia,SIM,leukemia,rj_total,2020,crude_rate_per_100k,3.218898515961101,559,17366189,2.95755458336479,3.4971459792381063,source_observed,cancer_care_disruption,False,reports/quality/sim_mortality_rates_manifest.json
sim-leukemia,SIM,leukemia,volta_redonda,2020,crude_rate_per_100k,3.6497948815276584,10,273988,1.7502185118079745,6.712102735162773,source_observed,cancer_care_disruption,False,reports/quality/sim_mortality_rates_manifest.json
sim-leukemia,SIM,leukemia,brazil_total,2021,crude_rate_per_100k,3.1952350644570937,6816,213317639,3.119824714753737,3.2720077748636394,source_observed,cancer_care_disruption,False,reports/quality/sim_mortality_rates_manifest.json
sim-leukemia,SIM,leukemia,rest_of_rj_excluding_vr,2021,crude_rate_per_100k,2.9496596081176496,507,17188424,2.6984603647922887,3.2179491089227663,source_observed,cancer_care_disruption,False,reports/quality/sim_mortality_rates_manifest.json
sim-leukemia,SIM,leukemia,rj_total,2021,crude_rate_per_100k,2.977664822480499,520,17463349,2.7272002902977683,3.244947467125894,source_observed,cancer_care_disruption,False,reports/quality/sim_mortality_rates_manifest.json
sim-leukemia,SIM,leukemia,volta_redonda,2021,crude_rate_per_100k,4.728562335182322,13,274925,2.517760294990925,8.085985602676685,source_observed,cancer_care_disruption,False,reports/quality/sim_mortality_rates_manifest.json
sim-leukemia,SIM,leukemia,brazil_total,2022,crude_rate_per_100k,3.4542908634828993,7015,203080756,3.3739244318283776,3.536088246423819,source_observed,cancer_care_disruption,False,reports/quality/sim_mortality_rates_manifest.json
sim-leukemia,SIM,leukemia,rest_of_rj_excluding_vr,2022,crude_rate_per_100k,3.3177973042390367,524,15793611,3.0397665607902145,3.6144231839424696,source_observed,cancer_care_disruption,False,reports/quality/sim_mortality_rates_manifest.json
sim-leukemia,SIM,leukemia,rj_total,2022,crude_rate_per_100k,3.326030599232372,534,16055174,3.0498750987072425,3.620475817306704,source_observed,cancer_care_disruption,False,reports/quality/sim_mortality_rates_manifest.json
sim-leukemia,SIM,leukemia,volta_redonda,2022,crude_rate_per_100k,3.823170708395301,10,261563,1.8333589598423452,7.03094705368029,source_observed,cancer_care_disruption,False,reports/quality/sim_mortality_rates_manifest.json
sim-leukemia,SIM,leukemia,brazil_total,2024,crude_rate_per_100k,3.67713900991962,7817,212583750,3.5960703608557227,3.759574354352332,source_observed,source_year_observed,False,reports/quality/sim_mortality_rates_manifest.json
sim-leukemia,SIM,leukemia,rest_of_rj_excluding_vr,2024,crude_rate_per_100k,3.500635574922722,593,16939781,3.224515448643417,3.794077697769151,source_observed,source_year_observed,False,reports/quality/sim_mortality_rates_manifest.json
sim-leukemia,SIM,leukemia,rj_total,2024,crude_rate_per_100k,3.5656878388964164,614,17219679,3.2891901533393137,3.8592219774127843,source_observed,source_year_observed,False,reports/quality/sim_mortality_rates_manifest.json
sim-leukemia,SIM,leukemia,volta_redonda,2024,crude_rate_per_100k,7.502733138500453,21,279898,4.644310064407815,11.46872458357809,source_observed,source_year_observed,False,reports/quality/sim_mortality_rates_manifest.json
sim-liver,SIM,liver,brazil_total,2010,crude_rate_per_100k,4.047583371240001,7721,190755799,3.957797682769438,4.138892180242108,source_observed,source_year_observed,False,reports/quality/sim_mortality_rates_manifest.json
sim-liver,SIM,liver,rest_of_rj_excluding_vr,2010,crude_rate_per_100k,4.328722004896224,681,15732126,4.009670823038486,4.666407985176179,source_observed,source_year_observed,False,reports/quality/sim_mortality_rates_manifest.json
sim-liver,SIM,liver,rj_total,2010,crude_rate_per_100k,4.327724031795263,692,15989929,4.011243495686443,4.6625370676420195,source_observed,source_year_observed,False,reports/quality/sim_mortality_rates_manifest.json
sim-liver,SIM,liver,volta_redonda,2010,crude_rate_per_100k,4.266823892662226,11,257803,2.1299831139423655,7.634526562259537,source_observed,source_year_observed,False,reports/quality/sim_mortality_rates_manifest.json
sim-liver,SIM,liver,brazil_total,2011,crude_rate_per_100k,4.2104324879840105,8100,192379287,4.119233634837199,4.30314147123996,source_observed,source_year_observed,False,reports/quality/sim_mortality_rates_manifest.json
sim-liver,SIM,liver,rest_of_rj_excluding_vr,2011,crude_rate_per_100k,4.270305681979171,677,15853666,3.9546494677461763,4.604454524245721,source_observed,source_year_observed,False,reports/quality/sim_mortality_rates_manifest.json
sim-liver,SIM,liver,rj_total,2011,crude_rate_per_100k,4.294754726681686,692,16112678,3.980685190738501,4.627017102399992,source_observed,source_year_observed,False,reports/quality/sim_mortality_rates_manifest.json
sim-liver,SIM,liver,volta_redonda,2011,crude_rate_per_100k,5.791237471622936,15,259012,3.241311650727887,9.551765505646783,source_observed,source_year_observed,False,reports/quality/sim_mortality_rates_manifest.json
sim-liver,SIM,liver,brazil_total,2012,crude_rate_per_100k,4.532168668075444,8790,193946886,4.437912221082794,4.62792281520481,source_observed,source_year_observed,False,reports/quality/sim_mortality_rates_manifest.json
sim-liver,SIM,liver,rest_of_rj_excluding_vr,2012,crude_rate_per_100k,4.702218401452366,751,15971185,4.37188436078494,5.050897210416363,source_observed,source_year_observed,False,reports/quality/sim_mortality_rates_manifest.json
sim-liver,SIM,liver,rj_total,2012,crude_rate_per_100k,4.6884534972875045,761,16231365,4.361218425895031,5.033737843557227,source_observed,source_year_observed,False,reports/quality/sim_mortality_rates_manifest.json
sim-liver,SIM,liver,volta_redonda,2012,crude_rate_per_100k,3.8434929664078714,10,260180,1.843104272477682,7.068320409723183,source_observed,source_year_observed,False,reports/quality/sim_mortality_rates_manifest.json
sim-liver,SIM,liver,brazil_total,2013,crude_rate_per_100k,4.363468922774429,8772,201032714,4.272628384749432,4.455754376607088,source_observed,source_year_observed,False,reports/quality/sim_mortality_rates_manifest.json
sim-liver,SIM,liver,rest_of_rj_excluding_vr,2013,crude_rate_per_100k,4.643754209566295,748,16107657,4.316885683299583,4.988812518173304,source_observed,source_year_observed,False,reports/quality/sim_mortality_rates_manifest.json
sim-liver,SIM,liver,rj_total,2013,crude_rate_per_100k,4.630653742622034,758,16369179,4.306825475559275,4.972379750075198,source_observed,source_year_observed,False,reports/quality/sim_mortality_rates_manifest.json
sim-liver,SIM,liver,volta_redonda,2013,crude_rate_per_100k,3.823770084352368,10,261522,1.8336463839112707,7.03204932740564,source_observed,source_year_observed,False,reports/quality/sim_mortality_rates_manifest.json
sim-liver,SIM,liver,brazil_total,2014,crude_rate_per_100k,4.522397313248195,9170,202768562,4.430303431769657,4.61592362810588,source_observed,source_year_observed,False,reports/quality/sim_mortality_rates_manifest.json
sim-liver,SIM,liver,rest_of_rj_excluding_vr,2014,crude_rate_per_100k,5.197879314625659,842,16198914,4.85267258545454,5.561160774317302,source_observed,source_year_observed,False,reports/quality/sim_mortality_rates_manifest.json
sim-liver,SIM,liver,rj_total,2014,crude_rate_per_100k,5.200115447422854,856,16461173,4.857547800427746,5.5604681911520695,source_observed,source_year_observed,False,reports/quality/sim_mortality_rates_manifest.json
sim-liver,SIM,liver,volta_redonda,2014,crude_rate_per_100k,5.338234340861515,14,262259,2.9184623888219634,8.956650151886333,source_observed,source_year_observed,False,reports/quality/sim_mortality_rates_manifest.json
sim-liver,SIM,liver,brazil_total,2015,crude_rate_per_100k,4.7498154426952475,9711,204450049,4.655809793331934,4.845241603462676,source_observed,source_year_observed,False,reports/quality/sim_mortality_rates_manifest.json
sim-liver,SIM,liver,rest_of_rj_excluding_vr,2015,crude_rate_per_100k,4.825918794153933,786,16287054,4.494393232054136,5.175428457090553,source_observed,source_year_observed,False,reports/quality/sim_mortality_rates_manifest.json
sim-liver,SIM,liver,rj_total,2015,crude_rate_per_100k,4.82174527360202,798,16550024,4.492962300237504,5.168225013859867,source_observed,source_year_observed,False,reports/quality/sim_mortality_rates_manifest.json
sim-liver,SIM,liver,volta_redonda,2015,crude_rate_per_100k,4.56325816633076,12,262970,2.3579020834019917,7.9710936791941895,source_observed,source_year_observed,False,reports/quality/sim_mortality_rates_manifest.json
sim-liver,SIM,liver,brazil_total,2016,crude_rate_per_100k,4.748608307418982,9786,206081432,4.6549856023759375,4.84364026033168,source_observed,source_year_observed,False,reports/quality/sim_mortality_rates_manifest.json
sim-liver,SIM,liver,rest_of_rj_excluding_vr,2016,crude_rate_per_100k,4.794672868021224,785,16372337,4.46508780264037,5.142148490122066,source_observed,source_year_observed,False,reports/quality/sim_mortality_rates_manifest.json
sim-liver,SIM,liver,rj_total,2016,crude_rate_per_100k,4.7908162516990265,797,16635996,4.463940990183848,5.135296955637832,source_observed,source_year_observed,False,reports/quality/sim_mortality_rates_manifest.json
sim-liver,SIM,liver,volta_redonda,2016,crude_rate_per_100k,4.551333351032963,12,263659,2.3517403573260225,7.950263426690142,source_observed,source_year_observed,False,reports/quality/sim_mortality_rates_manifest.json
sim-liver,SIM,liver,brazil_total,2017,crude_rate_per_100k,4.9123347608639465,10201,207660929,4.8174649581698255,5.0086029947317865,source_observed,source_year_observed,False,reports/quality/sim_mortality_rates_manifest.json
sim-liver,SIM,liver,rest_of_rj_excluding_vr,2017,crude_rate_per_100k,5.123450543660094,843,16453755,4.783385269889176,5.481310480224498,source_observed,source_year_observed,False,reports/quality/sim_mortality_rates_manifest.json
sim-liver,SIM,liver,rj_total,2017,crude_rate_per_100k,5.078068271727014,849,16718956,4.742187954004529,5.431460280678768,source_observed,source_year_observed,False,reports/quality/sim_mortality_rates_manifest.json
sim-liver,SIM,liver,volta_redonda,2017,crude_rate_per_100k,2.2624349078623385,6,265201,0.830273737086531,4.924368317811277,source_observed,source_year_observed,False,reports/quality/sim_mortality_rates_manifest.json
sim-liver,SIM,liver,brazil_total,2018,crude_rate_per_100k,5.060555438046686,10551,208494900,4.964450027783751,5.158053608194166,source_observed,source_year_observed,False,reports/quality/sim_mortality_rates_manifest.json
sim-liver,SIM,liver,rest_of_rj_excluding_vr,2018,crude_rate_per_100k,4.926586168301421,832,16887962,4.597470234531114,5.273040549094025,source_observed,source_year_observed,False,reports/quality/sim_mortality_rates_manifest.json
sim-liver,SIM,liver,rj_total,2018,crude_rate_per_100k,5.00583917445029,859,17159960,4.676636423407933,5.352102440724062,source_observed,source_year_observed,False,reports/quality/sim_mortality_rates_manifest.json
sim-liver,SIM,liver,volta_redonda,2018,crude_rate_per_100k,9.926543577526305,27,271998,6.541654766492685,14.442599741601825,source_observed,source_year_observed,False,reports/quality/sim_mortality_rates_manifest.json
sim-liver,SIM,liver,brazil_total,2019,crude_rate_per_100k,5.18779402763659,10902,210147125,5.090863733666907,5.286106057812265,source_observed,source_year_observed,False,reports/quality/sim_mortality_rates_manifest.json
sim-liver,SIM,liver,rest_of_rj_excluding_vr,2019,crude_rate_per_100k,5.0200298012038775,853,16991931,4.688754506517284,5.36853500223893,source_observed,source_year_observed,False,reports/quality/sim_mortality_rates_manifest.json
sim-liver,SIM,liver,rj_total,2019,crude_rate_per_100k,5.00436057043455,864,17264943,4.676192576348442,5.349484784253589,source_observed,source_year_observed,False,reports/quality/sim_mortality_rates_manifest.json
sim-liver,SIM,liver,volta_redonda,2019,crude_rate_per_100k,4.029126924823817,11,273012,2.011325644014489,7.209221028124022,source_observed,source_year_observed,False,reports/quality/sim_mortality_rates_manifest.json
sim-liver,SIM,liver,brazil_total,2020,crude_rate_per_100k,5.083216369928794,10764,211755692,4.987636002250425,5.18016800592803,source_observed,cancer_care_disruption,False,reports/quality/sim_mortality_rates_manifest.json
sim-liver,SIM,liver,rest_of_rj_excluding_vr,2020,crude_rate_per_100k,4.756555343574534,813,17092201,4.435170999980757,5.0950732382703094,source_observed,cancer_care_disruption,False,reports/quality/sim_mortality_rates_manifest.json
sim-liver,SIM,liver,rj_total,2020,crude_rate_per_100k,4.773643774117626,829,17366189,4.454178478508498,5.109970403753697,source_observed,cancer_care_disruption,False,reports/quality/sim_mortality_rates_manifest.json
sim-liver,SIM,liver,volta_redonda,2020,crude_rate_per_100k,5.839671810444253,16,273988,3.337877006891369,9.483261163832333,source_observed,cancer_care_disruption,False,reports/quality/sim_mortality_rates_manifest.json
sim-liver,SIM,liver,brazil_total,2021,crude_rate_per_100k,4.968177994882082,10598,213317639,4.874035387147669,5.063681864733283,source_observed,cancer_care_disruption,False,reports/quality/sim_mortality_rates_manifest.json
sim-liver,SIM,liver,rest_of_rj_excluding_vr,2021,crude_rate_per_100k,4.572845072939788,786,17188424,4.258704885782446,4.904026265221902,source_observed,cancer_care_disruption,False,reports/quality/sim_mortality_rates_manifest.json
sim-liver,SIM,liver,rj_total,2021,crude_rate_per_100k,4.649738145873394,812,17463349,4.335381063856439,4.980864760073606,source_observed,cancer_care_disruption,False,reports/quality/sim_mortality_rates_manifest.json
sim-liver,SIM,liver,volta_redonda,2021,crude_rate_per_100k,9.457124670364644,26,274925,6.177707816894188,13.856878815358733,source_observed,cancer_care_disruption,False,reports/quality/sim_mortality_rates_manifest.json
sim-liver,SIM,liver,brazil_total,2022,crude_rate_per_100k,5.228461922802769,10618,203080756,5.129480074207872,5.328873647531893,source_observed,cancer_care_disruption,False,reports/quality/sim_mortality_rates_manifest.json
sim-liver,SIM,liver,rest_of_rj_excluding_vr,2022,crude_rate_per_100k,5.090666092763714,804,15793611,4.744820932761813,5.455054769088394,source_observed,cancer_care_disruption,False,reports/quality/sim_mortality_rates_manifest.json
sim-liver,SIM,liver,rj_total,2022,crude_rate_per_100k,5.132301898440963,824,16055174,4.787811759908072,5.495030850123232,source_observed,cancer_care_disruption,False,reports/quality/sim_mortality_rates_manifest.json
sim-liver,SIM,liver,volta_redonda,2022,crude_rate_per_100k,7.646341416790602,20,261563,4.670583983745386,11.80915416273502,source_observed,cancer_care_disruption,False,reports/quality/sim_mortality_rates_manifest.json
sim-liver,SIM,liver,brazil_total,2024,crude_rate_per_100k,5.498068408333187,11688,212583750,5.398839264756721,5.59866330008574,source_observed,source_year_observed,False,reports/quality/sim_mortality_rates_manifest.json
sim-liver,SIM,liver,rest_of_rj_excluding_vr,2024,crude_rate_per_100k,5.070903809205089,859,16939781,4.737422163853428,5.421667718061248,source_observed,source_year_observed,False,reports/quality/sim_mortality_rates_manifest.json
sim-liver,SIM,liver,rj_total,2024,crude_rate_per_100k,5.104624772622068,879,17219679,4.772702157055366,5.453546536828053,source_observed,source_year_observed,False,reports/quality/sim_mortality_rates_manifest.json
sim-liver,SIM,liver,volta_redonda,2024,crude_rate_per_100k,7.145460131905193,20,279898,4.364632682407143,11.035583642139136,source_observed,source_year_observed,False,reports/quality/sim_mortality_rates_manifest.json
sim-lung,SIM,lung,brazil_total,2010,crude_rate_per_100k,11.463871669767691,21868,190755799,11.312427841308589,11.616836252283182,source_observed,source_year_observed,False,reports/quality/sim_mortality_rates_manifest.json
sim-lung,SIM,lung,rest_of_rj_excluding_vr,2010,crude_rate_per_100k,16.21522736342183,2551,15732126,15.592029941288626,16.85694519398535,source_observed,source_year_observed,False,reports/quality/sim_mortality_rates_manifest.json
sim-lung,SIM,lung,rj_total,2010,crude_rate_per_100k,16.153917881686656,2583,15989929,15.53689715010973,16.789159670482615,source_observed,source_year_observed,False,reports/quality/sim_mortality_rates_manifest.json
sim-lung,SIM,lung,volta_redonda,2010,crude_rate_per_100k,12.41257859683557,32,257803,8.49019457154671,17.52285740639964,source_observed,source_year_observed,False,reports/quality/sim_mortality_rates_manifest.json
sim-lung,SIM,lung,brazil_total,2011,crude_rate_per_100k,11.65718012043573,22426,192379287,11.505104266480712,11.810763851765952,source_observed,source_year_observed,False,reports/quality/sim_mortality_rates_manifest.json
sim-lung,SIM,lung,rest_of_rj_excluding_vr,2011,crude_rate_per_100k,15.573684976080612,2469,15853666,14.965383216331178,16.20036716420144,source_observed,source_year_observed,False,reports/quality/sim_mortality_rates_manifest.json
sim-lung,SIM,lung,rj_total,2011,crude_rate_per_100k,15.571589030699926,2509,16112678,14.96818915558131,16.193072894026606,source_observed,source_year_observed,False,reports/quality/sim_mortality_rates_manifest.json
sim-lung,SIM,lung,volta_redonda,2011,crude_rate_per_100k,15.44329992432783,40,259012,11.032919880850681,21.02939128842836,source_observed,source_year_observed,False,reports/quality/sim_mortality_rates_manifest.json
sim-lung,SIM,lung,brazil_total,2012,crude_rate_per_100k,12.117235024851082,23501,193946886,11.962803615084557,12.273162046463904,source_observed,source_year_observed,False,reports/quality/sim_mortality_rates_manifest.json
sim-lung,SIM,lung,rest_of_rj_excluding_vr,2012,crude_rate_per_100k,16.285579310489485,2601,15971185,15.665664977799137,16.923735668763086,source_observed,source_year_observed,False,reports/quality/sim_mortality_rates_manifest.json
sim-lung,SIM,lung,rj_total,2012,crude_rate_per_100k,16.264805825018414,2640,16231365,15.650228436004978,16.897331957061564,source_observed,source_year_observed,False,reports/quality/sim_mortality_rates_manifest.json
sim-lung,SIM,lung,volta_redonda,2012,crude_rate_per_100k,14.989622568990697,39,260180,10.659086974185747,20.49130750474012,source_observed,source_year_observed,False,reports/quality/sim_mortality_rates_manifest.json
sim-lung,SIM,lung,brazil_total,2013,crude_rate_per_100k,12.1820968899619,24490,201032714,12.029996259683308,12.335640351296831,source_observed,source_year_observed,False,reports/quality/sim_mortality_rates_manifest.json
sim-lung,SIM,lung,rest_of_rj_excluding_vr,2013,crude_rate_per_100k,16.51388529070367,2660,16107657,15.892224118215443,17.153632610403115,source_observed,source_year_observed,False,reports/quality/sim_mortality_rates_manifest.json
sim-lung,SIM,lung,rj_total,2013,crude_rate_per_100k,16.494413067387192,2700,16369179,15.878057908768547,17.12856456183817,source_observed,source_year_observed,False,reports/quality/sim_mortality_rates_manifest.json
sim-lung,SIM,lung,volta_redonda,2013,crude_rate_per_100k,15.295080337409471,40,261522,10.927029634902214,20.827558279603274,source_observed,source_year_observed,False,reports/quality/sim_mortality_rates_manifest.json
sim-lung,SIM,lung,brazil_total,2014,crude_rate_per_100k,12.53991237556836,25427,202768562,12.386247229437942,12.69500794372503,source_observed,source_year_observed,False,reports/quality/sim_mortality_rates_manifest.json
sim-lung,SIM,lung,rest_of_rj_excluding_vr,2014,crude_rate_per_100k,16.21096327815556,2626,16198914,15.596805345894046,16.84310622153392,source_observed,source_year_observed,False,reports/quality/sim_mortality_rates_manifest.json
sim-lung,SIM,lung,rj_total,2014,crude_rate_per_100k,16.15316235361842,2659,16461173,15.544967263709182,16.779055198784956,source_observed,source_year_observed,False,reports/quality/sim_mortality_rates_manifest.json
sim-lung,SIM,lung,volta_redonda,2014,crude_rate_per_100k,12.582980946316427,33,262259,8.661545103401536,17.671183551058036,source_observed,source_year_observed,False,reports/quality/sim_mortality_rates_manifest.json
sim-lung,SIM,lung,brazil_total,2015,crude_rate_per_100k,12.960622963704939,26498,204450049,12.805035437362102,13.117629086387833,source_observed,source_year_observed,False,reports/quality/sim_mortality_rates_manifest.json
sim-lung,SIM,lung,rest_of_rj_excluding_vr,2015,crude_rate_per_100k,16.454786728158453,2680,16287054,15.837643991958592,17.089815964397907,source_observed,source_year_observed,False,reports/quality/sim_mortality_rates_manifest.json
sim-lung,SIM,lung,rj_total,2015,crude_rate_per_100k,16.416894622025925,2717,16550024,15.805340208167003,17.046050552955954,source_observed,source_year_observed,False,reports/quality/sim_mortality_rates_manifest.json
sim-lung,SIM,lung,volta_redonda,2015,crude_rate_per_100k,14.070046012853178,37,262970,9.906610855651227,19.3937050393318,source_observed,source_year_observed,False,reports/quality/sim_mortality_rates_manifest.json
sim-lung,SIM,lung,brazil_total,2016,crude_rate_per_100k,13.232633204916784,27270,206081432,13.076038299681962,13.390635435015827,source_observed,source_year_observed,False,reports/quality/sim_mortality_rates_manifest.json
sim-lung,SIM,lung,rest_of_rj_excluding_vr,2016,crude_rate_per_100k,16.930997694464754,2772,16372337,16.306521844071984,17.573264950436123,source_observed,source_year_observed,False,reports/quality/sim_mortality_rates_manifest.json
sim-lung,SIM,lung,rj_total,2016,crude_rate_per_100k,16.9632163893283,2822,16635996,16.34306824192407,17.600872981353803,source_observed,source_year_observed,False,reports/quality/sim_mortality_rates_manifest.json
sim-lung,SIM,lung,volta_redonda,2016,crude_rate_per_100k,18.96388896263735,50,263659,14.075363912273756,25.00152343152967,source_observed,source_year_observed,False,reports/quality/sim_mortality_rates_manifest.json
sim-lung,SIM,lung,brazil_total,2017,crude_rate_per_100k,13.450291364149681,27931,207660929,13.293009887381496,13.608969427519934,source_observed,source_year_observed,False,reports/quality/sim_mortality_rates_manifest.json
sim-lung,SIM,lung,rest_of_rj_excluding_vr,2017,crude_rate_per_100k,16.84721815780045,2772,16453755,16.225832396860653,17.48630728723191,source_observed,source_year_observed,False,reports/quality/sim_mortality_rates_manifest.json
sim-lung,SIM,lung,rj_total,2017,crude_rate_per_100k,16.85511942252854,2818,16718956,16.23848999772716,17.489170492342534,source_observed,source_year_observed,False,reports/quality/sim_mortality_rates_manifest.json
sim-lung,SIM,lung,volta_redonda,2017,crude_rate_per_100k,17.345334293611263,46,265201,12.698964713169211,23.136245229311353,source_observed,source_year_observed,False,reports/quality/sim_mortality_rates_manifest.json
sim-lung,SIM,lung,brazil_total,2018,crude_rate_per_100k,13.774917276153996,28720,208494900,13.616061369665246,13.93516414412037,source_observed,source_year_observed,False,reports/quality/sim_mortality_rates_manifest.json
sim-lung,SIM,lung,rest_of_rj_excluding_vr,2018,crude_rate_per_100k,16.479193877864006,2783,16887962,15.872573376462356,17.10306235896602,source_observed,source_year_observed,False,reports/quality/sim_mortality_rates_manifest.json
sim-lung,SIM,lung,rj_total,2018,crude_rate_per_100k,16.45108729857179,2823,17159960,15.849767321631395,17.069381096528403,source_observed,source_year_observed,False,reports/quality/sim_mortality_rates_manifest.json
sim-lung,SIM,lung,volta_redonda,2018,crude_rate_per_100k,14.705990485224156,40,271998,10.506175207828354,20.025385099884584,source_observed,source_year_observed,False,reports/quality/sim_mortality_rates_manifest.json
sim-lung,SIM,lung,brazil_total,2019,crude_rate_per_100k,13.968309107250455,29354,210147125,13.808967097190742,14.129031112899685,source_observed,source_year_observed,False,reports/quality/sim_mortality_rates_manifest.json
sim-lung,SIM,lung,rest_of_rj_excluding_vr,2019,crude_rate_per_100k,15.895780179427517,2701,16991931,15.30190336925503,16.5068010716679,source_observed,source_year_observed,False,reports/quality/sim_mortality_rates_manifest.json
sim-lung,SIM,lung,rj_total,2019,crude_rate_per_100k,15.928230982285895,2750,17264943,15.338417443165902,16.53491653063752,source_observed,source_year_observed,False,reports/quality/sim_mortality_rates_manifest.json
sim-lung,SIM,lung,volta_redonda,2019,crude_rate_per_100k,17.94792902876064,49,273012,13.277976700228978,23.728113999721,source_observed,source_year_observed,False,reports/quality/sim_mortality_rates_manifest.json
sim-lung,SIM,lung,brazil_total,2020,crude_rate_per_100k,13.51557529797121,28620,211755692,13.359438907670885,13.673081235314783,source_observed,cancer_care_disruption,False,reports/quality/sim_mortality_rates_manifest.json
sim-lung,SIM,lung,rest_of_rj_excluding_vr,2020,crude_rate_per_100k,16.001450018052093,2735,17092201,15.40731783839889,16.612625021338918,source_observed,cancer_care_disruption,False,reports/quality/sim_mortality_rates_manifest.json
sim-lung,SIM,lung,rj_total,2020,crude_rate_per_100k,16.048426053637904,2787,17366189,15.458082824192996,16.65554221463731,source_observed,cancer_care_disruption,False,reports/quality/sim_mortality_rates_manifest.json
sim-lung,SIM,lung,volta_redonda,2020,crude_rate_per_100k,18.978933383943822,52,273988,14.17437522828052,24.8883461103672,source_observed,cancer_care_disruption,False,reports/quality/sim_mortality_rates_manifest.json
sim-lung,SIM,lung,brazil_total,2021,crude_rate_per_100k,13.57928023945549,28967,213317639,13.42334764870346,13.736572332914077,source_observed,cancer_care_disruption,False,reports/quality/sim_mortality_rates_manifest.json
sim-lung,SIM,lung,rest_of_rj_excluding_vr,2021,crude_rate_per_100k,15.47553167178096,2660,17188424,14.892959067296793,16.07505320978747,source_observed,cancer_care_disruption,False,reports/quality/sim_mortality_rates_manifest.json
sim-lung,SIM,lung,rj_total,2021,crude_rate_per_100k,15.472404519889055,2702,17463349,14.894451270841252,16.067039031650037,source_observed,cancer_care_disruption,False,reports/quality/sim_mortality_rates_manifest.json
sim-lung,SIM,lung,volta_redonda,2021,crude_rate_per_100k,15.27689369828135,42,274925,11.010241241239502,20.64992226188621,source_observed,cancer_care_disruption,False,reports/quality/sim_mortality_rates_manifest.json
sim-lung,SIM,lung,brazil_total,2022,crude_rate_per_100k,14.563664515804737,29576,203080756,14.39815396828792,14.73060306646746,source_observed,cancer_care_disruption,False,reports/quality/sim_mortality_rates_manifest.json
sim-lung,SIM,lung,rest_of_rj_excluding_vr,2022,crude_rate_per_100k,15.873507331540582,2507,15793611,15.25816521078436,16.50729882747189,source_observed,cancer_care_disruption,False,reports/quality/sim_mortality_rates_manifest.json
sim-lung,SIM,lung,rj_total,2022,crude_rate_per_100k,15.888958911314198,2551,16055174,15.278300916086321,16.517764663707286,source_observed,cancer_care_disruption,False,reports/quality/sim_mortality_rates_manifest.json
sim-lung,SIM,lung,volta_redonda,2022,crude_rate_per_100k,16.82195111693932,44,261563,12.22285543373655,22.582684202393967,source_observed,cancer_care_disruption,False,reports/quality/sim_mortality_rates_manifest.json
sim-lung,SIM,lung,brazil_total,2024,crude_rate_per_100k,15.314905302028025,32557,212583750,15.148994623326683,15.482180023310883,source_observed,source_year_observed,False,reports/quality/sim_mortality_rates_manifest.json
sim-lung,SIM,lung,rest_of_rj_excluding_vr,2024,crude_rate_per_100k,16.94827105497999,2871,16939781,16.333930822583657,17.579804820725332,source_observed,source_year_observed,False,reports/quality/sim_mortality_rates_manifest.json
sim-lung,SIM,lung,rj_total,2024,crude_rate_per_100k,17.021223217924096,2931,17219679,16.41052880600579,17.648830603247152,source_observed,source_year_observed,False,reports/quality/sim_mortality_rates_manifest.json
sim-lung,SIM,lung,volta_redonda,2024,crude_rate_per_100k,21.436380395715585,60,279898,16.35821654674462,27.592870762436075,source_observed,source_year_observed,False,reports/quality/sim_mortality_rates_manifest.json
sim-multiple-myeloma,SIM,multiple_myeloma,brazil_total,2010,crude_rate_per_100k,1.1947212152643392,2279,190755799,1.14616921975392,1.2448012233656602,source_observed,source_year_observed,False,reports/quality/sim_mortality_rates_manifest.json
sim-multiple-myeloma,SIM,multiple_myeloma,rest_of_rj_excluding_vr,2010,crude_rate_per_100k,1.7162333940117187,270,15732126,1.5176071135447047,1.9336327612895696,source_observed,source_year_observed,False,reports/quality/sim_mortality_rates_manifest.json
sim-multiple-myeloma,SIM,multiple_myeloma,rj_total,2010,crude_rate_per_100k,1.701070717699872,272,15989929,1.5049020364693284,1.915708462191411,source_observed,source_year_observed,False,reports/quality/sim_mortality_rates_manifest.json
sim-multiple-myeloma,SIM,multiple_myeloma,volta_redonda,2010,crude_rate_per_100k,,,257803,,,source_observed,source_year_observed,True,reports/quality/sim_mortality_rates_manifest.json
sim-multiple-myeloma,SIM,multiple_myeloma,brazil_total,2011,crude_rate_per_100k,1.1924360651154715,2294,192379287,1.1441339976195137,1.242253215577436,source_observed,source_year_observed,False,reports/quality/sim_mortality_rates_manifest.json
sim-multiple-myeloma,SIM,multiple_myeloma,rest_of_rj_excluding_vr,2011,crude_rate_per_100k,1.6841530533064089,267,15853666,1.4881815861222074,1.8987557539402233,source_observed,source_year_observed,False,reports/quality/sim_mortality_rates_manifest.json
sim-multiple-myeloma,SIM,multiple_myeloma,rj_total,2011,crude_rate_per_100k,1.6881116844760382,272,16112678,1.493437448144869,1.9011142837422712,source_observed,source_year_observed,False,reports/quality/sim_mortality_rates_manifest.json
sim-multiple-myeloma,SIM,multiple_myeloma,volta_redonda,2011,crude_rate_per_100k,1.9304124905409787,5,259012,0.6267996811415767,4.504938797940895,source_observed,source_year_observed,False,reports/quality/sim_mortality_rates_manifest.json
sim-multiple-myeloma,SIM,multiple_myeloma,brazil_total,2012,crude_rate_per_100k,1.2389990113066316,2403,193946886,1.1899507404764131,1.2895498786586261,source_observed,source_year_observed,False,reports/quality/sim_mortality_rates_manifest.json
sim-multiple-myeloma,SIM,multiple_myeloma,rest_of_rj_excluding_vr,2012,crude_rate_per_100k,1.646715631933385,263,15971185,1.4536943549868395,1.858233841278273,source_observed,source_year_observed,False,reports/quality/sim_mortality_rates_manifest.json
sim-multiple-myeloma,SIM,multiple_myeloma,rj_total,2012,crude_rate_per_100k,1.6696069615833296,271,16231365,1.4767227540801517,1.8806861735766227,source_observed,source_year_observed,False,reports/quality/sim_mortality_rates_manifest.json
sim-multiple-myeloma,SIM,multiple_myeloma,volta_redonda,2012,crude_rate_per_100k,3.074794373126297,8,260180,1.3274779678486055,6.058570689596937,source_observed,source_year_observed,False,reports/quality/sim_mortality_rates_manifest.json
sim-multiple-myeloma,SIM,multiple_myeloma,brazil_total,2013,crude_rate_per_100k,1.2739220145035697,2561,201032714,1.2250563120977356,1.3242370413648419,source_observed,source_year_observed,False,reports/quality/sim_mortality_rates_manifest.json
sim-multiple-myeloma,SIM,multiple_myeloma,rest_of_rj_excluding_vr,2013,crude_rate_per_100k,1.6886378943877438,272,16107657,1.4939029751564719,1.9017068897816638,source_observed,source_year_observed,False,reports/quality/sim_mortality_rates_manifest.json
sim-multiple-myeloma,SIM,multiple_myeloma,rj_total,2013,crude_rate_per_100k,1.6983136417531999,278,16369179,1.5045231259525238,1.9101414538495447,source_observed,source_year_observed,False,reports/quality/sim_mortality_rates_manifest.json
sim-multiple-myeloma,SIM,multiple_myeloma,volta_redonda,2013,crude_rate_per_100k,2.2942620506114206,6,261522,0.8419537375405705,4.993642608468384,source_observed,source_year_observed,False,reports/quality/sim_mortality_rates_manifest.json
sim-multiple-myeloma,SIM,multiple_myeloma,brazil_total,2014,crude_rate_per_100k,1.3882822722784807,2815,202768562,1.33746640480669,1.4405346183229533,source_observed,source_year_observed,False,reports/quality/sim_mortality_rates_manifest.json
sim-multiple-myeloma,SIM,multiple_myeloma,rest_of_rj_excluding_vr,2014,crude_rate_per_100k,1.802589976093459,292,16198914,1.6017437748048746,2.021654416671295,source_observed,source_year_observed,False,reports/quality/sim_mortality_rates_manifest.json
sim-multiple-myeloma,SIM,multiple_myeloma,rj_total,2014,crude_rate_per_100k,1.7981707621929492,296,16461173,1.599135222558281,2.015131968750471,source_observed,source_year_observed,False,reports/quality/sim_mortality_rates_manifest.json
sim-multiple-myeloma,SIM,multiple_myeloma,volta_redonda,2014,crude_rate_per_100k,,,262259,,,source_observed,source_year_observed,True,reports/quality/sim_mortality_rates_manifest.json
sim-multiple-myeloma,SIM,multiple_myeloma,brazil_total,2015,crude_rate_per_100k,1.4130590890687436,2889,204450049,1.361996936385945,1.4655457902656175,source_observed,source_year_observed,False,reports/quality/sim_mortality_rates_manifest.json
sim-multiple-myeloma,SIM,multiple_myeloma,rest_of_rj_excluding_vr,2015,crude_rate_per_100k,1.608639598051311,262,16287054,1.4197332419841486,1.8156848533687922,source_observed,source_year_observed,False,reports/quality/sim_mortality_rates_manifest.json
sim-multiple-myeloma,SIM,multiple_myeloma,rj_total,2015,crude_rate_per_100k,1.6072484245340066,266,16550024,1.4198854761729076,1.8124593471857602,source_observed,source_year_observed,False,reports/quality/sim_mortality_rates_manifest.json
sim-multiple-myeloma,SIM,multiple_myeloma,volta_redonda,2015,crude_rate_per_100k,,,262970,,,source_observed,source_year_observed,True,reports/quality/sim_mortality_rates_manifest.json
sim-multiple-myeloma,SIM,multiple_myeloma,brazil_total,2016,crude_rate_per_100k,1.4867909108861395,3064,206081432,1.434607435705484,1.5403874025426756,source_observed,source_year_observed,False,reports/quality/sim_mortality_rates_manifest.json
sim-multiple-myeloma,SIM,multiple_myeloma,rest_of_rj_excluding_vr,2016,crude_rate_per_100k,1.8567905119470727,304,16372337,1.6539095492596576,2.077689879036739,source_observed,source_year_observed,False,reports/quality/sim_mortality_rates_manifest.json
sim-multiple-myeloma,SIM,multiple_myeloma,rj_total,2016,crude_rate_per_100k,1.8574180950752814,309,16635996,1.6560696803555086,2.076496649093352,source_observed,source_year_observed,False,reports/quality/sim_mortality_rates_manifest.json
sim-multiple-myeloma,SIM,multiple_myeloma,volta_redonda,2016,crude_rate_per_100k,1.8963888962637345,5,263659,0.6157523126911733,4.42553907862909,source_observed,source_year_observed,False,reports/quality/sim_mortality_rates_manifest.json
sim-multiple-myeloma,SIM,multiple_myeloma,brazil_total,2017,crude_rate_per_100k,1.5520493024472601,3223,207660929,1.4989242972809744,1.6065763646316054,source_observed,source_year_observed,False,reports/quality/sim_mortality_rates_manifest.json
sim-multiple-myeloma,SIM,multiple_myeloma,rest_of_rj_excluding_vr,2017,crude_rate_per_100k,1.9570000890374266,322,16453755,1.7490610625284626,2.182858841662612,source_observed,source_year_observed,False,reports/quality/sim_mortality_rates_manifest.json
sim-multiple-myeloma,SIM,multiple_myeloma,rj_total,2017,crude_rate_per_100k,1.93193881244738,323,16718956,1.7269716957244627,2.1545409098668213,source_observed,source_year_observed,False,reports/quality/sim_mortality_rates_manifest.json
sim-multiple-myeloma,SIM,multiple_myeloma,volta_redonda,2017,crude_rate_per_100k,,,265201,,,source_observed,source_year_observed,True,reports/quality/sim_mortality_rates_manifest.json
sim-multiple-myeloma,SIM,multiple_myeloma,brazil_total,2018,crude_rate_per_100k,1.6753407397495093,3493,208494900,1.6202377232702472,1.7318398802722839,source_observed,source_year_observed,False,reports/quality/sim_mortality_rates_manifest.json
sim-multiple-myeloma,SIM,multiple_myeloma,rest_of_rj_excluding_vr,2018,crude_rate_per_100k,1.7645705266271916,298,16887962,1.569891350428325,1.9767212424872853,source_observed,source_year_observed,False,reports/quality/sim_mortality_rates_manifest.json
sim-multiple-myeloma,SIM,multiple_myeloma,rj_total,2018,crude_rate_per_100k,1.7657383816745493,303,17159960,1.5724973291800037,1.9761713445079432,source_observed,source_year_observed,False,reports/quality/sim_mortality_rates_manifest.json
sim-multiple-myeloma,SIM,multiple_myeloma,volta_redonda,2018,crude_rate_per_100k,1.8382488106530195,5,271998,0.5968743851493102,4.289859513423875,source_observed,source_year_observed,False,reports/quality/sim_mortality_rates_manifest.json
sim-multiple-myeloma,SIM,multiple_myeloma,brazil_total,2019,crude_rate_per_100k,1.7130855347176412,3600,210147125,1.657577833063827,1.7699782661908772,source_observed,source_year_observed,False,reports/quality/sim_mortality_rates_manifest.json
sim-multiple-myeloma,SIM,multiple_myeloma,rest_of_rj_excluding_vr,2019,crude_rate_per_100k,1.9950645986027131,339,16991931,1.7883165953698958,2.219156740785895,source_observed,source_year_observed,False,reports/quality/sim_mortality_rates_manifest.json
sim-multiple-myeloma,SIM,multiple_myeloma,rj_total,2019,crude_rate_per_100k,2.009853145764802,347,17264943,1.803921964064799,2.232850686315853,source_observed,source_year_observed,False,reports/quality/sim_mortality_rates_manifest.json
sim-multiple-myeloma,SIM,multiple_myeloma,volta_redonda,2019,crude_rate_per_100k,2.9302741271445942,8,273012,1.265084383378204,5.7738081916521296,source_observed,source_year_observed,False,reports/quality/sim_mortality_rates_manifest.json
sim-multiple-myeloma,SIM,multiple_myeloma,brazil_total,2020,crude_rate_per_100k,1.6089295960932186,3407,211755692,1.5553527299731433,1.6638811852996485,source_observed,cancer_care_disruption,False,reports/quality/sim_mortality_rates_manifest.json
sim-multiple-myeloma,SIM,multiple_myeloma,rest_of_rj_excluding_vr,2020,crude_rate_per_100k,1.9131532562716762,327,17092201,1.7113895537630073,2.1321649175957895,source_observed,cancer_care_disruption,False,reports/quality/sim_mortality_rates_manifest.json
sim-multiple-myeloma,SIM,multiple_myeloma,rj_total,2020,crude_rate_per_100k,1.9290357832682807,335,17366189,1.7279732937407617,2.1470704230607423,source_observed,cancer_care_disruption,False,reports/quality/sim_mortality_rates_manifest.json
sim-multiple-myeloma,SIM,multiple_myeloma,volta_redonda,2020,crude_rate_per_100k,2.9198359052221265,8,273988,1.260577900035221,5.753240733241351,source_observed,cancer_care_disruption,False,reports/quality/sim_mortality_rates_manifest.json
sim-multiple-myeloma,SIM,multiple_myeloma,brazil_total,2021,crude_rate_per_100k,1.6224631100478286,3461,213317639,1.5688551929083034,1.6774356229839773,source_observed,cancer_care_disruption,False,reports/quality/sim_mortality_rates_manifest.json
sim-multiple-myeloma,SIM,multiple_myeloma,rest_of_rj_excluding_vr,2021,crude_rate_per_100k,1.6406390719707635,282,17188424,1.4547218047506918,1.8437315418224345,source_observed,cancer_care_disruption,False,reports/quality/sim_mortality_rates_manifest.json
sim-multiple-myeloma,SIM,multiple_myeloma,rj_total,2021,crude_rate_per_100k,1.6377156523642744,286,17463349,1.4533929152127043,1.8389409010145241,source_observed,cancer_care_disruption,False,reports/quality/sim_mortality_rates_manifest.json
sim-multiple-myeloma,SIM,multiple_myeloma,volta_redonda,2021,crude_rate_per_100k,,,274925,,,source_observed,cancer_care_disruption,True,reports/quality/sim_mortality_rates_manifest.json
sim-multiple-myeloma,SIM,multiple_myeloma,brazil_total,2022,crude_rate_per_100k,1.81159459540322,3679,203080756,1.7535235208755418,1.8710988066426435,source_observed,cancer_care_disruption,False,reports/quality/sim_mortality_rates_manifest.json
sim-multiple-myeloma,SIM,multiple_myeloma,rest_of_rj_excluding_vr,2022,crude_rate_per_100k,1.962819015866606,310,15793611,1.7503784697328795,2.193934815150381,source_observed,cancer_care_disruption,False,reports/quality/sim_mortality_rates_manifest.json
sim-multiple-myeloma,SIM,multiple_myeloma,rj_total,2022,crude_rate_per_100k,1.9868984291294507,319,16055174,1.7748202858863622,2.2173427368561067,source_observed,cancer_care_disruption,False,reports/quality/sim_mortality_rates_manifest.json
sim-multiple-myeloma,SIM,multiple_myeloma,volta_redonda,2022,crude_rate_per_100k,3.4408536375557706,9,261563,1.5733773880014887,6.531812011415669,source_observed,cancer_care_disruption,False,reports/quality/sim_mortality_rates_manifest.json
sim-multiple-myeloma,SIM,multiple_myeloma,brazil_total,2024,crude_rate_per_100k,1.9380597058806235,4120,212583750,1.879327636208029,1.9981604313310328,source_observed,source_year_observed,False,reports/quality/sim_mortality_rates_manifest.json
sim-multiple-myeloma,SIM,multiple_myeloma,rest_of_rj_excluding_vr,2024,crude_rate_per_100k,2.1901109583411973,371,16939781,1.972896342315996,2.424709475532808,source_observed,source_year_observed,False,reports/quality/sim_mortality_rates_manifest.json
sim-multiple-myeloma,SIM,multiple_myeloma,rj_total,2024,crude_rate_per_100k,2.183548253135265,376,17219679,1.9683916492388605,2.4158042506364787,source_observed,source_year_observed,False,reports/quality/sim_mortality_rates_manifest.json
sim-multiple-myeloma,SIM,multiple_myeloma,volta_redonda,2024,crude_rate_per_100k,1.7863650329762983,5,279898,0.5800278637640929,4.168780083931529,source_observed,source_year_observed,False,reports/quality/sim_mortality_rates_manifest.json
sim-myelodysplastic-syndromes,SIM,myelodysplastic_syndromes,brazil_total,2010,crude_rate_per_100k,0.30195674418265,576,190755799,0.27779761578494283,0.32765443160618657,source_observed,source_year_observed,False,reports/quality/sim_mortality_rates_manifest.json
sim-myelodysplastic-syndromes,SIM,myelodysplastic_syndromes,rest_of_rj_excluding_vr,2010,crude_rate_per_100k,0.6292855778042967,99,15732126,0.5114522656009454,0.7661326114039225,source_observed,source_year_observed,False,reports/quality/sim_mortality_rates_manifest.json
sim-myelodysplastic-syndromes,SIM,myelodysplastic_syndromes,rj_total,2010,crude_rate_per_100k,0.6316475826753202,101,15989929,0.5144873300753177,0.767509072153044,source_observed,source_year_observed,False,reports/quality/sim_mortality_rates_manifest.json
sim-myelodysplastic-syndromes,SIM,myelodysplastic_syndromes,volta_redonda,2010,crude_rate_per_100k,,,257803,,,source_observed,source_year_observed,True,reports/quality/sim_mortality_rates_manifest.json
sim-myelodysplastic-syndromes,SIM,myelodysplastic_syndromes,brazil_total,2011,crude_rate_per_100k,0.30512640375884126,587,192379287,0.2809387489833782,0.3308394363240835,source_observed,source_year_observed,False,reports/quality/sim_mortality_rates_manifest.json
sim-myelodysplastic-syndromes,SIM,myelodysplastic_syndromes,rest_of_rj_excluding_vr,2011,crude_rate_per_100k,0.580307419116815,92,15853666,0.4678096836798656,0.7116955346585206,source_observed,source_year_observed,False,reports/quality/sim_mortality_rates_manifest.json
sim-myelodysplastic-syndromes,SIM,myelodysplastic_syndromes,rj_total,2011,crude_rate_per_100k,0.5771852450598218,93,16112678,0.46586298518005104,0.7070909194941564,source_observed,source_year_observed,False,reports/quality/sim_mortality_rates_manifest.json
sim-myelodysplastic-syndromes,SIM,myelodysplastic_syndromes,volta_redonda,2011,crude_rate_per_100k,,,259012,,,source_observed,source_year_observed,True,reports/quality/sim_mortality_rates_manifest.json
sim-myelodysplastic-syndromes,SIM,myelodysplastic_syndromes,brazil_total,2012,crude_rate_per_100k,0.3351433031000044,650,193946886,0.30987056833578325,0.36192806257922594,source_observed,source_year_observed,False,reports/quality/sim_mortality_rates_manifest.json
sim-myelodysplastic-syndromes,SIM,myelodysplastic_syndromes,rest_of_rj_excluding_vr,2012,crude_rate_per_100k,0.5384697503660498,86,15971185,0.43070629539492516,0.6650057612002315,source_observed,source_year_observed,False,reports/quality/sim_mortality_rates_manifest.json
sim-myelodysplastic-syndromes,SIM,myelodysplastic_syndromes,rj_total,2012,crude_rate_per_100k,0.5359992828699249,87,16231365,0.42931345290934986,0.6611531351954923,source_observed,source_year_observed,False,reports/quality/sim_mortality_rates_manifest.json
sim-myelodysplastic-syndromes,SIM,myelodysplastic_syndromes,volta_redonda,2012,crude_rate_per_100k,,,260180,,,source_observed,source_year_observed,True,reports/quality/sim_mortality_rates_manifest.json
sim-myelodysplastic-syndromes,SIM,myelodysplastic_syndromes,brazil_total,2013,crude_rate_per_100k,0.36809929353090265,740,201032714,0.3420520880662182,0.3956040422780527,source_observed,source_year_observed,False,reports/quality/sim_mortality_rates_manifest.json
sim-myelodysplastic-syndromes,SIM,myelodysplastic_syndromes,rest_of_rj_excluding_vr,2013,crude_rate_per_100k,0.6642803481598845,107,16107657,0.5443937761838099,0.8027148037787516,source_observed,source_year_observed,False,reports/quality/sim_mortality_rates_manifest.json
sim-myelodysplastic-syndromes,SIM,myelodysplastic_syndromes,rj_total,2013,crude_rate_per_100k,0.6842126902027279,112,16369179,0.5633786125288165,0.8232856595442898,source_observed,source_year_observed,False,reports/quality/sim_mortality_rates_manifest.json
sim-myelodysplastic-syndromes,SIM,myelodysplastic_syndromes,volta_redonda,2013,crude_rate_per_100k,1.911885042176184,5,261522,0.6207838690888035,4.461701913920309,source_observed,source_year_observed,False,reports/quality/sim_mortality_rates_manifest.json
sim-myelodysplastic-syndromes,SIM,myelodysplastic_syndromes,brazil_total,2014,crude_rate_per_100k,0.42363569161179926,859,202768562,0.3957758203178616,0.45293936541665314,source_observed,source_year_observed,False,reports/quality/sim_mortality_rates_manifest.json
sim-myelodysplastic-syndromes,SIM,myelodysplastic_syndromes,rest_of_rj_excluding_vr,2014,crude_rate_per_100k,0.7901764278765849,128,16198914,0.6592252653048472,0.9395223557386257,source_observed,source_year_observed,False,reports/quality/sim_mortality_rates_manifest.json
sim-myelodysplastic-syndromes,SIM,myelodysplastic_syndromes,rj_total,2014,crude_rate_per_100k,0.7836622578476029,129,16461173,0.654271896187389,0.9311523340811169,source_observed,source_year_observed,False,reports/quality/sim_mortality_rates_manifest.json
sim-myelodysplastic-syndromes,SIM,myelodysplastic_syndromes,volta_redonda,2014,crude_rate_per_100k,,,262259,,,source_observed,source_year_observed,True,reports/quality/sim_mortality_rates_manifest.json
sim-myelodysplastic-syndromes,SIM,myelodysplastic_syndromes,brazil_total,2015,crude_rate_per_100k,0.408412716985947,835,204450049,0.3811773032038506,0.43708028981864394,source_observed,source_year_observed,False,reports/quality/sim_mortality_rates_manifest.json
sim-myelodysplastic-syndromes,SIM,myelodysplastic_syndromes,rest_of_rj_excluding_vr,2015,crude_rate_per_100k,0.5955650420266304,97,16287054,0.48296312871703084,0.7265388444860184,source_observed,source_year_observed,False,reports/quality/sim_mortality_rates_manifest.json
sim-myelodysplastic-syndromes,SIM,myelodysplastic_syndromes,rj_total,2015,crude_rate_per_100k,0.604228731027822,100,16550024,0.4916246118490411,0.7349040327218038,source_observed,source_year_observed,False,reports/quality/sim_mortality_rates_manifest.json
sim-myelodysplastic-syndromes,SIM,myelodysplastic_syndromes,volta_redonda,2015,crude_rate_per_100k,,,262970,,,source_observed,source_year_observed,True,reports/quality/sim_mortality_rates_manifest.json
sim-myelodysplastic-syndromes,SIM,myelodysplastic_syndromes,brazil_total,2016,crude_rate_per_100k,0.4566156159085695,941,206081432,0.4279033602006575,0.4867477482771774,source_observed,source_year_observed,False,reports/quality/sim_mortality_rates_manifest.json
sim-myelodysplastic-syndromes,SIM,myelodysplastic_syndromes,rest_of_rj_excluding_vr,2016,crude_rate_per_100k,0.6474335337710188,106,16372337,0.5300655292327876,0.7830522089054681,source_observed,source_year_observed,False,reports/quality/sim_mortality_rates_manifest.json
sim-myelodysplastic-syndromes,SIM,myelodysplastic_syndromes,rj_total,2016,crude_rate_per_100k,0.6431836122105343,107,16635996,0.5271044919524854,0.7772215578851087,source_observed,source_year_observed,False,reports/quality/sim_mortality_rates_manifest.json
sim-myelodysplastic-syndromes,SIM,myelodysplastic_syndromes,volta_redonda,2016,crude_rate_per_100k,,,263659,,,source_observed,source_year_observed,True,reports/quality/sim_mortality_rates_manifest.json
sim-myelodysplastic-syndromes,SIM,myelodysplastic_syndromes,brazil_total,2017,crude_rate_per_100k,0.45843963261861354,952,207660929,0.4297770189448475,0.4885112348946507,source_observed,source_year_observed,False,reports/quality/sim_mortality_rates_manifest.json
sim-myelodysplastic-syndromes,SIM,myelodysplastic_syndromes,rest_of_rj_excluding_vr,2017,crude_rate_per_100k,0.6199192828627872,102,16453755,0.5054700899204315,0.7525397127253245,source_observed,source_year_observed,False,reports/quality/sim_mortality_rates_manifest.json
sim-myelodysplastic-syndromes,SIM,myelodysplastic_syndromes,rj_total,2017,crude_rate_per_100k,0.6340108796266944,106,16718956,0.5190761598201796,0.7668178953754484,source_observed,source_year_observed,False,reports/quality/sim_mortality_rates_manifest.json
sim-myelodysplastic-syndromes,SIM,myelodysplastic_syndromes,volta_redonda,2017,crude_rate_per_100k,,,265201,,,source_observed,source_year_observed,True,reports/quality/sim_mortality_rates_manifest.json
sim-myelodysplastic-syndromes,SIM,myelodysplastic_syndromes,brazil_total,2018,crude_rate_per_100k,0.4652391976974017,970,208494900,0.4364182872273177,0.49546332021327283,source_observed,source_year_observed,False,reports/quality/sim_mortality_rates_manifest.json
sim-myelodysplastic-syndromes,SIM,myelodysplastic_syndromes,rest_of_rj_excluding_vr,2018,crude_rate_per_100k,0.8349142424645437,141,16887962,0.7027955597740029,0.9846536144695704,source_observed,source_year_observed,False,reports/quality/sim_mortality_rates_manifest.json
sim-myelodysplastic-syndromes,SIM,myelodysplastic_syndromes,rj_total,2018,crude_rate_per_100k,0.839162795251271,144,17159960,0.7077022393867203,0.9879598375960147,source_observed,source_year_observed,False,reports/quality/sim_mortality_rates_manifest.json
sim-myelodysplastic-syndromes,SIM,myelodysplastic_syndromes,volta_redonda,2018,crude_rate_per_100k,,,271998,,,source_observed,source_year_observed,True,reports/quality/sim_mortality_rates_manifest.json
sim-myelodysplastic-syndromes,SIM,myelodysplastic_syndromes,brazil_total,2019,crude_rate_per_100k,0.47680880716307683,1002,210147125,0.4477392039376143,0.5072703512811294,source_observed,source_year_observed,False,reports/quality/sim_mortality_rates_manifest.json
sim-myelodysplastic-syndromes,SIM,myelodysplastic_syndromes,rest_of_rj_excluding_vr,2019,crude_rate_per_100k,0.6179403623990705,105,16991931,0.5054139951502755,0.748054484618822,source_observed,source_year_observed,False,reports/quality/sim_mortality_rates_manifest.json
sim-myelodysplastic-syndromes,SIM,myelodysplastic_syndromes,rj_total,2019,crude_rate_per_100k,0.6197529873107603,107,17264943,0.5079025294032873,0.748908046096094,source_observed,source_year_observed,False,reports/quality/sim_mortality_rates_manifest.json
sim-myelodysplastic-syndromes,SIM,myelodysplastic_syndromes,volta_redonda,2019,crude_rate_per_100k,,,273012,,,source_observed,source_year_observed,True,reports/quality/sim_mortality_rates_manifest.json
sim-myelodysplastic-syndromes,SIM,myelodysplastic_syndromes,brazil_total,2020,crude_rate_per_100k,0.47696474671386874,1010,211755692,0.44799922803927145,0.5073115751529143,source_observed,cancer_care_disruption,False,reports/quality/sim_mortality_rates_manifest.json
sim-myelodysplastic-syndromes,SIM,myelodysplastic_syndromes,rest_of_rj_excluding_vr,2020,crude_rate_per_100k,0.6552696168269961,112,17092201,0.5395469754454585,0.7884596213918582,source_observed,cancer_care_disruption,False,reports/quality/sim_mortality_rates_manifest.json
sim-myelodysplastic-syndromes,SIM,myelodysplastic_syndromes,rj_total,2020,crude_rate_per_100k,0.6794812609721108,118,17366189,0.5624245995496592,0.8137163814344217,source_observed,cancer_care_disruption,False,reports/quality/sim_mortality_rates_manifest.json
sim-myelodysplastic-syndromes,SIM,myelodysplastic_syndromes,volta_redonda,2020,crude_rate_per_100k,2.1898769289165947,6,273988,0.803646237605607,4.766440144283211,source_observed,cancer_care_disruption,False,reports/quality/sim_mortality_rates_manifest.json
sim-myelodysplastic-syndromes,SIM,myelodysplastic_syndromes,brazil_total,2021,crude_rate_per_100k,0.4448764783112943,949,213317639,0.41701864050778353,0.4741059647603121,source_observed,cancer_care_disruption,False,reports/quality/sim_mortality_rates_manifest.json
sim-myelodysplastic-syndromes,SIM,myelodysplastic_syndromes,rest_of_rj_excluding_vr,2021,crude_rate_per_100k,0.570151166855088,98,17188424,0.462876276931193,0.6948316511923099,source_observed,cancer_care_disruption,False,reports/quality/sim_mortality_rates_manifest.json
sim-myelodysplastic-syndromes,SIM,myelodysplastic_syndromes,rj_total,2021,crude_rate_per_100k,0.5783541289817893,101,17463349,0.4710789367665901,0.7027526948343672,source_observed,cancer_care_disruption,False,reports/quality/sim_mortality_rates_manifest.json
sim-myelodysplastic-syndromes,SIM,myelodysplastic_syndromes,volta_redonda,2021,crude_rate_per_100k,,,274925,,,source_observed,cancer_care_disruption,True,reports/quality/sim_mortality_rates_manifest.json
sim-myelodysplastic-syndromes,SIM,myelodysplastic_syndromes,brazil_total,2022,crude_rate_per_100k,0.5027556623828995,1021,203080756,0.47238624621542735,0.5345653120224998,source_observed,cancer_care_disruption,False,reports/quality/sim_mortality_rates_manifest.json
sim-myelodysplastic-syndromes,SIM,myelodysplastic_syndromes,rest_of_rj_excluding_vr,2022,crude_rate_per_100k,0.7661325836124493,121,15793611,0.6357165031020542,0.9154306754258679,source_observed,cancer_care_disruption,False,reports/quality/sim_mortality_rates_manifest.json
sim-myelodysplastic-syndromes,SIM,myelodysplastic_syndromes,rj_total,2022,crude_rate_per_100k,0.7598796500118903,122,16055174,0.6310341224672239,0.9072973600389945,source_observed,cancer_care_disruption,False,reports/quality/sim_mortality_rates_manifest.json
sim-myelodysplastic-syndromes,SIM,myelodysplastic_syndromes,volta_redonda,2022,crude_rate_per_100k,,,261563,,,source_observed,cancer_care_disruption,True,reports/quality/sim_mortality_rates_manifest.json
sim-myelodysplastic-syndromes,SIM,myelodysplastic_syndromes,brazil_total,2024,crude_rate_per_100k,0.5564865611788296,1183,212583750,0.5252233952501798,0.5891245636314131,source_observed,source_year_observed,False,reports/quality/sim_mortality_rates_manifest.json
sim-myelodysplastic-syndromes,SIM,myelodysplastic_syndromes,rest_of_rj_excluding_vr,2024,crude_rate_per_100k,0.7851341171411838,133,16939781,0.657376389069992,0.9304726774743936,source_observed,source_year_observed,False,reports/quality/sim_mortality_rates_manifest.json
sim-myelodysplastic-syndromes,SIM,myelodysplastic_syndromes,rj_total,2024,crude_rate_per_100k,0.8014086673741131,138,17219679,0.6732814919376199,0.9468221318394794,source_observed,source_year_observed,False,reports/quality/sim_mortality_rates_manifest.json
sim-myelodysplastic-syndromes,SIM,myelodysplastic_syndromes,volta_redonda,2024,crude_rate_per_100k,1.7863650329762983,5,279898,0.5800278637640929,4.168780083931529,source_observed,source_year_observed,False,reports/quality/sim_mortality_rates_manifest.json
sim-non-hodgkin-lymphoma,SIM,non_hodgkin_lymphoma,brazil_total,2010,crude_rate_per_100k,1.9574765326007204,3734,190755799,1.8951892933549779,2.021289442894575,source_observed,source_year_observed,False,reports/quality/sim_mortality_rates_manifest.json
sim-non-hodgkin-lymphoma,SIM,non_hodgkin_lymphoma,rest_of_rj_excluding_vr,2010,crude_rate_per_100k,2.2883111920156245,360,15732126,2.0580074160709536,2.5373381462943785,source_observed,source_year_observed,False,reports/quality/sim_mortality_rates_manifest.json
sim-non-hodgkin-lymphoma,SIM,non_hodgkin_lymphoma,rj_total,2010,crude_rate_per_100k,2.307702554526665,369,15989929,2.0782220899155948,2.5556004261959364,source_observed,source_year_observed,False,reports/quality/sim_mortality_rates_manifest.json
sim-non-hodgkin-lymphoma,SIM,non_hodgkin_lymphoma,volta_redonda,2010,crude_rate_per_100k,3.4910377303600035,9,257803,1.596324750828475,6.627077051632124,source_observed,source_year_observed,False,reports/quality/sim_mortality_rates_manifest.json
sim-non-hodgkin-lymphoma,SIM,non_hodgkin_lymphoma,brazil_total,2011,crude_rate_per_100k,2.0340027562322756,3913,192379287,1.9707663970101925,2.098751719359273,source_observed,source_year_observed,False,reports/quality/sim_mortality_rates_manifest.json
sim-non-hodgkin-lymphoma,SIM,non_hodgkin_lymphoma,rest_of_rj_excluding_vr,2011,crude_rate_per_100k,2.781690998157776,441,15853666,2.5280962753725054,3.0538344009667147,source_observed,source_year_observed,False,reports/quality/sim_mortality_rates_manifest.json
sim-non-hodgkin-lymphoma,SIM,non_hodgkin_lymphoma,rj_total,2011,crude_rate_per_100k,2.768006659104092,446,16112678,2.517044181093705,3.03721804154537,source_observed,source_year_observed,False,reports/quality/sim_mortality_rates_manifest.json
sim-non-hodgkin-lymphoma,SIM,non_hodgkin_lymphoma,volta_redonda,2011,crude_rate_per_100k,1.9304124905409787,5,259012,0.6267996811415767,4.504938797940895,source_observed,source_year_observed,False,reports/quality/sim_mortality_rates_manifest.json
sim-non-hodgkin-lymphoma,SIM,non_hodgkin_lymphoma,brazil_total,2012,crude_rate_per_100k,2.1428547195132586,4156,193946886,2.078196148927304,2.2090134295767117,source_observed,source_year_observed,False,reports/quality/sim_mortality_rates_manifest.json
sim-non-hodgkin-lymphoma,SIM,non_hodgkin_lymphoma,rest_of_rj_excluding_vr,2012,crude_rate_per_100k,2.7236551326654848,435,15971185,2.4736858753938127,2.9920385645634786,source_observed,source_year_observed,False,reports/quality/sim_mortality_rates_manifest.json
sim-non-hodgkin-lymphoma,SIM,non_hodgkin_lymphoma,rj_total,2012,crude_rate_per_100k,2.7169618821337576,441,16231365,2.46926823256083,2.9827725895041093,source_observed,source_year_observed,False,reports/quality/sim_mortality_rates_manifest.json
sim-non-hodgkin-lymphoma,SIM,non_hodgkin_lymphoma,volta_redonda,2012,crude_rate_per_100k,2.306095779844723,6,260180,0.8462965076065996,5.019399655053688,source_observed,source_year_observed,False,reports/quality/sim_mortality_rates_manifest.json
sim-non-hodgkin-lymphoma,SIM,non_hodgkin_lymphoma,brazil_total,2013,crude_rate_per_100k,2.0061411497434194,4033,201032714,1.9446986905111614,2.0690309867601027,source_observed,source_year_observed,False,reports/quality/sim_mortality_rates_manifest.json
sim-non-hodgkin-lymphoma,SIM,non_hodgkin_lymphoma,rest_of_rj_excluding_vr,2013,crude_rate_per_100k,2.4274169731823814,391,16107657,2.192745299510274,2.68036254557067,source_observed,source_year_observed,False,reports/quality/sim_mortality_rates_manifest.json
sim-non-hodgkin-lymphoma,SIM,non_hodgkin_lymphoma,rj_total,2013,crude_rate_per_100k,2.4375077088472183,399,16369179,2.2041749113847784,2.6888194481016754,source_observed,source_year_observed,False,reports/quality/sim_mortality_rates_manifest.json
sim-non-hodgkin-lymphoma,SIM,non_hodgkin_lymphoma,volta_redonda,2013,crude_rate_per_100k,3.0590160674818945,8,261522,1.320666015382454,6.027481137416093,source_observed,source_year_observed,False,reports/quality/sim_mortality_rates_manifest.json
sim-non-hodgkin-lymphoma,SIM,non_hodgkin_lymphoma,brazil_total,2014,crude_rate_per_100k,2.068367975110461,4194,202768562,2.006238210344329,2.131932580196868,source_observed,source_year_observed,False,reports/quality/sim_mortality_rates_manifest.json
sim-non-hodgkin-lymphoma,SIM,non_hodgkin_lymphoma,rest_of_rj_excluding_vr,2014,crude_rate_per_100k,2.5742466439416862,417,16198914,2.33306880516015,2.8335858892672996,source_observed,source_year_observed,False,reports/quality/sim_mortality_rates_manifest.json
sim-non-hodgkin-lymphoma,SIM,non_hodgkin_lymphoma,rj_total,2014,crude_rate_per_100k,2.612207526158677,430,16461173,2.3711105222446864,2.8711722138576405,source_observed,source_year_observed,False,reports/quality/sim_mortality_rates_manifest.json
sim-non-hodgkin-lymphoma,SIM,non_hodgkin_lymphoma,volta_redonda,2014,crude_rate_per_100k,4.956931887942835,13,262259,2.6393574638063138,8.476504492947381,source_observed,source_year_observed,False,reports/quality/sim_mortality_rates_manifest.json
sim-non-hodgkin-lymphoma,SIM,non_hodgkin_lymphoma,brazil_total,2015,crude_rate_per_100k,2.0836385321678255,4260,204450049,2.021533151224713,2.147166895367954,source_observed,source_year_observed,False,reports/quality/sim_mortality_rates_manifest.json
sim-non-hodgkin-lymphoma,SIM,non_hodgkin_lymphoma,rest_of_rj_excluding_vr,2015,crude_rate_per_100k,2.5480360045469244,415,16287054,2.3087534674351455,2.8053823635047492,source_observed,source_year_observed,False,reports/quality/sim_mortality_rates_manifest.json
sim-non-hodgkin-lymphoma,SIM,non_hodgkin_lymphoma,rj_total,2015,crude_rate_per_100k,2.5558875322476875,423,16550024,2.31809235200561,2.8114567899364755,source_observed,source_year_observed,False,reports/quality/sim_mortality_rates_manifest.json
sim-non-hodgkin-lymphoma,SIM,non_hodgkin_lymphoma,volta_redonda,2015,crude_rate_per_100k,3.0421721108871735,8,262970,1.313393990473629,5.994291828038678,source_observed,source_year_observed,False,reports/quality/sim_mortality_rates_manifest.json
sim-non-hodgkin-lymphoma,SIM,non_hodgkin_lymphoma,brazil_total,2016,crude_rate_per_100k,2.1394455372379206,4409,206081432,2.0767555265378412,2.2035471419457253,source_observed,source_year_observed,False,reports/quality/sim_mortality_rates_manifest.json
sim-non-hodgkin-lymphoma,SIM,non_hodgkin_lymphoma,rest_of_rj_excluding_vr,2016,crude_rate_per_100k,2.577518408031792,422,16372337,2.337433725269388,2.835570407724691,source_observed,source_year_observed,False,reports/quality/sim_mortality_rates_manifest.json
sim-non-hodgkin-lymphoma,SIM,non_hodgkin_lymphoma,rj_total,2016,crude_rate_per_100k,2.5727344488421373,428,16635996,2.3347399920604723,2.828409476261383,source_observed,source_year_observed,False,reports/quality/sim_mortality_rates_manifest.json
sim-non-hodgkin-lymphoma,SIM,non_hodgkin_lymphoma,volta_redonda,2016,crude_rate_per_100k,2.2756666755164816,6,263659,0.8351295626133948,4.953168305469825,source_observed,source_year_observed,False,reports/quality/sim_mortality_rates_manifest.json
sim-non-hodgkin-lymphoma,SIM,non_hodgkin_lymphoma,brazil_total,2017,crude_rate_per_100k,2.0971686975357793,4355,207660929,2.035340489615393,2.160397806427116,source_observed,source_year_observed,False,reports/quality/sim_mortality_rates_manifest.json
sim-non-hodgkin-lymphoma,SIM,non_hodgkin_lymphoma,rest_of_rj_excluding_vr,2017,crude_rate_per_100k,2.4979100515353485,411,16453755,2.26222434269079,2.751477967051183,source_observed,source_year_observed,False,reports/quality/sim_mortality_rates_manifest.json
sim-non-hodgkin-lymphoma,SIM,non_hodgkin_lymphoma,rj_total,2017,crude_rate_per_100k,2.482212406085643,415,16718956,2.2491112720676734,2.732910717932955,source_observed,source_year_observed,False,reports/quality/sim_mortality_rates_manifest.json
sim-non-hodgkin-lymphoma,SIM,non_hodgkin_lymphoma,volta_redonda,2017,crude_rate_per_100k,,,265201,,,source_observed,source_year_observed,True,reports/quality/sim_mortality_rates_manifest.json
sim-non-hodgkin-lymphoma,SIM,non_hodgkin_lymphoma,brazil_total,2018,crude_rate_per_100k,2.0724727559283225,4321,208494900,2.0111345004770143,2.1352063366500356,source_observed,source_year_observed,False,reports/quality/sim_mortality_rates_manifest.json
sim-non-hodgkin-lymphoma,SIM,non_hodgkin_lymphoma,rest_of_rj_excluding_vr,2018,crude_rate_per_100k,2.333022776815817,394,16887962,2.1083151689923008,2.5751588391235742,source_observed,source_year_observed,False,reports/quality/sim_mortality_rates_manifest.json
sim-non-hodgkin-lymphoma,SIM,non_hodgkin_lymphoma,rj_total,2018,crude_rate_per_100k,2.3543178422327324,404,17159960,2.1303123484598436,2.59547200778531,source_observed,source_year_observed,False,reports/quality/sim_mortality_rates_manifest.json
sim-non-hodgkin-lymphoma,SIM,non_hodgkin_lymphoma,volta_redonda,2018,crude_rate_per_100k,3.676497621306039,10,271998,1.763023513456876,6.76121002434495,source_observed,source_year_observed,False,reports/quality/sim_mortality_rates_manifest.json
sim-non-hodgkin-lymphoma,SIM,non_hodgkin_lymphoma,brazil_total,2019,crude_rate_per_100k,2.2427144792011786,4713,210147125,2.1791378691987453,2.3076751439555823,source_observed,source_year_observed,False,reports/quality/sim_mortality_rates_manifest.json
sim-non-hodgkin-lymphoma,SIM,non_hodgkin_lymphoma,rest_of_rj_excluding_vr,2019,crude_rate_per_100k,2.4070248402020935,409,16991931,2.1793736483636335,2.6519925498560384,source_observed,source_year_observed,False,reports/quality/sim_mortality_rates_manifest.json
sim-non-hodgkin-lymphoma,SIM,non_hodgkin_lymphoma,rj_total,2019,crude_rate_per_100k,2.4326752772945732,420,17264943,2.205556477243466,2.676833122644643,source_observed,source_year_observed,False,reports/quality/sim_mortality_rates_manifest.json
sim-non-hodgkin-lymphoma,SIM,non_hodgkin_lymphoma,volta_redonda,2019,crude_rate_per_100k,4.029126924823817,11,273012,2.011325644014489,7.209221028124022,source_observed,source_year_observed,False,reports/quality/sim_mortality_rates_manifest.json
sim-non-hodgkin-lymphoma,SIM,non_hodgkin_lymphoma,brazil_total,2020,crude_rate_per_100k,1.9791675777008157,4191,211755692,1.9196961068033058,2.0400129953612587,source_observed,cancer_care_disruption,False,reports/quality/sim_mortality_rates_manifest.json
sim-non-hodgkin-lymphoma,SIM,non_hodgkin_lymphoma,rest_of_rj_excluding_vr,2020,crude_rate_per_100k,2.147178119424175,367,17092201,1.9330946917322251,2.378492019292049,source_observed,cancer_care_disruption,False,reports/quality/sim_mortality_rates_manifest.json
sim-non-hodgkin-lymphoma,SIM,non_hodgkin_lymphoma,rj_total,2020,crude_rate_per_100k,2.1766433614191345,378,17366189,1.9627205346990457,2.407520563679226,source_observed,cancer_care_disruption,False,reports/quality/sim_mortality_rates_manifest.json
sim-non-hodgkin-lymphoma,SIM,non_hodgkin_lymphoma,volta_redonda,2020,crude_rate_per_100k,4.014774369680424,11,273988,2.0041609001988543,7.183540342387972,source_observed,cancer_care_disruption,False,reports/quality/sim_mortality_rates_manifest.json
sim-non-hodgkin-lymphoma,SIM,non_hodgkin_lymphoma,brazil_total,2021,crude_rate_per_100k,2.022336277592122,4314,213317639,1.9624337149214122,2.0836026253106392,source_observed,cancer_care_disruption,False,reports/quality/sim_mortality_rates_manifest.json
sim-non-hodgkin-lymphoma,SIM,non_hodgkin_lymphoma,rest_of_rj_excluding_vr,2021,crude_rate_per_100k,2.2398795840735604,385,17188424,2.021700563853985,2.4751856876483442,source_observed,cancer_care_disruption,False,reports/quality/sim_mortality_rates_manifest.json
sim-non-hodgkin-lymphoma,SIM,non_hodgkin_lymphoma,rj_total,2021,crude_rate_per_100k,2.227522338355604,389,17463349,2.011636827737512,2.4602638496016676,source_observed,cancer_care_disruption,False,reports/quality/sim_mortality_rates_manifest.json
sim-non-hodgkin-lymphoma,SIM,non_hodgkin_lymphoma,volta_redonda,2021,crude_rate_per_100k,,,274925,,,source_observed,cancer_care_disruption,True,reports/quality/sim_mortality_rates_manifest.json
sim-non-hodgkin-lymphoma,SIM,non_hodgkin_lymphoma,brazil_total,2022,crude_rate_per_100k,2.1454519304625794,4357,203080756,2.0822146594891513,2.2101216958948613,source_observed,cancer_care_disruption,False,reports/quality/sim_mortality_rates_manifest.json
sim-non-hodgkin-lymphoma,SIM,non_hodgkin_lymphoma,rest_of_rj_excluding_vr,2022,crude_rate_per_100k,2.5706597433607805,406,15793611,2.326658135165268,2.833292852517277,source_observed,cancer_care_disruption,False,reports/quality/sim_mortality_rates_manifest.json
sim-non-hodgkin-lymphoma,SIM,non_hodgkin_lymphoma,rj_total,2022,crude_rate_per_100k,2.5786079926633,414,16055174,2.3361694378582927,2.8393716158945765,source_observed,cancer_care_disruption,False,reports/quality/sim_mortality_rates_manifest.json
sim-non-hodgkin-lymphoma,SIM,non_hodgkin_lymphoma,volta_redonda,2022,crude_rate_per_100k,3.0585365667162403,8,261563,1.3204590009858053,6.026536329753563,source_observed,cancer_care_disruption,False,reports/quality/sim_mortality_rates_manifest.json
sim-non-hodgkin-lymphoma,SIM,non_hodgkin_lymphoma,brazil_total,2024,crude_rate_per_100k,2.2513479981419087,4786,212583750,2.188011787500136,2.3160523483700852,source_observed,source_year_observed,False,reports/quality/sim_mortality_rates_manifest.json
sim-non-hodgkin-lymphoma,SIM,non_hodgkin_lymphoma,rest_of_rj_excluding_vr,2024,crude_rate_per_100k,2.2904664469983405,388,16939781,2.068202001149259,2.5301082439697424,source_observed,source_year_observed,False,reports/quality/sim_mortality_rates_manifest.json
sim-non-hodgkin-lymphoma,SIM,non_hodgkin_lymphoma,rj_total,2024,crude_rate_per_100k,2.3287309827320244,401,17219679,2.106353537900933,2.5681986678420685,source_observed,source_year_observed,False,reports/quality/sim_mortality_rates_manifest.json
sim-non-hodgkin-lymphoma,SIM,non_hodgkin_lymphoma,volta_redonda,2024,crude_rate_per_100k,4.644549085738376,13,279898,2.4730267779704755,7.942320387483609,source_observed,source_year_observed,False,reports/quality/sim_mortality_rates_manifest.json
sim-pancreas,SIM,pancreas,brazil_total,2010,crude_rate_per_100k,3.900274612359229,7440,190755799,3.812147064561247,3.9899253897188305,source_observed,source_year_observed,False,reports/quality/sim_mortality_rates_manifest.json
sim-pancreas,SIM,pancreas,rest_of_rj_excluding_vr,2010,crude_rate_per_100k,5.199551541857725,818,15732126,4.849292080038683,5.5684251240890825,source_observed,source_year_observed,False,reports/quality/sim_mortality_rates_manifest.json
sim-pancreas,SIM,pancreas,rj_total,2010,crude_rate_per_100k,5.190767263569463,830,15989929,4.843592636054965,5.55625436035789,source_observed,source_year_observed,False,reports/quality/sim_mortality_rates_manifest.json
sim-pancreas,SIM,pancreas,volta_redonda,2010,crude_rate_per_100k,4.654716973813338,12,257803,2.405160183831149,8.130853810148432,source_observed,source_year_observed,False,reports/quality/sim_mortality_rates_manifest.json
sim-pancreas,SIM,pancreas,brazil_total,2011,crude_rate_per_100k,4.0160248644647485,7726,192379287,3.9269678950940974,4.106592098888991,source_observed,source_year_observed,False,reports/quality/sim_mortality_rates_manifest.json
sim-pancreas,SIM,pancreas,rest_of_rj_excluding_vr,2011,crude_rate_per_100k,5.399382073521671,856,15853666,5.0436873527303145,5.773543409805107,source_observed,source_year_observed,False,reports/quality/sim_mortality_rates_manifest.json
sim-pancreas,SIM,pancreas,rj_total,2011,crude_rate_per_100k,5.449125216801328,878,16112678,5.094603502044326,5.821814100663675,source_observed,source_year_observed,False,reports/quality/sim_mortality_rates_manifest.json
sim-pancreas,SIM,pancreas,volta_redonda,2011,crude_rate_per_100k,8.493814958380307,22,259012,5.323028613434749,12.859737922229561,source_observed,source_year_observed,False,reports/quality/sim_mortality_rates_manifest.json
sim-pancreas,SIM,pancreas,brazil_total,2012,crude_rate_per_100k,4.239820586755902,8223,193946886,4.148670899410845,4.332468156386904,source_observed,source_year_observed,False,reports/quality/sim_mortality_rates_manifest.json
sim-pancreas,SIM,pancreas,rest_of_rj_excluding_vr,2012,crude_rate_per_100k,5.591319617173053,893,15971185,5.230563788040502,5.970401833950025,source_observed,source_year_observed,False,reports/quality/sim_mortality_rates_manifest.json
sim-pancreas,SIM,pancreas,rj_total,2012,crude_rate_per_100k,5.612590191890824,911,16231365,5.253998165114156,5.98921285791285,source_observed,source_year_observed,False,reports/quality/sim_mortality_rates_manifest.json
sim-pancreas,SIM,pancreas,volta_redonda,2012,crude_rate_per_100k,6.918287339534169,18,260180,4.1002155355521275,10.933876649830111,source_observed,source_year_observed,False,reports/quality/sim_mortality_rates_manifest.json
sim-pancreas,SIM,pancreas,brazil_total,2013,crude_rate_per_100k,4.332628171154273,8710,201032714,4.242110904685358,4.424590371866458,source_observed,source_year_observed,False,reports/quality/sim_mortality_rates_manifest.json
sim-pancreas,SIM,pancreas,rest_of_rj_excluding_vr,2013,crude_rate_per_100k,6.021980726309233,970,16107657,5.648927535123879,6.413196866653809,source_observed,source_year_observed,False,reports/quality/sim_mortality_rates_manifest.json
sim-pancreas,SIM,pancreas,rj_total,2013,crude_rate_per_100k,6.02962433241154,987,16369179,5.659277339759471,6.4178424470656035,source_observed,source_year_observed,False,reports/quality/sim_mortality_rates_manifest.json
sim-pancreas,SIM,pancreas,volta_redonda,2013,crude_rate_per_100k,6.500409143399025,17,261522,3.786727873604245,10.407784743121654,source_observed,source_year_observed,False,reports/quality/sim_mortality_rates_manifest.json
sim-pancreas,SIM,pancreas,brazil_total,2014,crude_rate_per_100k,4.386774711160599,8895,202768562,4.2960793312176175,4.478902601675303,source_observed,source_year_observed,False,reports/quality/sim_mortality_rates_manifest.json
sim-pancreas,SIM,pancreas,rest_of_rj_excluding_vr,2014,crude_rate_per_100k,5.747298862133597,931,16198914,5.384001173063897,6.1286611672908515,source_observed,source_year_observed,False,reports/quality/sim_mortality_rates_manifest.json
sim-pancreas,SIM,pancreas,rj_total,2014,crude_rate_per_100k,5.7286318538782135,943,16461173,5.368788162306958,6.1062511230701695,source_observed,source_year_observed,False,reports/quality/sim_mortality_rates_manifest.json
sim-pancreas,SIM,pancreas,volta_redonda,2014,crude_rate_per_100k,4.5756294350241555,12,262259,2.3642944984622902,7.992703795933394,source_observed,source_year_observed,False,reports/quality/sim_mortality_rates_manifest.json
sim-pancreas,SIM,pancreas,brazil_total,2015,crude_rate_per_100k,4.62900353719162,9464,204450049,4.53620705985552,4.723220588814081,source_observed,source_year_observed,False,reports/quality/sim_mortality_rates_manifest.json
sim-pancreas,SIM,pancreas,rest_of_rj_excluding_vr,2015,crude_rate_per_100k,6.324041167911643,1030,16287054,5.943678446315696,6.722361120851565,source_observed,source_year_observed,False,reports/quality/sim_mortality_rates_manifest.json
sim-pancreas,SIM,pancreas,rj_total,2015,crude_rate_per_100k,6.320232526551019,1046,16550024,5.942972644719626,6.715162906382105,source_observed,source_year_observed,False,reports/quality/sim_mortality_rates_manifest.json
sim-pancreas,SIM,pancreas,volta_redonda,2015,crude_rate_per_100k,6.084344221774347,16,262970,3.477728430483144,9.880593831068538,source_observed,source_year_observed,False,reports/quality/sim_mortality_rates_manifest.json
sim-pancreas,SIM,pancreas,brazil_total,2016,crude_rate_per_100k,4.809749186913647,9912,206081432,4.715522728223424,4.905384862910025,source_observed,source_year_observed,False,reports/quality/sim_mortality_rates_manifest.json
sim-pancreas,SIM,pancreas,rest_of_rj_excluding_vr,2016,crude_rate_per_100k,6.431580293027197,1053,16372337,6.048932603404235,6.832089645829912,source_observed,source_year_observed,False,reports/quality/sim_mortality_rates_manifest.json
sim-pancreas,SIM,pancreas,rj_total,2016,crude_rate_per_100k,6.431836122105344,1070,16635996,6.052178953742803,6.8290704345660975,source_observed,source_year_observed,False,reports/quality/sim_mortality_rates_manifest.json
sim-pancreas,SIM,pancreas,volta_redonda,2016,crude_rate_per_100k,6.447722247296698,17,263659,3.7560358150517503,10.32342791860191,source_observed,source_year_observed,False,reports/quality/sim_mortality_rates_manifest.json
sim-pancreas,SIM,pancreas,brazil_total,2017,crude_rate_per_100k,5.1786342533409355,10754,207660929,5.081214680537778,5.277452135934339,source_observed,source_year_observed,False,reports/quality/sim_mortality_rates_manifest.json
sim-pancreas,SIM,pancreas,rest_of_rj_excluding_vr,2017,crude_rate_per_100k,6.326823269217271,1041,16453755,5.948278045286943,6.723142816891594,source_observed,source_year_observed,False,reports/quality/sim_mortality_rates_manifest.json
sim-pancreas,SIM,pancreas,rj_total,2017,crude_rate_per_100k,6.381977439261159,1067,16718956,6.0047421365107825,6.77670291723025,source_observed,source_year_observed,False,reports/quality/sim_mortality_rates_manifest.json
sim-pancreas,SIM,pancreas,volta_redonda,2017,crude_rate_per_100k,9.8038846007368,26,265201,6.404222916050974,14.364962456071053,source_observed,source_year_observed,False,reports/quality/sim_mortality_rates_manifest.json
sim-pancreas,SIM,pancreas,brazil_total,2018,crude_rate_per_100k,5.323391603343775,11099,208494900,5.224810324728991,5.423365527759387,source_observed,source_year_observed,False,reports/quality/sim_mortality_rates_manifest.json
sim-pancreas,SIM,pancreas,rest_of_rj_excluding_vr,2018,crude_rate_per_100k,6.578650520412114,1111,16887962,6.197452266166768,6.9771603954475925,source_observed,source_year_observed,False,reports/quality/sim_mortality_rates_manifest.json
sim-pancreas,SIM,pancreas,rj_total,2018,crude_rate_per_100k,6.637544609661094,1139,17159960,6.257620751274228,7.034503586318323,source_observed,source_year_observed,False,reports/quality/sim_mortality_rates_manifest.json
sim-pancreas,SIM,pancreas,volta_redonda,2018,crude_rate_per_100k,10.294193339656909,28,271998,6.840416714776407,14.87797555249237,source_observed,source_year_observed,False,reports/quality/sim_mortality_rates_manifest.json
sim-pancreas,SIM,pancreas,brazil_total,2019,crude_rate_per_100k,5.615589554223024,11801,210147125,5.514723612560091,5.71783705906389,source_observed,source_year_observed,False,reports/quality/sim_mortality_rates_manifest.json
sim-pancreas,SIM,pancreas,rest_of_rj_excluding_vr,2019,crude_rate_per_100k,7.06217557027509,1200,16991931,6.668205723125662,7.4733446292904615,source_observed,source_year_observed,False,reports/quality/sim_mortality_rates_manifest.json
sim-pancreas,SIM,pancreas,rj_total,2019,crude_rate_per_100k,7.083718724122055,1223,17264943,6.69222768957392,7.492135462862094,source_observed,source_year_observed,False,reports/quality/sim_mortality_rates_manifest.json
sim-pancreas,SIM,pancreas,volta_redonda,2019,crude_rate_per_100k,8.424538115540708,23,273012,5.340434499965085,12.640943583004788,source_observed,source_year_observed,False,reports/quality/sim_mortality_rates_manifest.json
sim-pancreas,SIM,pancreas,brazil_total,2020,crude_rate_per_100k,5.616377953136674,11893,211755692,5.5158870482739495,5.718239909895147,source_observed,cancer_care_disruption,False,reports/quality/sim_mortality_rates_manifest.json
sim-pancreas,SIM,pancreas,rest_of_rj_excluding_vr,2020,crude_rate_per_100k,6.675559221425024,1141,17092201,6.293789573274115,7.0744313728838035,source_observed,cancer_care_disruption,False,reports/quality/sim_mortality_rates_manifest.json
sim-pancreas,SIM,pancreas,rj_total,2020,crude_rate_per_100k,6.737229452011608,1170,17366189,6.356668340590574,7.134621173460877,source_observed,cancer_care_disruption,False,reports/quality/sim_mortality_rates_manifest.json
sim-pancreas,SIM,pancreas,volta_redonda,2020,crude_rate_per_100k,10.58440515643021,29,273988,7.0885422491305965,15.200971370493086,source_observed,cancer_care_disruption,False,reports/quality/sim_mortality_rates_manifest.json
sim-pancreas,SIM,pancreas,brazil_total,2021,crude_rate_per_100k,5.613225449209102,11974,213317639,5.513129714902797,5.714682182107104,source_observed,cancer_care_disruption,False,reports/quality/sim_mortality_rates_manifest.json
sim-pancreas,SIM,pancreas,rest_of_rj_excluding_vr,2021,crude_rate_per_100k,6.737092359369306,1158,17188424,6.354600922167063,7.1365893250749215,source_observed,cancer_care_disruption,False,reports/quality/sim_mortality_rates_manifest.json
sim-pancreas,SIM,pancreas,rj_total,2021,crude_rate_per_100k,6.745556078619284,1178,17463349,6.365801952489606,7.142046621851687,source_observed,cancer_care_disruption,False,reports/quality/sim_mortality_rates_manifest.json
sim-pancreas,SIM,pancreas,volta_redonda,2021,crude_rate_per_100k,7.27471128489588,20,274925,4.443582644504481,11.235201565035773,source_observed,cancer_care_disruption,False,reports/quality/sim_mortality_rates_manifest.json
sim-pancreas,SIM,pancreas,brazil_total,2022,crude_rate_per_100k,6.231018757877778,12654,203080756,6.12292005081478,6.340546948850617,source_observed,cancer_care_disruption,False,reports/quality/sim_mortality_rates_manifest.json
sim-pancreas,SIM,pancreas,rest_of_rj_excluding_vr,2022,crude_rate_per_100k,7.83228104073223,1237,15793611,7.401841617717314,8.281221967161658,source_observed,cancer_care_disruption,False,reports/quality/sim_mortality_rates_manifest.json
sim-pancreas,SIM,pancreas,rj_total,2022,crude_rate_per_100k,7.847937368975259,1260,16055174,7.420536973044407,8.293536272800738,source_observed,cancer_care_disruption,False,reports/quality/sim_mortality_rates_manifest.json
sim-pancreas,SIM,pancreas,volta_redonda,2022,crude_rate_per_100k,8.79329262930919,23,261563,5.574193229564074,13.194256410437651,source_observed,cancer_care_disruption,False,reports/quality/sim_mortality_rates_manifest.json
sim-pancreas,SIM,pancreas,brazil_total,2024,crude_rate_per_100k,6.763922454091622,14379,212583750,6.65381265666826,6.875397581082332,source_observed,source_year_observed,False,reports/quality/sim_mortality_rates_manifest.json
sim-pancreas,SIM,pancreas,rest_of_rj_excluding_vr,2024,crude_rate_per_100k,7.851341171411837,1330,16939781,7.435005011112806,8.284921189410907,source_observed,source_year_observed,False,reports/quality/sim_mortality_rates_manifest.json
sim-pancreas,SIM,pancreas,rj_total,2024,crude_rate_per_100k,7.892133180879852,1359,17219679,7.478063004739842,8.323165263015648,source_observed,source_year_observed,False,reports/quality/sim_mortality_rates_manifest.json
sim-pancreas,SIM,pancreas,volta_redonda,2024,crude_rate_per_100k,10.360917191262532,29,279898,6.938868851348683,14.880005372881048,source_observed,source_year_observed,False,reports/quality/sim_mortality_rates_manifest.json
sim-pneumoconiosis,SIM,pneumoconiosis,brazil_total,2010,crude_rate_per_100k,0.16618105539218758,317,190755799,0.1483888956172552,0.18551911287458595,source_observed,source_year_observed,False,reports/quality/sim_mortality_rates_manifest.json
sim-pneumoconiosis,SIM,pneumoconiosis,rest_of_rj_excluding_vr,2010,crude_rate_per_100k,0.13348481953424476,21,15732126,0.08262920716549173,0.20404572614625263,source_observed,source_year_observed,False,reports/quality/sim_mortality_rates_manifest.json
sim-pneumoconiosis,SIM,pneumoconiosis,rj_total,2010,crude_rate_per_100k,0.13133266570476954,21,15989929,0.0812969900246348,0.20075593040434017,source_observed,source_year_observed,False,reports/quality/sim_mortality_rates_manifest.json
sim-pneumoconiosis,SIM,pneumoconiosis,volta_redonda,2010,crude_rate_per_100k,,,257803,,,source_observed,source_year_observed,True,reports/quality/sim_mortality_rates_manifest.json
sim-pneumoconiosis,SIM,pneumoconiosis,brazil_total,2011,crude_rate_per_100k,0.1777738161593249,342,192379287,0.15942992786700824,0.19764950866307687,source_observed,source_year_observed,False,reports/quality/sim_mortality_rates_manifest.json
sim-pneumoconiosis,SIM,pneumoconiosis,rest_of_rj_excluding_vr,2011,crude_rate_per_100k,0.0630768933822625,10,15853666,0.03024782215124523,0.11600065273242025,source_observed,source_year_observed,False,reports/quality/sim_mortality_rates_manifest.json
sim-pneumoconiosis,SIM,pneumoconiosis,rj_total,2011,crude_rate_per_100k,0.062062929576324935,10,16112678,0.029761587093917186,0.1141359371919291,source_observed,source_year_observed,False,reports/quality/sim_mortality_rates_manifest.json
sim-pneumoconiosis,SIM,pneumoconiosis,volta_redonda,2011,crude_rate_per_100k,,,259012,,,source_observed,source_year_observed,True,reports/quality/sim_mortality_rates_manifest.json
sim-pneumoconiosis,SIM,pneumoconiosis,brazil_total,2012,crude_rate_per_100k,0.1789149633472331,347,193946886,0.16058319124560114,0.19876596434115515,source_observed,source_year_observed,False,reports/quality/sim_mortality_rates_manifest.json
sim-pneumoconiosis,SIM,pneumoconiosis,rest_of_rj_excluding_vr,2012,crude_rate_per_100k,0.15027062800913019,24,15971185,0.09628122681370523,0.2235907829866927,source_observed,source_year_observed,False,reports/quality/sim_mortality_rates_manifest.json
sim-pneumoconiosis,SIM,pneumoconiosis,rj_total,2012,crude_rate_per_100k,0.14786187113653104,24,16231365,0.09473789083472935,0.22000674369502018,source_observed,source_year_observed,False,reports/quality/sim_mortality_rates_manifest.json
sim-pneumoconiosis,SIM,pneumoconiosis,volta_redonda,2012,crude_rate_per_100k,,,260180,,,source_observed,source_year_observed,True,reports/quality/sim_mortality_rates_manifest.json
sim-pneumoconiosis,SIM,pneumoconiosis,brazil_total,2013,crude_rate_per_100k,0.1900188244983849,382,201032714,0.171439074524709,0.21006304677428583,source_observed,source_year_observed,False,reports/quality/sim_mortality_rates_manifest.json
sim-pneumoconiosis,SIM,pneumoconiosis,rest_of_rj_excluding_vr,2013,crude_rate_per_100k,0.1489974612695068,24,16107657,0.09546548486031498,0.22169641179814797,source_observed,source_year_observed,False,reports/quality/sim_mortality_rates_manifest.json
sim-pneumoconiosis,SIM,pneumoconiosis,rj_total,2013,crude_rate_per_100k,0.1466170050434417,24,16369179,0.09394028163957684,0.21815448162521292,source_observed,source_year_observed,False,reports/quality/sim_mortality_rates_manifest.json
sim-pneumoconiosis,SIM,pneumoconiosis,volta_redonda,2013,crude_rate_per_100k,,,261522,,,source_observed,source_year_observed,True,reports/quality/sim_mortality_rates_manifest.json
sim-pneumoconiosis,SIM,pneumoconiosis,brazil_total,2014,crude_rate_per_100k,0.16965154588411985,344,202768562,0.15219534101753202,0.18856099490961187,source_observed,source_year_observed,False,reports/quality/sim_mortality_rates_manifest.json
sim-pneumoconiosis,SIM,pneumoconiosis,rest_of_rj_excluding_vr,2014,crude_rate_per_100k,0.11111856017014475,18,16198914,0.06585590108324253,0.17561523116628672,source_observed,source_year_observed,False,reports/quality/sim_mortality_rates_manifest.json
sim-pneumoconiosis,SIM,pneumoconiosis,rj_total,2014,crude_rate_per_100k,0.10934822202524692,18,16461173,0.0648066865004063,0.17281733365859153,source_observed,source_year_observed,False,reports/quality/sim_mortality_rates_manifest.json
sim-pneumoconiosis,SIM,pneumoconiosis,volta_redonda,2014,crude_rate_per_100k,,,262259,,,source_observed,source_year_observed,True,reports/quality/sim_mortality_rates_manifest.json
sim-pneumoconiosis,SIM,pneumoconiosis,brazil_total,2015,crude_rate_per_100k,0.17510389542631022,358,204450049,0.15743297132116266,0.19421560948750846,source_observed,source_year_observed,False,reports/quality/sim_mortality_rates_manifest.json
sim-pneumoconiosis,SIM,pneumoconiosis,rest_of_rj_excluding_vr,2015,crude_rate_per_100k,0.11665707008769051,19,16287054,0.07023517675060652,0.1821744655085296,source_observed,source_year_observed,False,reports/quality/sim_mortality_rates_manifest.json
sim-pneumoconiosis,SIM,pneumoconiosis,rj_total,2015,crude_rate_per_100k,0.11480345889528619,19,16550024,0.06911918172666535,0.17927982202071482,source_observed,source_year_observed,False,reports/quality/sim_mortality_rates_manifest.json
sim-pneumoconiosis,SIM,pneumoconiosis,volta_redonda,2015,crude_rate_per_100k,,,262970,,,source_observed,source_year_observed,True,reports/quality/sim_mortality_rates_manifest.json
sim-pneumoconiosis,SIM,pneumoconiosis,brazil_total,2016,crude_rate_per_100k,0.1742029820522598,359,206081432,0.1566468236470073,0.1931884903572719,source_observed,source_year_observed,False,reports/quality/sim_mortality_rates_manifest.json
sim-pneumoconiosis,SIM,pneumoconiosis,rest_of_rj_excluding_vr,2016,crude_rate_per_100k,0.1404808611012588,23,16372337,0.08905281534972483,0.21079026711234342,source_observed,source_year_observed,False,reports/quality/sim_mortality_rates_manifest.json
sim-pneumoconiosis,SIM,pneumoconiosis,rj_total,2016,crude_rate_per_100k,0.13825442131628307,23,16635996,0.0876414435122771,0.20744951426312577,source_observed,source_year_observed,False,reports/quality/sim_mortality_rates_manifest.json
sim-pneumoconiosis,SIM,pneumoconiosis,volta_redonda,2016,crude_rate_per_100k,,,263659,,,source_observed,source_year_observed,True,reports/quality/sim_mortality_rates_manifest.json
sim-pneumoconiosis,SIM,pneumoconiosis,brazil_total,2017,crude_rate_per_100k,0.15072647585044752,313,207660929,0.13448911525600107,0.16838405260938413,source_observed,source_year_observed,False,reports/quality/sim_mortality_rates_manifest.json
sim-pneumoconiosis,SIM,pneumoconiosis,rest_of_rj_excluding_vr,2017,crude_rate_per_100k,0.0729316803367985,12,16453755,0.0376848634778032,0.12739696834052142,source_observed,source_year_observed,False,reports/quality/sim_mortality_rates_manifest.json
sim-pneumoconiosis,SIM,pneumoconiosis,rj_total,2017,crude_rate_per_100k,0.07177481656151258,12,16718956,0.037087095083701505,0.12537616013928718,source_observed,source_year_observed,False,reports/quality/sim_mortality_rates_manifest.json
sim-pneumoconiosis,SIM,pneumoconiosis,volta_redonda,2017,crude_rate_per_100k,,,265201,,,source_observed,source_year_observed,True,reports/quality/sim_mortality_rates_manifest.json
sim-pneumoconiosis,SIM,pneumoconiosis,brazil_total,2018,crude_rate_per_100k,0.15875688086375256,331,208494900,0.14211281608949805,0.17681476096770868,source_observed,source_year_observed,False,reports/quality/sim_mortality_rates_manifest.json
sim-pneumoconiosis,SIM,pneumoconiosis,rest_of_rj_excluding_vr,2018,crude_rate_per_100k,0.10658479691036729,18,16887962,0.06316890564059491,0.16844993059273808,source_observed,source_year_observed,False,reports/quality/sim_mortality_rates_manifest.json
sim-pneumoconiosis,SIM,pneumoconiosis,rj_total,2018,crude_rate_per_100k,0.10489534940640888,18,17159960,0.06216763197816035,0.1657798751717835,source_observed,source_year_observed,False,reports/quality/sim_mortality_rates_manifest.json
sim-pneumoconiosis,SIM,pneumoconiosis,volta_redonda,2018,crude_rate_per_100k,,,271998,,,source_observed,source_year_observed,True,reports/quality/sim_mortality_rates_manifest.json
sim-pneumoconiosis,SIM,pneumoconiosis,brazil_total,2019,crude_rate_per_100k,0.16988098219283276,357,210147125,0.1527137851874129,0.18844994336563078,source_observed,source_year_observed,False,reports/quality/sim_mortality_rates_manifest.json
sim-pneumoconiosis,SIM,pneumoconiosis,rest_of_rj_excluding_vr,2019,crude_rate_per_100k,0.10593263355412637,18,16991931,0.06278239230373243,0.16741923132531542,source_observed,source_year_observed,False,reports/quality/sim_mortality_rates_manifest.json
sim-pneumoconiosis,SIM,pneumoconiosis,rj_total,2019,crude_rate_per_100k,0.10425751188405312,18,17264943,0.06178960903838215,0.16477181689813852,source_observed,source_year_observed,False,reports/quality/sim_mortality_rates_manifest.json
sim-pneumoconiosis,SIM,pneumoconiosis,volta_redonda,2019,crude_rate_per_100k,,,273012,,,source_observed,source_year_observed,True,reports/quality/sim_mortality_rates_manifest.json
sim-pneumoconiosis,SIM,pneumoconiosis,brazil_total,2020,crude_rate_per_100k,0.13553354683849536,287,211755692,0.1203052257403698,0.15215575979955187,source_observed,respiratory_pandemic,False,reports/quality/sim_mortality_rates_manifest.json
sim-pneumoconiosis,SIM,pneumoconiosis,rest_of_rj_excluding_vr,2020,crude_rate_per_100k,0.0994605668398119,17,17092201,0.057939445420793344,0.15924600240721845,source_observed,respiratory_pandemic,False,reports/quality/sim_mortality_rates_manifest.json
sim-pneumoconiosis,SIM,pneumoconiosis,rj_total,2020,crude_rate_per_100k,0.09789136810615155,17,17366189,0.05702532933165298,0.15673356322395554,source_observed,respiratory_pandemic,False,reports/quality/sim_mortality_rates_manifest.json
sim-pneumoconiosis,SIM,pneumoconiosis,volta_redonda,2020,crude_rate_per_100k,,,273988,,,source_observed,respiratory_pandemic,True,reports/quality/sim_mortality_rates_manifest.json
sim-pneumoconiosis,SIM,pneumoconiosis,brazil_total,2021,crude_rate_per_100k,0.12750938050650373,272,213317639,0.11280490834187401,0.14359826237876114,source_observed,respiratory_pandemic,False,reports/quality/sim_mortality_rates_manifest.json
sim-pneumoconiosis,SIM,pneumoconiosis,rest_of_rj_excluding_vr,2021,crude_rate_per_100k,0.06399655954495886,11,17188424,0.03194685194661731,0.11450752269842747,source_observed,respiratory_pandemic,False,reports/quality/sim_mortality_rates_manifest.json
sim-pneumoconiosis,SIM,pneumoconiosis,rj_total,2021,crude_rate_per_100k,0.0629890635524721,11,17463349,0.03144391357715429,0.11270483406878,source_observed,respiratory_pandemic,False,reports/quality/sim_mortality_rates_manifest.json
sim-pneumoconiosis,SIM,pneumoconiosis,volta_redonda,2021,crude_rate_per_100k,,,274925,,,source_observed,respiratory_pandemic,True,reports/quality/sim_mortality_rates_manifest.json
sim-pneumoconiosis,SIM,pneumoconiosis,brazil_total,2022,crude_rate_per_100k,0.14181550515795796,288,203080756,0.12590821273931316,0.1591761832736239,source_observed,source_year_observed,False,reports/quality/sim_mortality_rates_manifest.json
sim-pneumoconiosis,SIM,pneumoconiosis,rest_of_rj_excluding_vr,2022,crude_rate_per_100k,0.07598009093677184,12,15793611,0.039260021718416506,0.13272192817828019,source_observed,source_year_observed,False,reports/quality/sim_mortality_rates_manifest.json
sim-pneumoconiosis,SIM,pneumoconiosis,rj_total,2022,crude_rate_per_100k,0.07474226065690724,12,16055174,0.038620416749903914,0.13055968778773097,source_observed,source_year_observed,False,reports/quality/sim_mortality_rates_manifest.json
sim-pneumoconiosis,SIM,pneumoconiosis,volta_redonda,2022,crude_rate_per_100k,,,261563,,,source_observed,source_year_observed,True,reports/quality/sim_mortality_rates_manifest.json
sim-pneumoconiosis,SIM,pneumoconiosis,brazil_total,2024,crude_rate_per_100k,0.16228898022544055,345,212583750,0.14561390173017938,0.18035016979797708,source_observed,source_year_observed,False,reports/quality/sim_mortality_rates_manifest.json
sim-pneumoconiosis,SIM,pneumoconiosis,rest_of_rj_excluding_vr,2024,crude_rate_per_100k,0.10035548865714379,17,16939781,0.0584607703582903,0.16067885892920702,source_observed,source_year_observed,False,reports/quality/sim_mortality_rates_manifest.json
sim-pneumoconiosis,SIM,pneumoconiosis,rj_total,2024,crude_rate_per_100k,0.09872425612579654,17,17219679,0.057510517295980335,0.15806709762653887,source_observed,source_year_observed,False,reports/quality/sim_mortality_rates_manifest.json
sim-pneumoconiosis,SIM,pneumoconiosis,volta_redonda,2024,crude_rate_per_100k,,,279898,,,source_observed,source_year_observed,True,reports/quality/sim_mortality_rates_manifest.json
sim-pneumonia,SIM,pneumonia,brazil_total,2010,crude_rate_per_100k,28.861507900999644,55055,190755799,28.620920624160025,29.103614649320065,source_observed,source_year_observed,False,reports/quality/sim_mortality_rates_manifest.json
sim-pneumonia,SIM,pneumonia,rest_of_rj_excluding_vr,2010,crude_rate_per_100k,45.937847179713664,7227,15732126,44.88477381106223,47.009391124946085,source_observed,source_year_observed,False,reports/quality/sim_mortality_rates_manifest.json
sim-pneumonia,SIM,pneumonia,rj_total,2010,crude_rate_per_100k,45.728783411108324,7312,15989929,44.68657851446106,46.789160667406044,source_observed,source_year_observed,False,reports/quality/sim_mortality_rates_manifest.json
sim-pneumonia,SIM,pneumonia,volta_redonda,2010,crude_rate_per_100k,32.97091189784448,85,257803,26.335993376645924,40.769043152678194,source_observed,source_year_observed,False,reports/quality/sim_mortality_rates_manifest.json
sim-pneumonia,SIM,pneumonia,brazil_total,2011,crude_rate_per_100k,30.93732227004251,59517,192379287,30.68926695866303,31.186884147220727,source_observed,source_year_observed,False,reports/quality/sim_mortality_rates_manifest.json
sim-pneumonia,SIM,pneumonia,rest_of_rj_excluding_vr,2011,crude_rate_per_100k,47.3139777260351,7501,15853666,46.24923947387697,48.39704361661835,source_observed,source_year_observed,False,reports/quality/sim_mortality_rates_manifest.json
sim-pneumonia,SIM,pneumonia,rj_total,2011,crude_rate_per_100k,47.223683114625636,7609,16112678,46.16850331106756,48.296895440498346,source_observed,source_year_observed,False,reports/quality/sim_mortality_rates_manifest.json
sim-pneumonia,SIM,pneumonia,volta_redonda,2011,crude_rate_per_100k,41.69690979568514,108,259012,34.20478329528504,50.34234332397682,source_observed,source_year_observed,False,reports/quality/sim_mortality_rates_manifest.json
sim-pneumonia,SIM,pneumonia,brazil_total,2012,crude_rate_per_100k,31.592154565451494,61272,193946886,31.342495698475215,31.84330779138406,source_observed,source_year_observed,False,reports/quality/sim_mortality_rates_manifest.json
sim-pneumonia,SIM,pneumonia,rest_of_rj_excluding_vr,2012,crude_rate_per_100k,49.15101791131966,7850,15971185,48.06966943047475,50.250557584731695,source_observed,source_year_observed,False,reports/quality/sim_mortality_rates_manifest.json
sim-pneumonia,SIM,pneumonia,rj_total,2012,crude_rate_per_100k,48.979244813975896,7950,16231365,47.90843684490332,50.06795195207546,source_observed,source_year_observed,False,reports/quality/sim_mortality_rates_manifest.json
sim-pneumonia,SIM,pneumonia,volta_redonda,2012,crude_rate_per_100k,38.434929664078716,100,260180,31.272192809179472,46.74717264679314,source_observed,source_year_observed,False,reports/quality/sim_mortality_rates_manifest.json
sim-pneumonia,SIM,pneumonia,brazil_total,2013,crude_rate_per_100k,33.988000579845924,68327,201032714,33.73362622032351,34.24381652212195,source_observed,source_year_observed,False,reports/quality/sim_mortality_rates_manifest.json
sim-pneumonia,SIM,pneumonia,rest_of_rj_excluding_vr,2013,crude_rate_per_100k,54.781399926755334,8824,16107657,53.644285496316336,55.936547536573464,source_observed,source_year_observed,False,reports/quality/sim_mortality_rates_manifest.json
sim-pneumonia,SIM,pneumonia,rj_total,2013,crude_rate_per_100k,54.565962043667554,8932,16369179,53.44015250449722,55.70951627001961,source_observed,source_year_observed,False,reports/quality/sim_mortality_rates_manifest.json
sim-pneumonia,SIM,pneumonia,volta_redonda,2013,crude_rate_per_100k,41.296716911005575,108,261522,33.876497315248315,49.85917448256699,source_observed,source_year_observed,False,reports/quality/sim_mortality_rates_manifest.json
sim-pneumonia,SIM,pneumonia,brazil_total,2014,crude_rate_per_100k,34.9718907608567,70912,202768562,34.71495890374049,35.23025182574113,source_observed,source_year_observed,False,reports/quality/sim_mortality_rates_manifest.json
sim-pneumonia,SIM,pneumonia,rest_of_rj_excluding_vr,2014,crude_rate_per_100k,57.09024691408325,9248,16198914,55.932552105613766,58.2658718223346,source_observed,source_year_observed,False,reports/quality/sim_mortality_rates_manifest.json
sim-pneumonia,SIM,pneumonia,rj_total,2014,crude_rate_per_100k,56.982573477600894,9380,16461173,55.83518030637276,58.14761065085776,source_observed,source_year_observed,False,reports/quality/sim_mortality_rates_manifest.json
sim-pneumonia,SIM,pneumonia,volta_redonda,2014,crude_rate_per_100k,50.33192378526571,132,262259,42.11230440833773,59.68723987053142,source_observed,source_year_observed,False,reports/quality/sim_mortality_rates_manifest.json
sim-pneumonia,SIM,pneumonia,brazil_total,2015,crude_rate_per_100k,37.82537611424099,77334,204450049,37.559248301020624,38.0929213045182,source_observed,source_year_observed,False,reports/quality/sim_mortality_rates_manifest.json
sim-pneumonia,SIM,pneumonia,rest_of_rj_excluding_vr,2015,crude_rate_per_100k,61.0300671932444,9940,16287054,59.83612104580742,62.24184419806311,source_observed,source_year_observed,False,reports/quality/sim_mortality_rates_manifest.json
sim-pneumonia,SIM,pneumonia,rj_total,2015,crude_rate_per_100k,60.8397909271914,10069,16550024,59.65717896389187,62.03995004559598,source_observed,source_year_observed,False,reports/quality/sim_mortality_rates_manifest.json
sim-pneumonia,SIM,pneumonia,volta_redonda,2015,crude_rate_per_100k,49.055025288055674,129,262970,40.9555571821069,58.28748397407712,source_observed,source_year_observed,False,reports/quality/sim_mortality_rates_manifest.json
sim-pneumonia,SIM,pneumonia,brazil_total,2016,crude_rate_per_100k,39.95556474976358,82341,206081432,39.68311599462613,40.229419608955844,source_observed,source_year_observed,False,reports/quality/sim_mortality_rates_manifest.json
sim-pneumonia,SIM,pneumonia,rest_of_rj_excluding_vr,2016,crude_rate_per_100k,64.79221628531101,10608,16372337,63.56503680754327,66.0371318244152,source_observed,source_year_observed,False,reports/quality/sim_mortality_rates_manifest.json
sim-pneumonia,SIM,pneumonia,rj_total,2016,crude_rate_per_100k,64.4746488277588,10726,16635996,63.26018824162008,65.70656406701005,source_observed,source_year_observed,False,reports/quality/sim_mortality_rates_manifest.json
sim-pneumonia,SIM,pneumonia,volta_redonda,2016,crude_rate_per_100k,44.75477795182414,118,263659,37.0447126554705,53.596321280086244,source_observed,source_year_observed,False,reports/quality/sim_mortality_rates_manifest.json
sim-pneumonia,SIM,pneumonia,brazil_total,2017,crude_rate_per_100k,38.21662571874558,79361,207660929,37.95119526452136,38.48345161257007,source_observed,source_year_observed,False,reports/quality/sim_mortality_rates_manifest.json
sim-pneumonia,SIM,pneumonia,rest_of_rj_excluding_vr,2017,crude_rate_per_100k,58.193403268737136,9575,16453755,57.03356253081238,59.37089533570278,source_observed,source_year_observed,False,reports/quality/sim_mortality_rates_manifest.json
sim-pneumonia,SIM,pneumonia,rj_total,2017,crude_rate_per_100k,58.00003301641562,9697,16718956,56.851305065296735,59.16613192907829,source_observed,source_year_observed,False,reports/quality/sim_mortality_rates_manifest.json
sim-pneumonia,SIM,pneumonia,volta_redonda,2017,crude_rate_per_100k,46.002843126534216,122,265201,38.20258082039128,54.927458739471966,source_observed,source_year_observed,False,reports/quality/sim_mortality_rates_manifest.json
sim-pneumonia,SIM,pneumonia,brazil_total,2018,crude_rate_per_100k,38.02539054912135,79281,208494900,37.76115531738035,38.29101563960253,source_observed,source_year_observed,False,reports/quality/sim_mortality_rates_manifest.json
sim-pneumonia,SIM,pneumonia,rest_of_rj_excluding_vr,2018,crude_rate_per_100k,57.105765633532336,9644,16887962,55.97166105299113,58.257067497244186,source_observed,source_year_observed,False,reports/quality/sim_mortality_rates_manifest.json
sim-pneumonia,SIM,pneumonia,rj_total,2018,crude_rate_per_100k,57.01644992179469,9784,17159960,55.89220955492844,58.15761456587239,source_observed,source_year_observed,False,reports/quality/sim_mortality_rates_manifest.json
sim-pneumonia,SIM,pneumonia,volta_redonda,2018,crude_rate_per_100k,51.47096669828455,140,271998,43.298322499889814,60.737759248513235,source_observed,source_year_observed,False,reports/quality/sim_mortality_rates_manifest.json
sim-pneumonia,SIM,pneumonia,brazil_total,2019,crude_rate_per_100k,39.53420728453934,83080,210147125,39.26583127960428,39.80396218255395,source_observed,source_year_observed,False,reports/quality/sim_mortality_rates_manifest.json
sim-pneumonia,SIM,pneumonia,rest_of_rj_excluding_vr,2019,crude_rate_per_100k,60.81710195268566,10334,16991931,59.65011382882481,62.00118014536353,source_observed,source_year_observed,False,reports/quality/sim_mortality_rates_manifest.json
sim-pneumonia,SIM,pneumonia,rj_total,2019,crude_rate_per_100k,60.6952481684996,10479,17264943,59.53864555940224,61.868670213132056,source_observed,source_year_observed,False,reports/quality/sim_mortality_rates_manifest.json
sim-pneumonia,SIM,pneumonia,volta_redonda,2019,crude_rate_per_100k,53.11121855449577,145,273012,44.818488310474635,62.49351977502117,source_observed,source_year_observed,False,reports/quality/sim_mortality_rates_manifest.json
sim-pneumonia,SIM,pneumonia,brazil_total,2020,crude_rate_per_100k,31.669986939477404,67063,211755692,31.43074201537281,31.91060046342223,source_observed,respiratory_pandemic,False,reports/quality/sim_mortality_rates_manifest.json
sim-pneumonia,SIM,pneumonia,rest_of_rj_excluding_vr,2020,crude_rate_per_100k,55.91439042871073,9557,17092201,54.79892848264564,57.04684442766699,source_observed,respiratory_pandemic,False,reports/quality/sim_mortality_rates_manifest.json
sim-pneumonia,SIM,pneumonia,rj_total,2020,crude_rate_per_100k,55.72322171548404,9677,17366189,54.61845324145287,56.84471379920499,source_observed,respiratory_pandemic,False,reports/quality/sim_mortality_rates_manifest.json
sim-pneumonia,SIM,pneumonia,volta_redonda,2020,crude_rate_per_100k,43.797538578331896,120,273988,36.31251209028815,52.371120402846934,source_observed,respiratory_pandemic,False,reports/quality/sim_mortality_rates_manifest.json
sim-pneumonia,SIM,pneumonia,brazil_total,2021,crude_rate_per_100k,31.302615345372352,66774,213317639,31.065635447873714,31.540953825427692,source_observed,respiratory_pandemic,False,reports/quality/sim_mortality_rates_manifest.json
sim-pneumonia,SIM,pneumonia,rest_of_rj_excluding_vr,2021,crude_rate_per_100k,57.3350994832336,9855,17188424,56.208635779346096,58.47845923034502,source_observed,respiratory_pandemic,False,reports/quality/sim_mortality_rates_manifest.json
sim-pneumonia,SIM,pneumonia,rj_total,2021,crude_rate_per_100k,57.07381785704449,9967,17463349,55.958774753803254,58.205490691991855,source_observed,respiratory_pandemic,False,reports/quality/sim_mortality_rates_manifest.json
sim-pneumonia,SIM,pneumonia,volta_redonda,2021,crude_rate_per_100k,40.73838319541694,112,274925,33.54385870057593,49.018860886472815,source_observed,respiratory_pandemic,False,reports/quality/sim_mortality_rates_manifest.json
sim-pneumonia,SIM,pneumonia,brazil_total,2022,crude_rate_per_100k,42.5599164107898,86431,203080756,42.27664732162945,42.84461234005257,source_observed,source_year_observed,False,reports/quality/sim_mortality_rates_manifest.json
sim-pneumonia,SIM,pneumonia,rest_of_rj_excluding_vr,2022,crude_rate_per_100k,64.53242390229822,10192,15793611,63.28558954331649,65.79764543972719,source_observed,source_year_observed,False,reports/quality/sim_mortality_rates_manifest.json
sim-pneumonia,SIM,pneumonia,rj_total,2022,crude_rate_per_100k,64.24720155633318,10315,16055174,63.01326557974382,65.49922479595021,source_observed,source_year_observed,False,reports/quality/sim_mortality_rates_manifest.json
sim-pneumonia,SIM,pneumonia,volta_redonda,2022,crude_rate_per_100k,47.0249997132622,123,261563,39.08237231211346,56.10748454985573,source_observed,source_year_observed,False,reports/quality/sim_mortality_rates_manifest.json
sim-pneumonia,SIM,pneumonia,brazil_total,2024,crude_rate_per_100k,46.71899898275386,99317,212583750,46.42888879894705,47.010472118393395,source_observed,source_year_observed,False,reports/quality/sim_mortality_rates_manifest.json
sim-pneumonia,SIM,pneumonia,rest_of_rj_excluding_vr,2024,crude_rate_per_100k,70.18390615557544,11889,16939781,68.92793204818437,71.45701910282015,source_observed,source_year_observed,False,reports/quality/sim_mortality_rates_manifest.json
sim-pneumonia,SIM,pneumonia,rj_total,2024,crude_rate_per_100k,69.93161719216717,12042,17219679,68.68809816073122,71.19199614768284,source_observed,source_year_observed,False,reports/quality/sim_mortality_rates_manifest.json
sim-pneumonia,SIM,pneumonia,volta_redonda,2024,crude_rate_per_100k,54.662770009074734,153,279898,46.34444520922975,64.04311002700364,source_observed,source_year_observed,False,reports/quality/sim_mortality_rates_manifest.json
sim-prostate,SIM,prostate,brazil_total,2010,crude_rate_per_100k,6.698616800635246,12778,190755799,6.582968783386506,6.815786640276369,source_observed,source_year_observed,False,reports/quality/sim_mortality_rates_manifest.json
sim-prostate,SIM,prostate,rest_of_rj_excluding_vr,2010,crude_rate_per_100k,8.30148449103446,1306,15732126,7.857307148942414,8.764230941582207,source_observed,source_year_observed,False,reports/quality/sim_mortality_rates_manifest.json
sim-prostate,SIM,prostate,rj_total,2010,crude_rate_per_100k,8.311481558173273,1329,15989929,7.870581817663847,8.770649558394016,source_observed,source_year_observed,False,reports/quality/sim_mortality_rates_manifest.json
sim-prostate,SIM,prostate,volta_redonda,2010,crude_rate_per_100k,8.921540866475565,23,257803,5.655491610665771,13.386691735485249,source_observed,source_year_observed,False,reports/quality/sim_mortality_rates_manifest.json
sim-prostate,SIM,prostate,brazil_total,2011,crude_rate_per_100k,6.824539275894083,13129,192379287,6.708296175468341,6.942291295563249,source_observed,source_year_observed,False,reports/quality/sim_mortality_rates_manifest.json
sim-prostate,SIM,prostate,rest_of_rj_excluding_vr,2011,crude_rate_per_100k,8.20630382903235,1301,15853666,7.766387826952223,8.664646907712843,source_observed,source_year_observed,False,reports/quality/sim_mortality_rates_manifest.json
sim-prostate,SIM,prostate,rj_total,2011,crude_rate_per_100k,8.235750754778318,1327,16112678,7.7985436778958235,8.69108704547212,source_observed,source_year_observed,False,reports/quality/sim_mortality_rates_manifest.json
sim-prostate,SIM,prostate,volta_redonda,2011,crude_rate_per_100k,10.03814495081309,26,259012,6.557249554304952,14.708208146002887,source_observed,source_year_observed,False,reports/quality/sim_mortality_rates_manifest.json
sim-prostate,SIM,prostate,brazil_total,2012,crude_rate_per_100k,6.885390260919168,13354,193946886,6.76909871149363,7.003178496350638,source_observed,source_year_observed,False,reports/quality/sim_mortality_rates_manifest.json
sim-prostate,SIM,prostate,rest_of_rj_excluding_vr,2012,crude_rate_per_100k,8.515335587184046,1360,15971185,8.068730434071712,8.980228525873178,source_observed,source_year_observed,False,reports/quality/sim_mortality_rates_manifest.json
sim-prostate,SIM,prostate,rj_total,2012,crude_rate_per_100k,8.532862146837312,1385,16231365,8.089341293121318,8.994376170163646,source_observed,source_year_observed,False,reports/quality/sim_mortality_rates_manifest.json
sim-prostate,SIM,prostate,volta_redonda,2012,crude_rate_per_100k,9.608732416019679,25,260180,6.21826498878827,14.184384540522087,source_observed,source_year_observed,False,reports/quality/sim_mortality_rates_manifest.json
sim-prostate,SIM,prostate,brazil_total,2013,crude_rate_per_100k,6.850626311496745,13772,201032714,6.7366839990131755,6.966012491732746,source_observed,source_year_observed,False,reports/quality/sim_mortality_rates_manifest.json
sim-prostate,SIM,prostate,rest_of_rj_excluding_vr,2013,crude_rate_per_100k,8.92122299351172,1437,16107657,8.465872796536418,9.394701586979174,source_observed,source_year_observed,False,reports/quality/sim_mortality_rates_manifest.json
sim-prostate,SIM,prostate,rj_total,2013,crude_rate_per_100k,8.900874014512274,1457,16369179,8.44965085555671,9.369934862473816,source_observed,source_year_observed,False,reports/quality/sim_mortality_rates_manifest.json
sim-prostate,SIM,prostate,volta_redonda,2013,crude_rate_per_100k,7.647540168704736,20,261522,4.671316212557239,11.811005537841787,source_observed,source_year_observed,False,reports/quality/sim_mortality_rates_manifest.json
sim-prostate,SIM,prostate,brazil_total,2014,crude_rate_per_100k,6.983824247863433,14161,202768562,6.8692664886621335,7.099813457424919,source_observed,source_year_observed,False,reports/quality/sim_mortality_rates_manifest.json
sim-prostate,SIM,prostate,rest_of_rj_excluding_vr,2014,crude_rate_per_100k,8.185733932533996,1326,16198914,7.751020470873047,8.63848015803531,source_observed,source_year_observed,False,reports/quality/sim_mortality_rates_manifest.json
sim-prostate,SIM,prostate,rj_total,2014,crude_rate_per_100k,8.16466724455177,1344,16461173,7.73394657631098,8.61313228936704,source_observed,source_year_observed,False,reports/quality/sim_mortality_rates_manifest.json
sim-prostate,SIM,prostate,volta_redonda,2014,crude_rate_per_100k,6.863444152536233,18,262259,4.067711987157552,10.847200770050973,source_observed,source_year_observed,False,reports/quality/sim_mortality_rates_manifest.json
sim-prostate,SIM,prostate,brazil_total,2015,crude_rate_per_100k,7.084371009370607,14484,204450049,6.969461723643006,7.200699927522564,source_observed,source_year_observed,False,reports/quality/sim_mortality_rates_manifest.json
sim-prostate,SIM,prostate,rest_of_rj_excluding_vr,2015,crude_rate_per_100k,8.178274597726514,1332,16287054,7.744923298606089,8.629560703903223,source_observed,source_year_observed,False,reports/quality/sim_mortality_rates_manifest.json
sim-prostate,SIM,prostate,rj_total,2015,crude_rate_per_100k,8.169172443496155,1352,16550024,7.739473850577021,8.616519675173018,source_observed,source_year_observed,False,reports/quality/sim_mortality_rates_manifest.json
sim-prostate,SIM,prostate,volta_redonda,2015,crude_rate_per_100k,7.605430277217933,20,262970,4.645594396852852,11.745970225757539,source_observed,source_year_observed,False,reports/quality/sim_mortality_rates_manifest.json
sim-prostate,SIM,prostate,brazil_total,2016,crude_rate_per_100k,7.242767994741031,14926,206081432,7.127035014294215,7.359909310703616,source_observed,source_year_observed,False,reports/quality/sim_mortality_rates_manifest.json
sim-prostate,SIM,prostate,rest_of_rj_excluding_vr,2016,crude_rate_per_100k,9.26562896915694,1517,16372337,8.805178541640737,9.743910536268942,source_observed,source_year_observed,False,reports/quality/sim_mortality_rates_manifest.json
sim-prostate,SIM,prostate,rj_total,2016,crude_rate_per_100k,9.335178969747288,1553,16635996,8.876612943955633,9.811291784462464,source_observed,source_year_observed,False,reports/quality/sim_mortality_rates_manifest.json
sim-prostate,SIM,prostate,volta_redonda,2016,crude_rate_per_100k,13.65400005309889,36,263659,9.563093775412646,18.902891420067657,source_observed,source_year_observed,False,reports/quality/sim_mortality_rates_manifest.json
sim-prostate,SIM,prostate,brazil_total,2017,crude_rate_per_100k,7.411601245412902,15391,207660929,7.294966152836931,7.529633902851199,source_observed,source_year_observed,False,reports/quality/sim_mortality_rates_manifest.json
sim-prostate,SIM,prostate,rest_of_rj_excluding_vr,2017,crude_rate_per_100k,9.04960600179108,1489,16453755,8.595735926139243,9.521220403701202,source_observed,source_year_observed,False,reports/quality/sim_mortality_rates_manifest.json
sim-prostate,SIM,prostate,rj_total,2017,crude_rate_per_100k,9.037645652037124,1511,16718956,8.587645230554385,9.505107832489383,source_observed,source_year_observed,False,reports/quality/sim_mortality_rates_manifest.json
sim-prostate,SIM,prostate,volta_redonda,2017,crude_rate_per_100k,8.295594662161907,22,265201,5.198805009117467,12.559630011623346,source_observed,source_year_observed,False,reports/quality/sim_mortality_rates_manifest.json
sim-prostate,SIM,prostate,brazil_total,2018,crude_rate_per_100k,7.470686333334772,15576,208494900,7.353818958127958,7.588945660686411,source_observed,source_year_observed,False,reports/quality/sim_mortality_rates_manifest.json
sim-prostate,SIM,prostate,rest_of_rj_excluding_vr,2018,crude_rate_per_100k,9.101157380624139,1537,16887962,8.6517953250854,9.567805188279749,source_observed,source_year_observed,False,reports/quality/sim_mortality_rates_manifest.json
sim-prostate,SIM,prostate,rj_total,2018,crude_rate_per_100k,9.079275243065835,1558,17159960,8.633987082584415,9.541574185986928,source_observed,source_year_observed,False,reports/quality/sim_mortality_rates_manifest.json
sim-prostate,SIM,prostate,volta_redonda,2018,crude_rate_per_100k,7.720645004742682,21,271998,4.779200944152599,11.801826018920508,source_observed,source_year_observed,False,reports/quality/sim_mortality_rates_manifest.json
sim-prostate,SIM,prostate,brazil_total,2019,crude_rate_per_100k,7.605623917053351,15983,210147125,7.488164416900147,7.724464377729976,source_observed,source_year_observed,False,reports/quality/sim_mortality_rates_manifest.json
sim-prostate,SIM,prostate,rest_of_rj_excluding_vr,2019,crude_rate_per_100k,8.768867999758237,1490,16991931,8.329223654537536,9.22569461525427,source_observed,source_year_observed,False,reports/quality/sim_mortality_rates_manifest.json
sim-prostate,SIM,prostate,rj_total,2019,crude_rate_per_100k,8.832928090176724,1525,17264943,8.395118772257685,9.287646289145421,source_observed,source_year_observed,False,reports/quality/sim_mortality_rates_manifest.json
sim-prostate,SIM,prostate,volta_redonda,2019,crude_rate_per_100k,12.8199493062576,35,273012,8.929564415673948,17.82944609360873,source_observed,source_year_observed,False,reports/quality/sim_mortality_rates_manifest.json
sim-prostate,SIM,prostate,brazil_total,2020,crude_rate_per_100k,7.480790646232074,15841,211755692,7.364744377342466,7.598207401741324,source_observed,cancer_care_disruption,False,reports/quality/sim_mortality_rates_manifest.json
sim-prostate,SIM,prostate,rest_of_rj_excluding_vr,2020,crude_rate_per_100k,8.565309991381449,1464,17092201,8.132123898872422,9.015578859001206,source_observed,cancer_care_disruption,False,reports/quality/sim_mortality_rates_manifest.json
sim-prostate,SIM,prostate,rj_total,2020,crude_rate_per_100k,8.620198709112287,1497,17366189,8.189006924231041,9.068202130269539,source_observed,cancer_care_disruption,False,reports/quality/sim_mortality_rates_manifest.json
sim-prostate,SIM,prostate,volta_redonda,2020,crude_rate_per_100k,12.04432310904127,33,273988,8.29075783345615,16.914707676675363,source_observed,cancer_care_disruption,False,reports/quality/sim_mortality_rates_manifest.json
sim-prostate,SIM,prostate,brazil_total,2021,crude_rate_per_100k,7.641655925134255,16301,213317639,7.524792344764422,7.759879905440254,source_observed,cancer_care_disruption,False,reports/quality/sim_mortality_rates_manifest.json
sim-prostate,SIM,prostate,rest_of_rj_excluding_vr,2021,crude_rate_per_100k,8.302099133696027,1427,17188424,7.87688700449415,8.744300311191898,source_observed,cancer_care_disruption,False,reports/quality/sim_mortality_rates_manifest.json
sim-prostate,SIM,prostate,rj_total,2021,crude_rate_per_100k,8.291651274907236,1448,17463349,7.870024863259622,8.72999820390053,source_observed,cancer_care_disruption,False,reports/quality/sim_mortality_rates_manifest.json
sim-prostate,SIM,prostate,volta_redonda,2021,crude_rate_per_100k,7.638446849140675,21,274925,4.728318990297785,11.676177406544841,source_observed,cancer_care_disruption,False,reports/quality/sim_mortality_rates_manifest.json
sim-prostate,SIM,prostate,brazil_total,2022,crude_rate_per_100k,8.08988518833365,16429,203080756,7.966647914040393,8.21455142280456,source_observed,cancer_care_disruption,False,reports/quality/sim_mortality_rates_manifest.json
sim-prostate,SIM,prostate,rest_of_rj_excluding_vr,2022,crude_rate_per_100k,9.579823132277983,1513,15793611,9.10313809698663,10.07499290329675,source_observed,cancer_care_disruption,False,reports/quality/sim_mortality_rates_manifest.json
sim-prostate,SIM,prostate,rj_total,2022,crude_rate_per_100k,9.579466407526946,1538,16055174,9.106640095418157,10.070475040060485,source_observed,cancer_care_disruption,False,reports/quality/sim_mortality_rates_manifest.json
sim-prostate,SIM,prostate,volta_redonda,2022,crude_rate_per_100k,9.557926770988251,25,261563,6.185386254106783,14.109385386132736,source_observed,cancer_care_disruption,False,reports/quality/sim_mortality_rates_manifest.json
sim-prostate,SIM,prostate,brazil_total,2024,crude_rate_per_100k,8.385401047822329,17826,212583750,8.262750901233748,8.509416133212751,source_observed,source_year_observed,False,reports/quality/sim_mortality_rates_manifest.json
sim-prostate,SIM,prostate,rest_of_rj_excluding_vr,2024,crude_rate_per_100k,9.858450944554713,1670,16939781,9.39124389977568,10.34288490974574,source_observed,source_year_observed,False,reports/quality/sim_mortality_rates_manifest.json
sim-prostate,SIM,prostate,rj_total,2024,crude_rate_per_100k,9.825967139108691,1692,17219679,9.363300419718856,10.305579861290452,source_observed,source_year_observed,False,reports/quality/sim_mortality_rates_manifest.json
sim-prostate,SIM,prostate,volta_redonda,2024,crude_rate_per_100k,7.860006145095713,22,279898,4.925824004540801,11.900143762058047,source_observed,source_year_observed,False,reports/quality/sim_mortality_rates_manifest.json
sim-pulmonary-embolism,SIM,pulmonary_embolism,brazil_total,2010,crude_rate_per_100k,2.604376918575356,4968,190755799,2.5324542807279022,2.6778241138036543,source_observed,source_year_observed,False,reports/quality/sim_mortality_rates_manifest.json
sim-pulmonary-embolism,SIM,pulmonary_embolism,rest_of_rj_excluding_vr,2010,crude_rate_per_100k,2.866745409997352,451,15732126,2.6082413127349766,3.143938226955813,source_observed,source_year_observed,False,reports/quality/sim_mortality_rates_manifest.json
sim-pulmonary-embolism,SIM,pulmonary_embolism,rj_total,2010,crude_rate_per_100k,2.839287153807875,454,15989929,2.5840863755248855,3.1128743950512376,source_observed,source_year_observed,False,reports/quality/sim_mortality_rates_manifest.json
sim-pulmonary-embolism,SIM,pulmonary_embolism,volta_redonda,2010,crude_rate_per_100k,,,257803,,,source_observed,source_year_observed,True,reports/quality/sim_mortality_rates_manifest.json
sim-pulmonary-embolism,SIM,pulmonary_embolism,brazil_total,2011,crude_rate_per_100k,2.771608151349475,5332,192379287,2.6977082291715906,2.8470195151217843,source_observed,source_year_observed,False,reports/quality/sim_mortality_rates_manifest.json
sim-pulmonary-embolism,SIM,pulmonary_embolism,rest_of_rj_excluding_vr,2011,crude_rate_per_100k,2.7564602408048713,437,15853666,2.5040458403761243,3.0274246460337575,source_observed,source_year_observed,False,reports/quality/sim_mortality_rates_manifest.json
sim-pulmonary-embolism,SIM,pulmonary_embolism,rj_total,2011,crude_rate_per_100k,2.7493877802311943,443,16112678,2.4992909051778502,3.0177345193253076,source_observed,source_year_observed,False,reports/quality/sim_mortality_rates_manifest.json
sim-pulmonary-embolism,SIM,pulmonary_embolism,volta_redonda,2011,crude_rate_per_100k,2.3164949886491746,6,259012,0.8501128339578286,5.042034354593102,source_observed,source_year_observed,False,reports/quality/sim_mortality_rates_manifest.json
sim-pulmonary-embolism,SIM,pulmonary_embolism,brazil_total,2012,crude_rate_per_100k,2.9224496030320384,5668,193946886,2.8468574326362375,2.999540791178116,source_observed,source_year_observed,False,reports/quality/sim_mortality_rates_manifest.json
sim-pulmonary-embolism,SIM,pulmonary_embolism,rest_of_rj_excluding_vr,2012,crude_rate_per_100k,2.64851981866092,423,15971185,2.402106297053681,2.9133515984200065,source_observed,source_year_observed,False,reports/quality/sim_mortality_rates_manifest.json
sim-pulmonary-embolism,SIM,pulmonary_embolism,rj_total,2012,crude_rate_per_100k,2.643030946565492,429,16231365,2.3988118115785952,2.905371074993114,source_observed,source_year_observed,False,reports/quality/sim_mortality_rates_manifest.json
sim-pulmonary-embolism,SIM,pulmonary_embolism,volta_redonda,2012,crude_rate_per_100k,2.306095779844723,6,260180,0.8462965076065996,5.019399655053688,source_observed,source_year_observed,False,reports/quality/sim_mortality_rates_manifest.json
sim-pulmonary-embolism,SIM,pulmonary_embolism,brazil_total,2013,crude_rate_per_100k,2.949271231546921,5929,201032714,2.874672501232597,3.0253159999423342,source_observed,source_year_observed,False,reports/quality/sim_mortality_rates_manifest.json
sim-pulmonary-embolism,SIM,pulmonary_embolism,rest_of_rj_excluding_vr,2013,crude_rate_per_100k,2.756453033485876,444,16107657,2.5059892502334162,3.0251720484925673,source_observed,source_year_observed,False,reports/quality/sim_mortality_rates_manifest.json
sim-pulmonary-embolism,SIM,pulmonary_embolism,rj_total,2013,crude_rate_per_100k,2.7368507608109116,448,16369179,2.4892543685627255,3.0024094771911782,source_observed,source_year_observed,False,reports/quality/sim_mortality_rates_manifest.json
sim-pulmonary-embolism,SIM,pulmonary_embolism,volta_redonda,2013,crude_rate_per_100k,,,261522,,,source_observed,source_year_observed,True,reports/quality/sim_mortality_rates_manifest.json
sim-pulmonary-embolism,SIM,pulmonary_embolism,brazil_total,2014,crude_rate_per_100k,3.168143984766238,6424,202768562,3.0911391725111734,3.2465822101760833,source_observed,source_year_observed,False,reports/quality/sim_mortality_rates_manifest.json
sim-pulmonary-embolism,SIM,pulmonary_embolism,rest_of_rj_excluding_vr,2014,crude_rate_per_100k,3.136012698135196,508,16198914,2.8692003713153538,3.420958979056524,source_observed,source_year_observed,False,reports/quality/sim_mortality_rates_manifest.json
sim-pulmonary-embolism,SIM,pulmonary_embolism,rj_total,2014,crude_rate_per_100k,3.1407239326140366,517,16461173,2.875795287084162,3.4234953439307207,source_observed,source_year_observed,False,reports/quality/sim_mortality_rates_manifest.json
sim-pulmonary-embolism,SIM,pulmonary_embolism,volta_redonda,2014,crude_rate_per_100k,3.4317220762681164,9,262259,1.5692018567059027,6.514477463659651,source_observed,source_year_observed,False,reports/quality/sim_mortality_rates_manifest.json
sim-pulmonary-embolism,SIM,pulmonary_embolism,brazil_total,2015,crude_rate_per_100k,3.4546335569721482,7063,204450049,3.3745311402528,3.5361573218464004,source_observed,source_year_observed,False,reports/quality/sim_mortality_rates_manifest.json
sim-pulmonary-embolism,SIM,pulmonary_embolism,rest_of_rj_excluding_vr,2015,crude_rate_per_100k,3.726886397012007,607,16287054,3.436260850134818,4.035525313046444,source_observed,source_year_observed,False,reports/quality/sim_mortality_rates_manifest.json
sim-pulmonary-embolism,SIM,pulmonary_embolism,rj_total,2015,crude_rate_per_100k,3.7039221212005495,613,16550024,3.4164757498044906,4.0090944751727795,source_observed,source_year_observed,False,reports/quality/sim_mortality_rates_manifest.json
sim-pulmonary-embolism,SIM,pulmonary_embolism,volta_redonda,2015,crude_rate_per_100k,2.28162908316538,6,262970,0.8373176611365748,4.966145956770235,source_observed,source_year_observed,False,reports/quality/sim_mortality_rates_manifest.json
sim-pulmonary-embolism,SIM,pulmonary_embolism,brazil_total,2016,crude_rate_per_100k,3.5966364985274364,7412,206081432,3.5152172344634174,3.679465724693143,source_observed,source_year_observed,False,reports/quality/sim_mortality_rates_manifest.json
sim-pulmonary-embolism,SIM,pulmonary_embolism,rest_of_rj_excluding_vr,2016,crude_rate_per_100k,4.012866336675088,657,16372337,3.7118460069701436,4.331796888466648,source_observed,source_year_observed,False,reports/quality/sim_mortality_rates_manifest.json
sim-pulmonary-embolism,SIM,pulmonary_embolism,rj_total,2016,crude_rate_per_100k,3.967300785597688,660,16635996,3.6703624767783256,4.281864945806437,source_observed,source_year_observed,False,reports/quality/sim_mortality_rates_manifest.json
sim-pulmonary-embolism,SIM,pulmonary_embolism,volta_redonda,2016,crude_rate_per_100k,,,263659,,,source_observed,source_year_observed,True,reports/quality/sim_mortality_rates_manifest.json
sim-pulmonary-embolism,SIM,pulmonary_embolism,brazil_total,2017,crude_rate_per_100k,3.355469916057247,6968,207660929,3.277141314038926,3.435197927182045,source_observed,source_year_observed,False,reports/quality/sim_mortality_rates_manifest.json
sim-pulmonary-embolism,SIM,pulmonary_embolism,rest_of_rj_excluding_vr,2017,crude_rate_per_100k,3.597962896615393,592,16453755,3.3139312034854,3.899828463182263,source_observed,source_year_observed,False,reports/quality/sim_mortality_rates_manifest.json
sim-pulmonary-embolism,SIM,pulmonary_embolism,rj_total,2017,crude_rate_per_100k,3.57677835864871,598,16718956,3.295810060755902,3.8752964470146933,source_observed,source_year_observed,False,reports/quality/sim_mortality_rates_manifest.json
sim-pulmonary-embolism,SIM,pulmonary_embolism,volta_redonda,2017,crude_rate_per_100k,2.2624349078623385,6,265201,0.830273737086531,4.924368317811277,source_observed,source_year_observed,False,reports/quality/sim_mortality_rates_manifest.json
sim-pulmonary-embolism,SIM,pulmonary_embolism,brazil_total,2018,crude_rate_per_100k,3.2806557858249774,6840,208494900,3.2033645846822743,3.3593408507577855,source_observed,source_year_observed,False,reports/quality/sim_mortality_rates_manifest.json
sim-pulmonary-embolism,SIM,pulmonary_embolism,rest_of_rj_excluding_vr,2018,crude_rate_per_100k,2.984374313490284,504,16887962,2.7294802779996994,3.2566634232638934,source_observed,source_year_observed,False,reports/quality/sim_mortality_rates_manifest.json
sim-pulmonary-embolism,SIM,pulmonary_embolism,rj_total,2018,crude_rate_per_100k,2.99534497749412,514,17159960,2.741959453103256,3.2658473977445595,source_observed,source_year_observed,False,reports/quality/sim_mortality_rates_manifest.json
sim-pulmonary-embolism,SIM,pulmonary_embolism,volta_redonda,2018,crude_rate_per_100k,3.676497621306039,10,271998,1.763023513456876,6.76121002434495,source_observed,source_year_observed,False,reports/quality/sim_mortality_rates_manifest.json
sim-pulmonary-embolism,SIM,pulmonary_embolism,brazil_total,2019,crude_rate_per_100k,3.4713774932681094,7295,210147125,3.3921697094766796,3.551968003902516,source_observed,source_year_observed,False,reports/quality/sim_mortality_rates_manifest.json
sim-pulmonary-embolism,SIM,pulmonary_embolism,rest_of_rj_excluding_vr,2019,crude_rate_per_100k,3.360418542189231,571,16991931,3.0904062624602457,3.647704119042882,source_observed,source_year_observed,False,reports/quality/sim_mortality_rates_manifest.json
sim-pulmonary-embolism,SIM,pulmonary_embolism,rj_total,2019,crude_rate_per_100k,3.3478245482768174,578,17264943,3.0804240431611,3.6322237815923106,source_observed,source_year_observed,False,reports/quality/sim_mortality_rates_manifest.json
sim-pulmonary-embolism,SIM,pulmonary_embolism,volta_redonda,2019,crude_rate_per_100k,2.56398986125152,7,273012,1.0308569042825464,5.282799057075285,source_observed,source_year_observed,False,reports/quality/sim_mortality_rates_manifest.json
sim-pulmonary-embolism,SIM,pulmonary_embolism,brazil_total,2020,crude_rate_per_100k,2.6738360355385393,5662,211755692,2.60463811378642,2.744406909813833,source_observed,cardiovascular_pandemic_context,False,reports/quality/sim_mortality_rates_manifest.json
sim-pulmonary-embolism,SIM,pulmonary_embolism,rest_of_rj_excluding_vr,2020,crude_rate_per_100k,3.042323220982482,520,17092201,2.7864199854876057,3.3154097652540786,source_observed,cardiovascular_pandemic_context,False,reports/quality/sim_mortality_rates_manifest.json
sim-pulmonary-embolism,SIM,pulmonary_embolism,rj_total,2020,crude_rate_per_100k,3.028874095519748,526,17366189,2.7755275049421577,3.29913149526546,source_observed,cardiovascular_pandemic_context,False,reports/quality/sim_mortality_rates_manifest.json
sim-pulmonary-embolism,SIM,pulmonary_embolism,volta_redonda,2020,crude_rate_per_100k,2.1898769289165947,6,273988,0.803646237605607,4.766440144283211,source_observed,cardiovascular_pandemic_context,False,reports/quality/sim_mortality_rates_manifest.json
sim-pulmonary-embolism,SIM,pulmonary_embolism,brazil_total,2021,crude_rate_per_100k,3.311493617271847,7064,213317639,3.2347155826934224,3.3896339143383543,source_observed,cardiovascular_pandemic_context,False,reports/quality/sim_mortality_rates_manifest.json
sim-pulmonary-embolism,SIM,pulmonary_embolism,rest_of_rj_excluding_vr,2021,crude_rate_per_100k,3.4209070011305283,588,17188424,3.149954442554659,3.708931962211719,source_observed,cardiovascular_pandemic_context,False,reports/quality/sim_mortality_rates_manifest.json
sim-pulmonary-embolism,SIM,pulmonary_embolism,rj_total,2021,crude_rate_per_100k,3.4414933813668847,601,17463349,3.171813974448155,3.7279739346203087,source_observed,cardiovascular_pandemic_context,False,reports/quality/sim_mortality_rates_manifest.json
sim-pulmonary-embolism,SIM,pulmonary_embolism,volta_redonda,2021,crude_rate_per_100k,4.728562335182322,13,274925,2.517760294990925,8.085985602676685,source_observed,cardiovascular_pandemic_context,False,reports/quality/sim_mortality_rates_manifest.json
sim-pulmonary-embolism,SIM,pulmonary_embolism,brazil_total,2022,crude_rate_per_100k,4.143671791334084,8415,203080756,4.055605858268504,4.233168176251792,source_observed,source_year_observed,False,reports/quality/sim_mortality_rates_manifest.json
sim-pulmonary-embolism,SIM,pulmonary_embolism,rest_of_rj_excluding_vr,2022,crude_rate_per_100k,3.628049342230855,573,15793611,3.3370312676083485,3.937650855352718,source_observed,source_year_observed,False,reports/quality/sim_mortality_rates_manifest.json
sim-pulmonary-embolism,SIM,pulmonary_embolism,rj_total,2022,crude_rate_per_100k,3.643685207024228,585,16055174,3.354363766528618,3.9512847374924998,source_observed,source_year_observed,False,reports/quality/sim_mortality_rates_manifest.json
sim-pulmonary-embolism,SIM,pulmonary_embolism,volta_redonda,2022,crude_rate_per_100k,4.5878048500743605,12,261563,2.370585713087179,8.013971795772706,source_observed,source_year_observed,False,reports/quality/sim_mortality_rates_manifest.json
sim-pulmonary-embolism,SIM,pulmonary_embolism,brazil_total,2024,crude_rate_per_100k,4.5285681525516415,9627,212583750,4.438553073658003,4.619949412740165,source_observed,source_year_observed,False,reports/quality/sim_mortality_rates_manifest.json
sim-pulmonary-embolism,SIM,pulmonary_embolism,rest_of_rj_excluding_vr,2024,crude_rate_per_100k,3.453409462613478,585,16939781,3.179196586479621,3.7449459343061404,source_observed,source_year_observed,False,reports/quality/sim_mortality_rates_manifest.json
sim-pulmonary-embolism,SIM,pulmonary_embolism,rj_total,2024,crude_rate_per_100k,3.461156273586749,596,17219679,3.1888240269155244,3.750528373970044,source_observed,source_year_observed,False,reports/quality/sim_mortality_rates_manifest.json
sim-pulmonary-embolism,SIM,pulmonary_embolism,volta_redonda,2024,crude_rate_per_100k,3.9300030725478563,11,279898,1.9618433740994352,7.031861075571085,source_observed,source_year_observed,False,reports/quality/sim_mortality_rates_manifest.json
sim-resp-all,SIM,resp_all,brazil_total,2010,crude_rate_per_100k,62.44318685168779,119114,190755799,62.0890730122692,62.79881946233875,source_observed,source_year_observed,False,reports/quality/sim_mortality_rates_manifest.json
sim-resp-all,SIM,resp_all,rest_of_rj_excluding_vr,2010,crude_rate_per_100k,89.39669056807706,14064,15732126,87.9252623925426,90.88656863140191,source_observed,source_year_observed,False,reports/quality/sim_mortality_rates_manifest.json
sim-resp-all,SIM,resp_all,rj_total,2010,crude_rate_per_100k,89.34373629801608,14286,15989929,87.88460374979013,90.82102086736293,source_observed,source_year_observed,False,reports/quality/sim_mortality_rates_manifest.json
sim-resp-all,SIM,resp_all,volta_redonda,2010,crude_rate_per_100k,86.11226401554676,222,257803,75.15644539646797,98.21601992795578,source_observed,source_year_observed,False,reports/quality/sim_mortality_rates_manifest.json
sim-resp-all,SIM,resp_all,brazil_total,2011,crude_rate_per_100k,65.85584237038991,126693,192379287,65.49370298668379,66.2194876636316,source_observed,source_year_observed,False,reports/quality/sim_mortality_rates_manifest.json
sim-resp-all,SIM,resp_all,rest_of_rj_excluding_vr,2011,crude_rate_per_100k,90.33241901273813,14321,15853666,88.85893615443544,91.8242098465446,source_observed,source_year_observed,False,reports/quality/sim_mortality_rates_manifest.json
sim-resp-all,SIM,resp_all,rj_total,2011,crude_rate_per_100k,90.31397511946803,14552,16112678,88.85248525161104,91.79347825727481,source_observed,source_year_observed,False,reports/quality/sim_mortality_rates_manifest.json
sim-resp-all,SIM,resp_all,volta_redonda,2011,crude_rate_per_100k,89.18505706299322,231,259012,78.05402396701776,101.45817988115316,source_observed,source_year_observed,False,reports/quality/sim_mortality_rates_manifest.json
sim-resp-all,SIM,resp_all,brazil_total,2012,crude_rate_per_100k,65.58702881158918,127204,193946886,65.22709178855074,65.94845956961653,source_observed,source_year_observed,False,reports/quality/sim_mortality_rates_manifest.json
sim-resp-all,SIM,resp_all,rest_of_rj_excluding_vr,2012,crude_rate_per_100k,89.96827724429966,14369,15971185,88.50317745995908,91.45155020508726,source_observed,source_year_observed,False,reports/quality/sim_mortality_rates_manifest.json
sim-resp-all,SIM,resp_all,rj_total,2012,crude_rate_per_100k,89.90617856230823,14593,16231365,88.45332479413283,91.37691381359251,source_observed,source_year_observed,False,reports/quality/sim_mortality_rates_manifest.json
sim-resp-all,SIM,resp_all,volta_redonda,2012,crude_rate_per_100k,86.09424244753632,224,260180,75.18805171319468,98.13777218167091,source_observed,source_year_observed,False,reports/quality/sim_mortality_rates_manifest.json
sim-resp-all,SIM,resp_all,brazil_total,2013,crude_rate_per_100k,68.56197544047482,137832,201032714,68.20049031086688,68.92490160147594,source_observed,source_year_observed,False,reports/quality/sim_mortality_rates_manifest.json
sim-resp-all,SIM,resp_all,rest_of_rj_excluding_vr,2013,crude_rate_per_100k,97.05322133442499,15633,16107657,95.5377328622043,98.58672692072136,source_observed,source_year_observed,False,reports/quality/sim_mortality_rates_manifest.json
sim-resp-all,SIM,resp_all,rj_total,2013,crude_rate_per_100k,96.85274991494687,15854,16369179,95.35092883757002,98.37229992203608,source_observed,source_year_observed,False,reports/quality/sim_mortality_rates_manifest.json
sim-resp-all,SIM,resp_all,volta_redonda,2013,crude_rate_per_100k,84.50531886418733,221,261522,73.73048610206182,96.41182021208853,source_observed,source_year_observed,False,reports/quality/sim_mortality_rates_manifest.json
sim-resp-all,SIM,resp_all,brazil_total,2014,crude_rate_per_100k,68.57325348098094,139045,202768562,68.21328731112477,68.9346483402554,source_observed,source_year_observed,False,reports/quality/sim_mortality_rates_manifest.json
sim-resp-all,SIM,resp_all,rest_of_rj_excluding_vr,2014,crude_rate_per_100k,95.95087670691998,15543,16198914,94.44828674096874,97.47138242663596,source_observed,source_year_observed,False,reports/quality/sim_mortality_rates_manifest.json
sim-resp-all,SIM,resp_all,rj_total,2014,crude_rate_per_100k,95.88016601247068,15783,16461173,94.39009867515179,97.38786330657693,source_observed,source_year_observed,False,reports/quality/sim_mortality_rates_manifest.json
sim-resp-all,SIM,resp_all,volta_redonda,2014,crude_rate_per_100k,91.51258870048311,240,262259,80.30013387276738,103.85253715941012,source_observed,source_year_observed,False,reports/quality/sim_mortality_rates_manifest.json
sim-resp-all,SIM,resp_all,brazil_total,2015,crude_rate_per_100k,73.14304923448563,149541,204450049,72.77279699198499,73.514718370337,source_observed,source_year_observed,False,reports/quality/sim_mortality_rates_manifest.json
sim-resp-all,SIM,resp_all,rest_of_rj_excluding_vr,2015,crude_rate_per_100k,102.04423709775875,16620,16287054,100.49867036122444,103.60762104770033,source_observed,source_year_observed,False,reports/quality/sim_mortality_rates_manifest.json
sim-resp-all,SIM,resp_all,rj_total,2015,crude_rate_per_100k,101.90921777515247,16866,16550024,100.37695164088525,103.45901768248234,source_observed,source_year_observed,False,reports/quality/sim_mortality_rates_manifest.json
sim-resp-all,SIM,resp_all,volta_redonda,2015,crude_rate_per_100k,93.54679240978058,246,262970,82.22116467211261,105.99657602319971,source_observed,source_year_observed,False,reports/quality/sim_mortality_rates_manifest.json
sim-resp-all,SIM,resp_all,brazil_total,2016,crude_rate_per_100k,76.68861695409802,158041,206081432,76.31098770438628,77.06765184723942,source_observed,source_year_observed,False,reports/quality/sim_mortality_rates_manifest.json
sim-resp-all,SIM,resp_all,rest_of_rj_excluding_vr,2016,crude_rate_per_100k,106.82653307221808,17490,16372337,105.24913868733064,108.42165069423133,source_observed,source_year_observed,False,reports/quality/sim_mortality_rates_manifest.json
sim-resp-all,SIM,resp_all,rj_total,2016,crude_rate_per_100k,106.54005927868701,17724,16635996,104.9772761922511,108.12028441749891,source_observed,source_year_observed,False,reports/quality/sim_mortality_rates_manifest.json
sim-resp-all,SIM,resp_all,volta_redonda,2016,crude_rate_per_100k,88.75100034514278,234,263659,77.74299740197607,100.88080955881333,source_observed,source_year_observed,False,reports/quality/sim_mortality_rates_manifest.json
sim-resp-all,SIM,resp_all,brazil_total,2017,crude_rate_per_100k,74.93947019759312,155620,207660929,74.56759825006652,75.31273710622766,source_observed,source_year_observed,False,reports/quality/sim_mortality_rates_manifest.json
sim-resp-all,SIM,resp_all,rest_of_rj_excluding_vr,2017,crude_rate_per_100k,98.09918769302206,16141,16453755,96.59157132634849,99.62444143724043,source_observed,source_year_observed,False,reports/quality/sim_mortality_rates_manifest.json
sim-resp-all,SIM,resp_all,rj_total,2017,crude_rate_per_100k,98.01449324945888,16387,16718956,96.519484439096,99.5268593212548,source_observed,source_year_observed,False,reports/quality/sim_mortality_rates_manifest.json
sim-resp-all,SIM,resp_all,volta_redonda,2017,crude_rate_per_100k,92.75983122235587,246,265201,81.52948018229739,105.10488119132593,source_observed,source_year_observed,False,reports/quality/sim_mortality_rates_manifest.json
sim-resp-all,SIM,resp_all,brazil_total,2018,crude_rate_per_100k,74.43347535119564,155190,208494900,74.06360357098737,74.80473651437336,source_observed,source_year_observed,False,reports/quality/sim_mortality_rates_manifest.json
sim-resp-all,SIM,resp_all,rest_of_rj_excluding_vr,2018,crude_rate_per_100k,95.58879869578105,16143,16887962,94.11985336082996,97.07492793020366,source_observed,source_year_observed,False,reports/quality/sim_mortality_rates_manifest.json
sim-resp-all,SIM,resp_all,rj_total,2018,crude_rate_per_100k,95.6295935421761,16410,17159960,94.17198012820319,97.10411811180946,source_observed,source_year_observed,False,reports/quality/sim_mortality_rates_manifest.json
sim-resp-all,SIM,resp_all,volta_redonda,2018,crude_rate_per_100k,98.16248648887125,267,271998,86.74010034533971,110.67081205945075,source_observed,source_year_observed,False,reports/quality/sim_mortality_rates_manifest.json
sim-resp-all,SIM,resp_all,brazil_total,2019,crude_rate_per_100k,77.09122834775874,162005,210147125,76.71628394602413,77.46755118366634,source_observed,source_year_observed,False,reports/quality/sim_mortality_rates_manifest.json
sim-resp-all,SIM,resp_all,rest_of_rj_excluding_vr,2019,crude_rate_per_100k,99.72380419859286,16945,16991931,98.22788329896487,101.23680276924901,source_observed,source_year_observed,False,reports/quality/sim_mortality_rates_manifest.json
sim-resp-all,SIM,resp_all,rj_total,2019,crude_rate_per_100k,99.93082514086493,17253,17264943,98.44518956415497,101.43326794782618,source_observed,source_year_observed,False,reports/quality/sim_mortality_rates_manifest.json
sim-resp-all,SIM,resp_all,volta_redonda,2019,crude_rate_per_100k,112.81555389506688,308,273012,100.56682318224414,126.14470382780547,source_observed,source_year_observed,False,reports/quality/sim_mortality_rates_manifest.json
sim-resp-all,SIM,resp_all,brazil_total,2020,crude_rate_per_100k,70.25690719095287,148773,211755692,69.90034906248357,70.61483333255576,source_observed,respiratory_pandemic,False,reports/quality/sim_mortality_rates_manifest.json
sim-resp-all,SIM,resp_all,rest_of_rj_excluding_vr,2020,crude_rate_per_100k,92.31695789208189,15779,17092201,90.88208500473375,93.76880986055035,source_observed,respiratory_pandemic,False,reports/quality/sim_mortality_rates_manifest.json
sim-resp-all,SIM,resp_all,rj_total,2020,crude_rate_per_100k,92.35762665026853,16039,17366189,90.93375942988936,93.79820470641855,source_observed,respiratory_pandemic,False,reports/quality/sim_mortality_rates_manifest.json
sim-resp-all,SIM,resp_all,volta_redonda,2020,crude_rate_per_100k,94.89466691971911,260,273988,83.70953377852359,107.15813936830546,source_observed,respiratory_pandemic,False,reports/quality/sim_mortality_rates_manifest.json
sim-resp-all,SIM,resp_all,brazil_total,2021,crude_rate_per_100k,66.78678831617859,142468,213317639,66.44043182323965,67.13450283148374,source_observed,respiratory_pandemic,False,reports/quality/sim_mortality_rates_manifest.json
sim-resp-all,SIM,resp_all,rest_of_rj_excluding_vr,2021,crude_rate_per_100k,95.0756160076107,16342,17188424,93.62344602881653,96.54466922951937,source_observed,respiratory_pandemic,False,reports/quality/sim_mortality_rates_manifest.json
sim-resp-all,SIM,resp_all,rj_total,2021,crude_rate_per_100k,94.75845669693712,16548,17463349,93.32013361286253,96.21339695823215,source_observed,respiratory_pandemic,False,reports/quality/sim_mortality_rates_manifest.json
sim-resp-all,SIM,resp_all,volta_redonda,2021,crude_rate_per_100k,74.92952623442757,206,274925,65.04610930098623,85.89028061672091,source_observed,respiratory_pandemic,False,reports/quality/sim_mortality_rates_manifest.json
sim-resp-all,SIM,resp_all,brazil_total,2022,crude_rate_per_100k,86.70097722110114,176073,203080756,86.29647115788839,87.10690963342643,source_observed,source_year_observed,False,reports/quality/sim_mortality_rates_manifest.json
sim-resp-all,SIM,resp_all,rest_of_rj_excluding_vr,2022,crude_rate_per_100k,105.04247572008707,16590,15793611,103.4500651050616,106.65326025874427,source_observed,source_year_observed,False,reports/quality/sim_mortality_rates_manifest.json
sim-resp-all,SIM,resp_all,rj_total,2022,crude_rate_per_100k,104.98796213606904,16856,16055174,103.40893881179798,106.58505967045538,source_observed,source_year_observed,False,reports/quality/sim_mortality_rates_manifest.json
sim-resp-all,SIM,resp_all,volta_redonda,2022,crude_rate_per_100k,101.696340843315,266,261563,89.84121878061137,114.68076790275637,source_observed,source_year_observed,False,reports/quality/sim_mortality_rates_manifest.json
sim-resp-all,SIM,resp_all,brazil_total,2024,crude_rate_per_100k,91.28778657823094,194063,212583750,90.88207955557681,91.69485613670922,source_observed,source_year_observed,False,reports/quality/sim_mortality_rates_manifest.json
sim-resp-all,SIM,resp_all,rest_of_rj_excluding_vr,2024,crude_rate_per_100k,113.58470336777081,19241,16939781,111.98537926025271,115.20115499077443,source_observed,source_year_observed,False,reports/quality/sim_mortality_rates_manifest.json
sim-resp-all,SIM,resp_all,rj_total,2024,crude_rate_per_100k,113.39351912425313,19526,17219679,111.80854127742438,114.99534578673007,source_observed,source_year_observed,False,reports/quality/sim_mortality_rates_manifest.json
sim-resp-all,SIM,resp_all,volta_redonda,2024,crude_rate_per_100k,101.82280687964901,285,279898,90.34330090440507,114.35692714426933,source_observed,source_year_observed,False,reports/quality/sim_mortality_rates_manifest.json
sim-stomach,SIM,stomach,brazil_total,2010,crude_rate_per_100k,7.025736606833116,13402,190755799,6.907286455898459,7.145708473361223,source_observed,source_year_observed,False,reports/quality/sim_mortality_rates_manifest.json
sim-stomach,SIM,stomach,rest_of_rj_excluding_vr,2010,crude_rate_per_100k,7.958237812232118,1252,15732126,7.523467282617175,8.411581098299692,source_observed,source_year_observed,False,reports/quality/sim_mortality_rates_manifest.json
sim-stomach,SIM,stomach,rj_total,2010,crude_rate_per_100k,8.017546544453074,1282,15989929,7.5846199020791705,8.468744475858463,source_observed,source_year_observed,False,reports/quality/sim_mortality_rates_manifest.json
sim-stomach,SIM,stomach,volta_redonda,2010,crude_rate_per_100k,11.636792434533344,30,257803,7.851294989360447,16.61224477403586,source_observed,source_year_observed,False,reports/quality/sim_mortality_rates_manifest.json
sim-stomach,SIM,stomach,brazil_total,2011,crude_rate_per_100k,6.9279807654136905,13328,192379287,6.810856284377904,7.046614132460215,source_observed,source_year_observed,False,reports/quality/sim_mortality_rates_manifest.json
sim-stomach,SIM,stomach,rest_of_rj_excluding_vr,2011,crude_rate_per_100k,7.802611711385872,1237,15853666,7.373802828559524,8.249852012399277,source_observed,source_year_observed,False,reports/quality/sim_mortality_rates_manifest.json
sim-stomach,SIM,stomach,rj_total,2011,crude_rate_per_100k,7.795103954786412,1256,16112678,7.36991485544589,8.238426884352668,source_observed,source_year_observed,False,reports/quality/sim_mortality_rates_manifest.json
sim-stomach,SIM,stomach,volta_redonda,2011,crude_rate_per_100k,7.335567464055719,19,259012,4.416490805200812,11.455397267920247,source_observed,source_year_observed,False,reports/quality/sim_mortality_rates_manifest.json
sim-stomach,SIM,stomach,brazil_total,2012,crude_rate_per_100k,7.069461275083324,13711,193946886,6.951619029448817,7.188800149562869,source_observed,source_year_observed,False,reports/quality/sim_mortality_rates_manifest.json
sim-stomach,SIM,stomach,rest_of_rj_excluding_vr,2012,crude_rate_per_100k,8.064523703156652,1288,15971185,7.630061878829229,8.517277863576737,source_observed,source_year_observed,False,reports/quality/sim_mortality_rates_manifest.json
sim-stomach,SIM,stomach,rj_total,2012,crude_rate_per_100k,8.095437444725073,1314,16231365,7.663587378322993,8.545284971783982,source_observed,source_year_observed,False,reports/quality/sim_mortality_rates_manifest.json
sim-stomach,SIM,stomach,volta_redonda,2012,crude_rate_per_100k,9.993081712660466,26,260180,6.5278127510171196,14.64218006115958,source_observed,source_year_observed,False,reports/quality/sim_mortality_rates_manifest.json
sim-stomach,SIM,stomach,brazil_total,2013,crude_rate_per_100k,7.054573217371975,14182,201032714,6.938940298051832,7.171649944104569,source_observed,source_year_observed,False,reports/quality/sim_mortality_rates_manifest.json
sim-stomach,SIM,stomach,rest_of_rj_excluding_vr,2013,crude_rate_per_100k,8.3128166933279,1339,16107657,7.873473558271355,8.770293949266554,source_observed,source_year_observed,False,reports/quality/sim_mortality_rates_manifest.json
sim-stomach,SIM,stomach,rj_total,2013,crude_rate_per_100k,8.338842161845747,1365,16369179,7.902284597468624,8.793242574278882,source_observed,source_year_observed,False,reports/quality/sim_mortality_rates_manifest.json
sim-stomach,SIM,stomach,volta_redonda,2013,crude_rate_per_100k,9.941802219316155,26,261522,6.494315283454678,14.56704372218207,source_observed,source_year_observed,False,reports/quality/sim_mortality_rates_manifest.json
sim-stomach,SIM,stomach,brazil_total,2014,crude_rate_per_100k,6.918232225762887,14028,202768562,6.804215903862334,7.033680017185481,source_observed,source_year_observed,False,reports/quality/sim_mortality_rates_manifest.json
sim-stomach,SIM,stomach,rest_of_rj_excluding_vr,2014,crude_rate_per_100k,7.901764278765849,1280,16198914,7.474760975977786,8.34680328039067,source_observed,source_year_observed,False,reports/quality/sim_mortality_rates_manifest.json
sim-stomach,SIM,stomach,rj_total,2014,crude_rate_per_100k,7.982420207843026,1314,16461173,7.556599031366331,8.425987589465253,source_observed,source_year_observed,False,reports/quality/sim_mortality_rates_manifest.json
sim-stomach,SIM,stomach,volta_redonda,2014,crude_rate_per_100k,12.964283399235107,34,262259,8.978143127432148,18.116286607972686,source_observed,source_year_observed,False,reports/quality/sim_mortality_rates_manifest.json
sim-stomach,SIM,stomach,brazil_total,2015,crude_rate_per_100k,6.977254380604232,14265,204450049,6.863220651829436,7.092707772187656,source_observed,source_year_observed,False,reports/quality/sim_mortality_rates_manifest.json
sim-stomach,SIM,stomach,rest_of_rj_excluding_vr,2015,crude_rate_per_100k,7.754625237934375,1263,16287054,7.332801516940848,8.194388173529338,source_observed,source_year_observed,False,reports/quality/sim_mortality_rates_manifest.json
sim-stomach,SIM,stomach,rj_total,2015,crude_rate_per_100k,7.764339193707514,1285,16550024,7.34556801787508,8.200763119986625,source_observed,source_year_observed,False,reports/quality/sim_mortality_rates_manifest.json
sim-stomach,SIM,stomach,volta_redonda,2015,crude_rate_per_100k,8.365973304939727,22,262970,5.242910929851166,12.666184122571105,source_observed,source_year_observed,False,reports/quality/sim_mortality_rates_manifest.json
sim-stomach,SIM,stomach,brazil_total,2016,crude_rate_per_100k,7.109325599018548,14651,206081432,6.994667986588855,7.225391583239313,source_observed,source_year_observed,False,reports/quality/sim_mortality_rates_manifest.json
sim-stomach,SIM,stomach,rest_of_rj_excluding_vr,2016,crude_rate_per_100k,7.952438311036476,1302,16372337,7.526292797515498,8.396427073364082,source_observed,source_year_observed,False,reports/quality/sim_mortality_rates_manifest.json
sim-stomach,SIM,stomach,rj_total,2016,crude_rate_per_100k,8.024767498140779,1335,16635996,7.6000218201860505,8.467071618426147,source_observed,source_year_observed,False,reports/quality/sim_mortality_rates_manifest.json
sim-stomach,SIM,stomach,volta_redonda,2016,crude_rate_per_100k,12.516166715340649,33,263659,8.615553261117517,17.577351529501854,source_observed,source_year_observed,False,reports/quality/sim_mortality_rates_manifest.json
sim-stomach,SIM,stomach,brazil_total,2017,crude_rate_per_100k,6.892967333301296,14314,207660929,6.780503365419185,7.006829006230329,source_observed,source_year_observed,False,reports/quality/sim_mortality_rates_manifest.json
sim-stomach,SIM,stomach,rest_of_rj_excluding_vr,2017,crude_rate_per_100k,7.43295375432538,1223,16453755,7.022161786383439,7.861505882067204,source_observed,source_year_observed,False,reports/quality/sim_mortality_rates_manifest.json
sim-stomach,SIM,stomach,rj_total,2017,crude_rate_per_100k,7.494487095964605,1253,16718956,7.085213096884167,7.921237536061122,source_observed,source_year_observed,False,reports/quality/sim_mortality_rates_manifest.json
sim-stomach,SIM,stomach,volta_redonda,2017,crude_rate_per_100k,11.312174539311691,30,265201,7.632276658617771,16.14883254392241,source_observed,source_year_observed,False,reports/quality/sim_mortality_rates_manifest.json
sim-stomach,SIM,stomach,brazil_total,2018,crude_rate_per_100k,7.080269109700046,14762,208494900,6.966508512176777,7.195421761575373,source_observed,source_year_observed,False,reports/quality/sim_mortality_rates_manifest.json
sim-stomach,SIM,stomach,rest_of_rj_excluding_vr,2018,crude_rate_per_100k,7.2003951690559225,1216,16887962,6.801328354008057,7.616765984721219,source_observed,source_year_observed,False,reports/quality/sim_mortality_rates_manifest.json
sim-stomach,SIM,stomach,rj_total,2018,crude_rate_per_100k,7.202813992573409,1236,17159960,6.806810405434515,7.615845979861505,source_observed,source_year_observed,False,reports/quality/sim_mortality_rates_manifest.json
sim-stomach,SIM,stomach,volta_redonda,2018,crude_rate_per_100k,7.352995242612078,20,271998,4.491400519637624,11.356104788518518,source_observed,source_year_observed,False,reports/quality/sim_mortality_rates_manifest.json
sim-stomach,SIM,stomach,brazil_total,2019,crude_rate_per_100k,7.190676531977299,15111,210147125,7.076478648896044,7.306255480280763,source_observed,source_year_observed,False,reports/quality/sim_mortality_rates_manifest.json
sim-stomach,SIM,stomach,rest_of_rj_excluding_vr,2019,crude_rate_per_100k,6.673755913909961,1134,16991931,6.290930530544743,7.073785244675009,source_observed,source_year_observed,False,reports/quality/sim_mortality_rates_manifest.json
sim-stomach,SIM,stomach,rj_total,2019,crude_rate_per_100k,6.736193684508544,1163,17264943,6.354564298279183,7.1347528741127535,source_observed,source_year_observed,False,reports/quality/sim_mortality_rates_manifest.json
sim-stomach,SIM,stomach,volta_redonda,2019,crude_rate_per_100k,10.622243710899154,29,273012,7.11388332291179,15.25531384649268,source_observed,source_year_observed,False,reports/quality/sim_mortality_rates_manifest.json
sim-stomach,SIM,stomach,brazil_total,2020,crude_rate_per_100k,6.54055618018523,13850,211755692,6.432076566192012,6.650406535626181,source_observed,cancer_care_disruption,False,reports/quality/sim_mortality_rates_manifest.json
sim-stomach,SIM,stomach,rest_of_rj_excluding_vr,2020,crude_rate_per_100k,6.494189952481836,1110,17092201,6.11771879756136,6.887765944076561,source_observed,cancer_care_disruption,False,reports/quality/sim_mortality_rates_manifest.json
sim-stomach,SIM,stomach,rj_total,2020,crude_rate_per_100k,6.564479978883104,1140,17366189,6.188900654940737,6.956892050948867,source_observed,cancer_care_disruption,False,reports/quality/sim_mortality_rates_manifest.json
sim-stomach,SIM,stomach,volta_redonda,2020,crude_rate_per_100k,10.949384644582974,30,273988,7.38750384010282,15.630927410984302,source_observed,cancer_care_disruption,False,reports/quality/sim_mortality_rates_manifest.json
sim-stomach,SIM,stomach,brazil_total,2021,crude_rate_per_100k,6.684866786848321,14260,213317639,6.575592661060634,6.795501560895774,source_observed,cancer_care_disruption,False,reports/quality/sim_mortality_rates_manifest.json
sim-stomach,SIM,stomach,rest_of_rj_excluding_vr,2021,crude_rate_per_100k,6.265844966356427,1077,17188424,5.897171616046105,6.651529977201478,source_observed,cancer_care_disruption,False,reports/quality/sim_mortality_rates_manifest.json
sim-stomach,SIM,stomach,rj_total,2021,crude_rate_per_100k,6.2931800767424395,1099,17463349,5.926567579372981,6.676534715671975,source_observed,cancer_care_disruption,False,reports/quality/sim_mortality_rates_manifest.json
sim-stomach,SIM,stomach,volta_redonda,2021,crude_rate_per_100k,8.00218241338547,22,274925,5.014925114933023,12.115400340865776,source_observed,cancer_care_disruption,False,reports/quality/sim_mortality_rates_manifest.json
sim-stomach,SIM,stomach,brazil_total,2022,crude_rate_per_100k,7.06123036098999,14340,203080756,6.946125121036178,7.177764825421201,source_observed,cancer_care_disruption,False,reports/quality/sim_mortality_rates_manifest.json
sim-stomach,SIM,stomach,rest_of_rj_excluding_vr,2022,crude_rate_per_100k,6.730569722149038,1063,15793611,6.3319928678058535,7.147661851979847,source_observed,cancer_care_disruption,False,reports/quality/sim_mortality_rates_manifest.json
sim-stomach,SIM,stomach,rj_total,2022,crude_rate_per_100k,6.73303198084306,1081,16055174,6.337592585345908,7.146683458850003,source_observed,cancer_care_disruption,False,reports/quality/sim_mortality_rates_manifest.json
sim-stomach,SIM,stomach,volta_redonda,2022,crude_rate_per_100k,6.881707275111541,18,261563,4.078535871051917,10.876064377426465,source_observed,cancer_care_disruption,False,reports/quality/sim_mortality_rates_manifest.json
sim-stomach,SIM,stomach,brazil_total,2024,crude_rate_per_100k,7.016999182675064,14917,212583750,6.904840101783556,7.130523523334593,source_observed,source_year_observed,False,reports/quality/sim_mortality_rates_manifest.json
sim-stomach,SIM,stomach,rest_of_rj_excluding_vr,2024,crude_rate_per_100k,6.771043852337878,1147,16939781,6.3848128176416505,7.174530829820506,source_observed,source_year_observed,False,reports/quality/sim_mortality_rates_manifest.json
sim-stomach,SIM,stomach,rj_total,2024,crude_rate_per_100k,6.7655151992089975,1165,17219679,6.382549013845399,7.165455547895842,source_observed,source_year_observed,False,reports/quality/sim_mortality_rates_manifest.json
sim-stomach,SIM,stomach,volta_redonda,2024,crude_rate_per_100k,6.430914118714674,18,279898,3.81136727679352,10.163616841680891,source_observed,source_year_observed,False,reports/quality/sim_mortality_rates_manifest.json
